Workbook

Sheet Species
A1: order_printed | B1: common_name_printed | C1: scientific_name_printed | D1: species_sci | E1: n_specimens | F1: source_printed | G1: primary_somatosensory_species_level_figure | H1: regional_motor_premotor_sensory_subset | I1: primary_motor_species_level_values_reported | J1: source
A2: Primate | B2: Human | C2: Homo sapiens | D2: Homo sapiens | E2: 3 | F2: Dartmouth Hitchcock Medical Center | G2: TRUE | H2: TRUE | I2: FALSE | J2: Hutsler_etal_2005_Table1
A3: Primate | B3: Gorilla | C3: Gorilla gorilla | D3: Gorilla gorilla | E3: 1 | F3: Harvard Univ. | G3: TRUE | H3: TRUE | I3: FALSE | J3: Hutsler_etal_2005_Table1
A4: Primate | B4: Chimpanzee | C4: Pan troglodytes | D4: Pan troglodytes | E4: 3 | F4: Harvard Univ. (1); Yakovlev Collection (2) | G4: TRUE | H4: TRUE | I4: FALSE | J4: Hutsler_etal_2005_Table1
A5: Primate | B5: Rhesus Macaque | C5: Macaca mulatta | D5: Macaca mulatta | E5: 4 | F5: UC Davis (1); Yakovlev Collection (3) | G5: TRUE | H5: TRUE | I5: FALSE | J5: Hutsler_etal_2005_Table1
A6: Primate | B6: Squirrel Monkey | C6: Saimiri sciureus | D6: Saimiri sciureus | E6: 2 | F6: Yakovlev Collection | G6: TRUE | H6: TRUE | I6: FALSE | J6: Hutsler_etal_2005_Table1
A7: Carnivore | B7: Dog | C7: Canis (lupus) familiaris | D7: Canis lupus familiaris | E7: 3 | F7: Harvard Univ. | G7: TRUE | H7: TRUE | I7: FALSE | J7: Hutsler_etal_2005_Table1
A8: Carnivore | B8: Ferret | C8: Mustela furo | D8: Mustela putorius furo | E8: 1 | F8: Smith College | G8: TRUE | H8: TRUE | I8: FALSE | J8: Hutsler_etal_2005_Table1
A9: Carnivore | B9: Cat | C9: Felis silvestris catus | D9: Felis catus | E9: 2 | F9: UC Davis (1); Yakovlev Collection (1) | G9: TRUE | H9: TRUE | I9: FALSE | J9: Hutsler_etal_2005_Table1
A10: Rodent | B10: Woodchuck | C10: Marmota monax | D10: Marmota monax | E10: 1 | F10: Harvard Univ. | G10: TRUE | H10: TRUE | I10: FALSE | J10: Hutsler_etal_2005_Table1
A11: Rodent | B11: Porcupine | C11: Erethizon dorsatum | D11: Erethizon dorsatum | E11: 1 | F11: Harvard Univ. | G11: TRUE | H11: TRUE | I11: FALSE | J11: Hutsler_etal_2005_Table1
A12: Rodent | B12: Capybara | C12: Hydrochoerus hydrochaeris | D12: Hydrochoerus hydrochaeris | E12: 3 | F12: Yakovlev Collection | G12: TRUE | H12: TRUE | I12: FALSE | J12: Hutsler_etal_2005_Table1
... A15: Rodent | B15: Mouse | C15: Mus musculus | D15: Mus musculus | E15: 3 | F15: Pfizer, Inc. | G15: TRUE | H15: FALSE | I15: FALSE | J15: Hutsler_etal_2005_Table1

Sheet Read Me
A1: Hutsler et al. 2005 — Comparative cortical layering build | B1: Hutsler et al. 2005 — Comparative cortical layering build | C1: Hutsler et al. 2005 — Comparative cortical layering build | D1: Hutsler et al. 2005 — Comparative cortical layering build | E1: Hutsler et al. 2005 — Comparative cortical layering build | F1: Hutsler et al. 2005 — Comparative cortical layering build | G1: Hutsler et al. 2005 — Comparative cortical layering build | H1: Hutsler et al. 2005 — Comparative cortical layering build
A3: Citation | B3: Hutsler JJ, Lee DG, Porter KK (2005). Brain Research 1052:71–81.
A4: DOI | B4: https://doi.org/10.1016/j.brainres.2005.06.015
A5: PMID | B5: 16018988
A6: Species-level data | B6: Figure 3: primary somatosensory cortex only (14 species; digitized).
A7: M1 data | B7: Figure 6 and prose: order-level / pooled summaries only (13 species; mouse excluded).
A8: Primary caution | B8: Figure 3, Figure 6 and narrative group means are not numerically self-consistent.
A9: Figure 6 caution | B9: Axes indicate A=absolute and B=proportional supragranular II/III; caption is internally inconsistent.
A10: Merge status | B10: Local source build complete. Central registry/public TSV intentionally pending curatorial sign-off.
A12: Workbook guide | B12: Workbook guide | C12: Workbook guide | D12: Workbook guide | E12: Workbook guide | F12: Workbook guide | G12: Workbook guide | H12: Workbook guide
A13: Species | B13: Exact Table 1 metadata and analysis-availability flags.
A14: Figure3 S1 | B14: Provisional species-level S1 digitization; keep separate from exact order summaries.
A15: Figure6 regional | B15: Order × region digitization, including the only M1 layer-II/III bars.
A16: Reported values | B16: Exact prose values with conflicts retained and standardized units.
A17: Def ... | B17: Machine-readable data dictionaries for each item.
A18: QA | B18: Formula-driven row checks and Figure 3 vs narrative reconciliation.

Sheet Figure3 S1
A1: order_printed | B1: common_name_printed | C1: scientific_name_printed | D1: species_sci | E1: region | F1: total_cortical_thickness_um | G1: supragranular_II_III_thickness_um | H1: infragranular_V_VI_thickness_um | I1: supragranular_II_III_proportion | J1: infragranular_V_VI_proportion | K1: digitization_uncertainty_um | L1: digitization_uncertainty_proportion | M1: value_basis | N1: digitization_flag | O1: qa_note | P1: source
A2: Primate | B2: Human | C2: Homo sapiens | D2: Homo sapiens | E2: primary somatosensory cortex | F2: 2840 | G2: 1450 | H2: 930 | I2: 0.513 | J2: 0.33 | K2: 25 | L2: 0.01 | M2: digitized from Figure 3 bars | N2: NA | O2: Figure 3-derived order means do not reproduce several narrative/Figure 6 summaries; retain separately. | P2: Hutsler_etal_2005_Figure3
A3: Primate | B3: Gorilla | C3: Gorilla gorilla | D3: Gorilla gorilla | E3: primary somatosensory cortex | F3: 2540 | G3: 1250 | H3: 860 | I3: 0.496 | J3: 0.338 | K3: 25 | L3: 0.01 | M3: digitized from Figure 3 bars | N3: NA | O3: Figure 3-derived order means do not reproduce several narrative/Figure 6 summaries; retain separately. | P3: Hutsler_etal_2005_Figure3
A4: Primate | B4: Chimpanzee | C4: Pan troglodytes | D4: Pan troglodytes | E4: primary somatosensory cortex | F4: 2160 | G4: 1090 | H4: 730 | I4: 0.5 | J4: 0.338 | K4: 25 | L4: 0.01 | M4: digitized from Figure 3 bars | N4: NA | O4: Figure 3-derived order means do not reproduce several narrative/Figure 6 summaries; retain separately. | P4: Hutsler_etal_2005_Figure3
A5: Primate | B5: Rhesus Macaque | C5: Macaca mulatta | D5: Macaca mulatta | E5: primary somatosensory cortex | F5: 2180 | G5: 1000 | H5: 880 | I5: 0.454 | J5: 0.401 | K5: 25 | L5: 0.01 | M5: digitized from Figure 3 bars | N5: NA | O5: Figure 3-derived order means do not reproduce several narrative/Figure 6 summaries; retain separately. | P5: Hutsler_etal_2005_Figure3
A6: Primate | B6: Squirrel Monkey | C6: Saimiri sciureus | D6: Saimiri sciureus | E6: primary somatosensory cortex | F6: 1660 | G6: 840 | H6: 600 | I6: 0.492 | J6: 0.363 | K6: 25 | L6: 0.01 | M6: digitized from Figure 3 bars | N6: NA | O6: Figure 3-derived order means do not reproduce several narrative/Figure 6 summaries; retain separately. | P6: Hutsler_etal_2005_Figure3
A7: Carnivore | B7: Dog | C7: Canis (lupus) familiaris | D7: Canis lupus familiaris | E7: primary somatosensory cortex | F7: 1850 | G7: 690 | H7: 810 | I7: 0.361 | J7: 0.439 | K7: 25 | L7: 0.01 | M7: digitized from Figure 3 bars | N7: NA | O7: Figure 3-derived order means do not reproduce several narrative/Figure 6 summaries; retain separately. | P7: Hutsler_etal_2005_Figure3
A8: Carnivore | B8: Ferret | C8: Mustela furo | D8: Mustela putorius furo | E8: primary somatosensory cortex | F8: 1600 | G8: 670 | H8: 640 | I8: 0.408 | J8: 0.408 | K8: 25 | L8: 0.01 | M8: digitized from Figure 3 bars | N8: NA | O8: Figure 3-derived order means do not reproduce several narrative/Figure 6 summaries; retain separately. | P8: Hutsler_etal_2005_Figure3
A9: Carnivore | B9: Cat | C9: Felis silvestris catus | D9: Felis catus | E9: primary somatosensory cortex | F9: 1640 | G9: 670 | H9: 580 | I9: 0.395 | J9: 0.363 | K9: 25 | L9: 0.01 | M9: digitized from Figure 3 bars | N9: NA | O9: Figure 3-derived order means do not reproduce several narrative/Figure 6 summaries; retain separately. | P9: Hutsler_etal_2005_Figure3
A10: Rodent | B10: Woodchuck | C10: Marmota monax | D10: Marmota monax | E10: primary somatosensory cortex | F10: 2520 | G10: 690 | H10: 1440 | I10: 0.273 | J10: 0.574 | K10: 25 | L10: 0.01 | M10: digitized from Figure 3 bars | N10: NA | O10: Figure 3-derived order means do not reproduce several narrative/Figure 6 summaries; retain separately. | P10: Hutsler_etal_2005_Figure3
A11: Rodent | B11: Porcupine | C11: Erethizon dorsatum | D11: Erethizon dorsatum | E11: primary somatosensory cortex | F11: 2620 | G11: 580 | H11: 1600 | I11: 0.227 | J11: 0.616 | K11: 25 | L11: 0.01 | M11: digitized from Figure 3 bars | N11: NA | O11: Figure 3-derived order means do not reproduce several narrative/Figure 6 summaries; retain separately. | P11: Hutsler_etal_2005_Figure3
A12: Rodent | B12: Capybara | C12: Hydrochoerus hydrochaeris | D12: Hydrochoerus hydrochaeris | E12: primary somatosensory cortex | F12: 1930 | G12: 610 | H12: 1180 | I12: 0.298 | J12: 0.622 | K12: 25 | L12: 0.01 | M12: digitized from Figure 3 bars | N12: Layer IV segment is visually indistinguishable from the boundary line; no positive thickness assigned. | O12: Figure 3-derived order means do not reproduce several narrative/Figure 6 summaries; retain separately. | P12: Hutsler_etal_2005_Figure3
... A15: Rodent | B15: Mouse | C15: Mus musculus | D15: Mus musculus | E15: primary somatosensory cortex | F15: 1030 | G15: 330 | H15: 500 | I15: 0.298 | J15: 0.502 | K15: 25 | L15: 0.01 | M15: digitized from Figure 3 bars | N15: NA | O15: Figure 3-derived order means do not reproduce several narrative/Figure 6 summaries; retain separately. | P15: Hutsler_etal_2005_Figure3

Sheet Figure6 regional
A1: order_printed | B1: region_printed | C1: region | D1: layer_or_compartment | E1: n_species | F1: absolute_thickness_um | G1: proportional_thickness | H1: digitization_uncertainty_um | I1: digitization_uncertainty_proportion | J1: reported_sensory_absolute_um | K1: reported_sensory_proportion | L1: value_basis | M1: caption_flag | N1: source | O1: digitized_minus_reported_sensory_um | P1: digitized_minus_reported_sensory_proportion
A2: Primate | B2: Motor | C2: primary motor cortex | D2: supragranular layers II/III | E2: 5 | F2: 1250 | G2: 0.498 | H2: 10 | I2: 0.005 | J2: NA | K2: NA | L2: digitized from Figure 6 bars | M2: Axes and bars indicate A=absolute and B=proportional supragranular II/III; printed caption is internally inconsistent. | N2: Hutsler_etal_2005_Figure6 | O2: NA | P2: NA
A3: Primate | B3: Premotor | C3: premotor cortex | D3: supragranular layers II/III | E3: 5 | F3: 1120 | G3: 0.474 | H3: 10 | I3: 0.005 | J3: NA | K3: NA | L3: digitized from Figure 6 bars | M3: Axes and bars indicate A=absolute and B=proportional supragranular II/III; printed caption is internally inconsistent. | N3: Hutsler_etal_2005_Figure6 | O3: NA | P3: NA
A4: Primate | B4: Sensory | C4: primary somatosensory cortex | D4: supragranular layers II/III | E4: 5 | F4: 885 | G4: 0.441 | H4: 10 | I4: 0.005 | J4: 867.9 | K4: 0.44 | L4: digitized from Figure 6 bars | M4: Axes and bars indicate A=absolute and B=proportional supragranular II/III; printed caption is internally inconsistent. | N4: Hutsler_etal_2005_Figure6 | O4: 17.1 | P4: 0.001
A5: Carnivore | B5: Motor | C5: primary motor cortex | D5: supragranular layers II/III | E5: 3 | F5: 750 | G5: 0.394 | H5: 10 | I5: 0.005 | J5: NA | K5: NA | L5: digitized from Figure 6 bars | M5: Axes and bars indicate A=absolute and B=proportional supragranular II/III; printed caption is internally inconsistent. | N5: Hutsler_etal_2005_Figure6 | O5: NA | P5: NA
A6: Carnivore | B6: Premotor | C6: premotor cortex | D6: supragranular layers II/III | E6: 3 | F6: 595 | G6: 0.326 | H6: 10 | I6: 0.005 | J6: NA | K6: NA | L6: digitized from Figure 6 bars | M6: Axes and bars indicate A=absolute and B=proportional supragranular II/III; printed caption is internally inconsistent. | N6: Hutsler_etal_2005_Figure6 | O6: NA | P6: NA
A7: Carnivore | B7: Sensory | C7: primary somatosensory cortex | D7: supragranular layers II/III | E7: 3 | F7: 565 | G7: 0.335 | H7: 10 | I7: 0.005 | J7: 567.1 | K7: 0.35 | L7: digitized from Figure 6 bars | M7: Axes and bars indicate A=absolute and B=proportional supragranular II/III; printed caption is internally inconsistent. | N7: Hutsler_etal_2005_Figure6 | O7: -2.10000000000002 | P7: -0.015
A8: Rodent | B8: Motor | C8: primary motor cortex | D8: supragranular layers II/III | E8: 5 | F8: 505 | G8: 0.243 | H8: 10 | I8: 0.005 | J8: NA | K8: NA | L8: digitized from Figure 6 bars | M8: Axes and bars indicate A=absolute and B=proportional supragranular II/III; printed caption is internally inconsistent. | N8: Hutsler_etal_2005_Figure6 | O8: NA | P8: NA
A9: Rodent | B9: Premotor | C9: premotor cortex | D9: supragranular layers II/III | E9: 5 | F9: 485 | G9: 0.229 | H9: 10 | I9: 0.005 | J9: NA | K9: NA | L9: digitized from Figure 6 bars | M9: Axes and bars indicate A=absolute and B=proportional supragranular II/III; printed caption is internally inconsistent. | N9: Hutsler_etal_2005_Figure6 | O9: NA | P9: NA
A10: Rodent | B10: Sensory | C10: primary somatosensory cortex | D10: supragranular layers II/III | E10: 5 | F10: 470 | G10: 0.255 | H10: 10 | I10: 0.005 | J10: 438.2 | K10: 0.26 | L10: digitized from Figure 6 bars | M10: Axes and bars indicate A=absolute and B=proportional supragranular II/III; printed caption is internally inconsistent. | N10: Hutsler_etal_2005_Figure6 | O10: 31.8 | P10: -0.005

Sheet Reported values
A1: scope | B1: region | C1: order | D1: layer_or_compartment | E1: measure | F1: statistic | G1: value | H1: unit | I1: error_type | J1: error_value | K1: value_printed | L1: unit_printed | M1: n_species | N1: source_location | O1: source_context | P1: conflict_group_id | Q1: compatibility | R1: source
A2: main analysis | B2: primary somatosensory cortex | C2: all | D2: supragranular layers II/III | E2: absolute thickness | F2: mean | G2: 624.4 | H2: um | I2: NA | J2: NA | K2: 624.4 | L2: um | M2: 14 | N2: Results p.74 | O2: Grand mean across the species analysis | P2: NA | Q2: exact paper summary; not species-level | R2: Hutsler_etal_2005_ReportedValues
A3: main analysis | B3: primary somatosensory cortex | C3: all | D3: infragranular layers V/VI | E3: absolute thickness | F3: mean | G3: 740.7 | H3: um | I3: NA | J3: NA | K3: 740.7 | L3: um | M3: 14 | N3: Results p.74 | O3: Grand mean across the species analysis | P3: NA | Q3: exact paper summary; not species-level | R3: Hutsler_etal_2005_ReportedValues
A4: main analysis | B4: primary somatosensory cortex | C4: Primate | D4: supragranular layers II/III | E4: absolute thickness | F4: mean | G4: 867.9 | H4: um | I4: NA | J4: NA | K4: 867.9 | L4: um | M4: 5 | N4: Results p.74 | O4: Order mean stated in narrative | P4: s1_supra_absolute | Q4: exact paper summary; conflicts with digitized Figure 3 order mean | R4: Hutsler_etal_2005_ReportedValues
A5: main analysis | B5: primary somatosensory cortex | C5: Carnivore | D5: supragranular layers II/III | E5: absolute thickness | F5: mean | G5: 567.1 | H5: um | I5: NA | J5: NA | K5: 567.1 | L5: um | M5: 3 | N5: Results p.74 | O5: Order mean stated in narrative | P5: s1_supra_absolute | Q5: exact paper summary; conflicts with digitized Figure 3 order mean | R5: Hutsler_etal_2005_ReportedValues
A6: main analysis | B6: primary somatosensory cortex | C6: Rodent | D6: supragranular layers II/III | E6: absolute thickness | F6: mean | G6: 438.2 | H6: um | I6: NA | J6: NA | K6: 438.2 | L6: um | M6: 6 | N6: Results p.74 | O6: Order mean stated in narrative | P6: s1_supra_absolute | Q6: exact paper summary; conflicts with digitized Figure 3 order mean | R6: Hutsler_etal_2005_ReportedValues
A7: main analysis | B7: primary somatosensory cortex | C7: Primate | D7: infragranular layers V/VI | E7: absolute thickness | F7: mean | G7: 670.3 | H7: um | I7: NA | J7: NA | K7: 670.3 | L7: um | M7: 5 | N7: Results p.74 | O7: Order mean stated in narrative | P7: s1_infra_absolute | Q7: exact paper summary | R7: Hutsler_etal_2005_ReportedValues
A8: main analysis | B8: primary somatosensory cortex | C8: Carnivore | D8: infragranular layers V/VI | E8: absolute thickness | F8: mean | G8: 645.9 | H8: um | I8: NA | J8: NA | K8: 645.9 | L8: um | M8: 3 | N8: Results p.74 | O8: Order mean stated in narrative | P8: s1_infra_absolute | Q8: exact paper summary | R8: Hutsler_etal_2005_ReportedValues
A9: main analysis | B9: primary somatosensory cortex | C9: Rodent | D9: infragranular layers V/VI | E9: absolute thickness | F9: mean | G9: 906 | H9: um | I9: NA | J9: NA | K9: 906 | L9: um | M9: 6 | N9: Results p.74 | O9: Order mean stated in narrative | P9: s1_infra_absolute | Q9: exact paper summary | R9: Hutsler_etal_2005_ReportedValues
A10: main analysis | B10: primary somatosensory cortex | C10: Primate | D10: supragranular layers II/III | E10: proportional thickness | F10: mean | G10: 0.44 | H10: proportion | I10: NA | J10: NA | K10: 44 | L10: percent | M10: 5 | N10: Results p.74 | O10: Order mean stated in narrative | P10: supragranular_order_proportions | Q10: exact paper summary; differs from abstract/discussion | R10: Hutsler_etal_2005_ReportedValues
A11: main analysis | B11: primary somatosensory cortex | C11: Carnivore | D11: supragranular layers II/III | E11: proportional thickness | F11: mean | G11: 0.35 | H11: proportion | I11: NA | J11: NA | K11: 35 | L11: percent | M11: 3 | N11: Results p.74 | O11: Order mean stated in narrative | P11: supragranular_order_proportions | Q11: exact paper summary; differs from abstract/discussion | R11: Hutsler_etal_2005_ReportedValues
A12: main analysis | B12: primary somatosensory cortex | C12: Rodent | D12: supragranular layers II/III | E12: proportional thickness | F12: mean | G12: 0.26 | H12: proportion | I12: NA | J12: NA | K12: 26 | L12: percent | M12: 6 | N12: Results p.74 | O12: Order mean stated in narrative | P12: supragranular_order_proportions | Q12: exact paper summary; differs from abstract/discussion | R12: Hutsler_etal_2005_ReportedValues
... A45: abstract/discussion | B45: three cortical regions; aggregation not specified | C45: Rodent | D45: supragranular layers II/III | E45: proportional thickness | F45: mean | G45: 0.19 | H45: proportion | I45: SEM | J45: 0.04 | K45: 19 | L45: percent | M45: NA | N45: Abstract p.71 and Discussion p.77 | O45: Same values repeated in abstract and discussion | P45: supragranular_order_proportions | Q45: exact quote-level summary; conflicts with Results p.74 | R45: Hutsler_etal_2005_ReportedValues

Sheet Def Table1
A1: Code | B1: Definition | C1: Structure | D1: Measure | E1: Stat | F1: role | G1: taxon | H1: Reference | I1: Note | J1: Source Note
A2: order_printed | B2: mammalian order exactly as printed | D2: Order | F2: info | G2: 14 mammal species | H2: Hutsler_etal_2005_Table1 | I2: Paper uses Primate, Carnivore, Rodent | J2: Table 1
A3: common_name_printed | B3: common name exactly as printed | D3: Common name | F3: info | G3: 14 mammal species | H3: Hutsler_etal_2005_Table1 | J3: Table 1
A4: scientific_name_printed | B4: scientific name exactly as printed | D4: Scientific name | F4: info | G4: 14 mammal species | H4: Hutsler_etal_2005_Table1 | I4: Retains historical combinations and the printed Rattus spelling | J4: Table 1
A5: species_sci | B5: project accepted scientific name | D5: Species | F5: primary | G5: 14 mammal species | H5: Hutsler_etal_2005_Table1 | I5: Resolved through Hutsler2005 paper-scoped key rows; proposal remains local pending registry sign-off | J5: not printed
A6: n_specimens | B6: number of specimens | C6: Specimens | D6: count | F6: primary | G6: 14 mammal species | H6: Hutsler_etal_2005_Table1 | I6: 32 specimens total | J6: Table 1
A7: source_printed | B7: tissue source and source-specific quantity exactly as printed | D7: Source | F7: info | G7: 14 mammal species | H7: Hutsler_etal_2005_Table1 | J7: Table 1
A8: primary_somatosensory_species_level_figure | B8: whether Figure 3 contains a species-level bar for primary somatosensory cortex | C8: Primary somatosensory cortex | D8: presence | F8: info | G8: 14 mammal species | H8: Hutsler_etal_2005_Table1 | I8: TRUE for all 14 species | J8: Methods and Figure 3
A9: regional_motor_premotor_sensory_subset | B9: whether the species is in the three-region analysis | C9: Motor/premotor/somatosensory cortex | D9: presence | F9: info | G9: 13 mammal species | H9: Hutsler_etal_2005_Table1 | I9: TRUE for every species except mouse | J9: Results p.76
A10: primary_motor_species_level_values_reported | B10: whether species-level primary motor measurements are numerically reported | C10: Primary motor cortex | D10: presence | F10: info | G10: 14 mammal species | H10: Hutsler_etal_2005_Table1 | I10: FALSE for all species; only order-level regional bars and summaries are available | J10: Figure 6 and Results p.77
A11: source | B11: repository item identifier | D11: Source | F11: info | G11: 14 mammal species | H11: Hutsler_etal_2005_Table1 | J11: derived

Sheet Def Figure3
A1: Code | B1: Definition | C1: Structure | D1: Measure | E1: Stat | F1: role | G1: taxon | H1: Reference | I1: Note | J1: Source Note
A2: order_printed | B2: mammalian order exactly as printed | D2: Order | F2: info | G2: 14 mammal species | H2: Hutsler_etal_2005_Figure3 | J2: Figure 3
A3: common_name_printed | B3: common name from Table 1 | D3: Common name | F3: info | G3: 14 mammal species | H3: Hutsler_etal_2005_Figure3 | I3: Figure 3 uses abbreviations; Table 1 full labels retained | J3: Table 1 / Figure 3
A4: scientific_name_printed | B4: scientific name exactly as printed in Table 1 | D4: Scientific name | F4: info | G4: 14 mammal species | H4: Hutsler_etal_2005_Figure3 | J4: Table 1
A5: species_sci | B5: project accepted scientific name | D5: Species | F5: primary | G5: 14 mammal species | H5: Hutsler_etal_2005_Figure3 | I5: Resolved through Hutsler2005 paper-scoped key rows | J5: not printed
A6: region | B6: cortical region measured | C6: Primary somatosensory cortex | D6: Region | F6: primary | G6: 14 mammal species | H6: Hutsler_etal_2005_Figure3 | I6: Main analysis uses the only region available for all species | J6: Methods / Results p.74
A7: total_cortical_thickness_um | B7: total cortical thickness digitized from panel A | C7: Primary somatosensory cortex | D7: Thickness.um | F7: primary | G7: 14 mammal species | H7: Hutsler_etal_2005_Figure3 | I7: Rounded to nearest 10 um; approximate | J7: Figure 3A
A8: supragranular_II_III_thickness_um | B8: layers II/III thickness digitized from panel A | C8: Primary somatosensory cortex | D8: Thickness.um | F8: primary | G8: 14 mammal species | H8: Hutsler_etal_2005_Figure3 | I8: Rounded to nearest 10 um; approximate and internally inconsistent with narrative order means | J8: Figure 3A
A9: infragranular_V_VI_thickness_um | B9: layers V/VI combined thickness digitized from panel A | C9: Primary somatosensory cortex | D9: Thickness.um | F9: primary | G9: 14 mammal species | H9: Hutsler_etal_2005_Figure3 | I9: Rounded to nearest 10 um; approximate | J9: Figure 3A
A10: supragranular_II_III_proportion | B10: layers II/III proportion digitized from panel B | C10: Primary somatosensory cortex | D10: proportion | F10: primary | G10: 14 mammal species | H10: Hutsler_etal_2005_Figure3 | I10: 0-1 proportion; approximate and internally inconsistent with narrative order means | J10: Figure 3B
A11: infragranular_V_VI_proportion | B11: layers V/VI combined proportion digitized from panel B | C11: Primary somatosensory cortex | D11: proportion | F11: primary | G11: 14 mammal species | H11: Hutsler_etal_2005_Figure3 | I11: 0-1 proportion; approximate | J11: Figure 3B
A12: digitization_uncertainty_um | B12: conservative uncertainty assigned to digitized absolute boundaries | C12: Primary somatosensory cortex | D12: Thickness.um | F12: note | G12: 14 mammal species | H12: Hutsler_etal_2005_Figure3 | I12: 25 um | J12: derived from pixel scale
A13: digitization_uncertainty_proportion | B13: conservative uncertainty assigned to digitized proportional boundaries | C13: Primary somatosensory cortex | D13: proportion | F13: note | G13: 14 mammal species | H13: Hutsler_etal_2005_Figure3 | I13: 0.010 = 1 percentage point | J13: derived from pixel scale
A14: value_basis | B14: provenance class of the value | D14: Basis | F14: info | G14: 14 mammal species | H14: Hutsler_etal_2005_Figure3 | J14: derived
A15: digitization_flag | B15: row-specific digitization caveat | D15: Flag | F15: note | G15: 14 mammal species | H15: Hutsler_etal_2005_Figure3 | I15: Capybara layer IV boundary is unresolved | J15: visual QA
A16: qa_note | B16: paper-level reconciliation warning | D16: Flag | F16: note | G16: 14 mammal species | H16: Hutsler_etal_2005_Figure3 | I16: Prevents silent pooling with exact narrative or Figure 6 summaries | J16: QA
A17: source | B17: repository item identifier | D17: Source | F17: info | G17: 14 mammal species | H17: Hutsler_etal_2005_Figure3 | J17: derived
A18: Method:pixel_calibration | B18: Panel A: y=287.5 is 0 um and y=45.5 is 3000 um; panel B: y=711.5 is 0 and y=473.5 is 100% | F18: method | G18: 14 mammal species | H18: Hutsler_etal_2005_Figure3 | I18: Coordinates refer to the embedded 646 x 834 JPEG | J18: manual reviewed digitization

Sheet Def Figure6
A1: Code | B1: Definition | C1: Structure | D1: Measure | E1: Stat | F1: role | G1: taxon | H1: Reference | I1: Note | J1: Source Note
A2: order_printed | B2: mammalian order exactly as printed | D2: Order | F2: info | G2: 13 mammal species | H2: Hutsler_etal_2005_Figure6 | I2: Mouse excluded | J2: Figure 6
A3: region_printed | B3: region label exactly as printed in legend | D3: Region | F3: info | G3: 13 mammal species | H3: Hutsler_etal_2005_Figure6 | J3: Figure 6
A4: region | B4: standardized cortical region | D4: Region | F4: primary | G4: 13 mammal species | H4: Hutsler_etal_2005_Figure6 | J4: derived
A5: layer_or_compartment | B5: laminar compartment represented by both panels | C5: Regional cortex | D5: Layer | F5: primary | G5: 13 mammal species | H5: Hutsler_etal_2005_Figure6 | I5: Interpreted as supragranular II/III from axes/bar heights; caption is inconsistent | J5: Figure 6
A6: n_species | B6: number of species contributing to each order | C6: Regional cortex | D6: count | F6: info | G6: 13 mammal species | H6: Hutsler_etal_2005_Figure6 | I6: Primate 5, carnivore 3, rodent 5 | J6: Methods / Results p.76
A7: absolute_thickness_um | B7: order mean supragranular thickness digitized from panel A | C7: Regional cortex | D7: Thickness.um | E7: mean | F7: primary | G7: 13 mammal species | H7: Hutsler_etal_2005_Figure6 | I7: Rounded to nearest 5 um; approximate | J7: Figure 6A axis
A8: proportional_thickness | B8: order mean supragranular proportion digitized from panel B | C8: Regional cortex | D8: proportion | E8: mean | F8: primary | G8: 13 mammal species | H8: Hutsler_etal_2005_Figure6 | I8: 0-1 proportion; approximate | J8: Figure 6B axis
A9: digitization_uncertainty_um | B9: conservative uncertainty for absolute bar height | C9: Regional cortex | D9: Thickness.um | F9: note | G9: 13 mammal species | H9: Hutsler_etal_2005_Figure6 | I9: 10 um | J9: derived from pixel scale
A10: digitization_uncertainty_proportion | B10: conservative uncertainty for proportional bar height | C10: Regional cortex | D10: proportion | F10: note | G10: 13 mammal species | H10: Hutsler_etal_2005_Figure6 | I10: 0.005 = 0.5 percentage point | J10: derived from pixel scale
A11: reported_sensory_absolute_um | B11: exact narrative sensory order mean for reconciliation | C11: Primary somatosensory cortex | D11: Thickness.um | E11: mean | F11: secondary | G11: 13 mammal species | H11: Hutsler_etal_2005_Figure6 | I11: Present only on sensory rows | J11: Results p.74
A12: reported_sensory_proportion | B12: exact narrative sensory order mean for reconciliation | C12: Primary somatosensory cortex | D12: proportion | E12: mean | F12: secondary | G12: 13 mammal species | H12: Hutsler_etal_2005_Figure6 | I12: Present only on sensory rows | J12: Results p.74
A13: value_basis | B13: provenance class of the value | D13: Basis | F13: info | G13: 13 mammal species | H13: Hutsler_etal_2005_Figure6 | J13: derived
A14: caption_flag | B14: internal caption/axis inconsistency warning | D14: Flag | F14: note | G14: 13 mammal species | H14: Hutsler_etal_2005_Figure6 | I14: Do not relabel panel B as infragranular without primary clarification | J14: Figure 6 caption and axes
A15: source | B15: repository item identifier | D15: Source | F15: info | G15: 13 mammal species | H15: Hutsler_etal_2005_Figure6 | J15: derived
A16: digitized_minus_reported_sensory_um | B16: digitized sensory bar minus exact narrative sensory mean | C16: Primary somatosensory cortex | D16: Thickness.um | E16: difference | F16: note | G16: 13 mammal species | H16: Hutsler_etal_2005_Figure6 | I16: QA only; NA outside sensory | J16: derived
A17: digitized_minus_reported_sensory_proportion | B17: digitized sensory bar minus exact narrative sensory mean | C17: Primary somatosensory cortex | D17: proportion | E17: difference | F17: note | G17: 13 mammal species | H17: Hutsler_etal_2005_Figure6 | I17: QA only; NA outside sensory | J17: derived
A18: Method:pixel_calibration | B18: Panel A: y=348 is 0 um and y=51 is 1600 um; panel B: y=759 is 0 and y=465 is 60% | F18: method | G18: 13 mammal species | H18: Hutsler_etal_2005_Figure6 | I18: Coordinates refer to the embedded 591 x 788 JPEG | J18: manual reviewed digitization

Sheet Def Reported
A1: Code | B1: Definition | C1: Structure | D1: Measure | E1: Stat | F1: role | G1: taxon | H1: Reference | I1: Note | J1: Source Note
A2: scope | B2: analysis stratum named in the paper | D2: Scope | F2: info | G2: 14 mammal species | H2: Hutsler_etal_2005_ReportedValues | I2: Separates main S1 regional and abstract/discussion summaries | J2: prose
A3: region | B3: cortical region or stated aggregation | D3: Region | F3: primary | G3: 14 mammal species | H3: Hutsler_etal_2005_ReportedValues | J3: prose
A4: order | B4: mammalian order or all | D4: Order | F4: primary | G4: 14 mammal species | H4: Hutsler_etal_2005_ReportedValues | J4: prose
A5: layer_or_compartment | B5: layer or composite laminar compartment | C5: Regional cortex | D5: Layer | F5: primary | G5: 14 mammal species | H5: Hutsler_etal_2005_ReportedValues | J5: prose
A6: measure | B6: absolute or proportional thickness | C6: Regional cortex | D6: Measure | F6: primary | G6: 14 mammal species | H6: Hutsler_etal_2005_ReportedValues | J6: prose
A7: statistic | B7: statistic printed for value | C7: Regional cortex | D7: Statistic | F7: primary | G7: 14 mammal species | H7: Hutsler_etal_2005_ReportedValues | I7: mean, range_min, or range_max | J7: prose
A8: value | B8: standardized numeric value | C8: Regional cortex | D8: value | F8: primary | G8: 14 mammal species | H8: Hutsler_etal_2005_ReportedValues | I8: Percent values divided by 100; um unchanged | J8: derived from printed value
A9: unit | B9: standardized unit | C9: Regional cortex | D9: unit | F9: primary | G9: 14 mammal species | H9: Hutsler_etal_2005_ReportedValues | I9: proportion or um | J9: derived
A10: error_type | B10: type of printed uncertainty | C10: Regional cortex | D10: uncertainty | F10: primary | G10: 14 mammal species | H10: Hutsler_etal_2005_ReportedValues | I10: SEM only for abstract/discussion rows | J10: prose
A11: error_value | B11: standardized error magnitude | C11: Regional cortex | D11: uncertainty | F11: primary | G11: 14 mammal species | H11: Hutsler_etal_2005_ReportedValues | I11: Percent SEM divided by 100 | J11: derived
A12: value_printed | B12: numeric value as printed | C12: Regional cortex | D12: value | F12: info | G12: 14 mammal species | H12: Hutsler_etal_2005_ReportedValues | J12: prose
A13: unit_printed | B13: unit form used in the text | C13: Regional cortex | D13: unit | F13: info | G13: 14 mammal species | H13: Hutsler_etal_2005_ReportedValues | J13: prose
A14: n_species | B14: species count for the stated scope | C14: Regional cortex | D14: count | F14: info | G14: 14 mammal species | H14: Hutsler_etal_2005_ReportedValues | I14: Blank where aggregation is not specified | J14: Methods / Results
A15: source_location | B15: page and section location | D15: Source location | F15: info | G15: 14 mammal species | H15: Hutsler_etal_2005_ReportedValues | J15: prose
A16: source_context | B16: short audit note | D16: Note | F16: info | G16: 14 mammal species | H16: Hutsler_etal_2005_ReportedValues | J16: curation
A17: conflict_group_id | B17: identifier tying mutually inconsistent printed summaries | D17: Conflict | F17: note | G17: 14 mammal species | H17: Hutsler_etal_2005_ReportedValues | I17: No conflicting value is silently selected | J17: QA
A18: compatibility | B18: intended use and granularity warning | D18: Compatibility | F18: note | G18: 14 mammal species | H18: Hutsler_etal_2005_ReportedValues | I18: M1 entries are order/region summaries only | J18: curation
A19: source | B19: repository item identifier | D19: Source | F19: info | G19: 14 mammal species | H19: Hutsler_etal_2005_ReportedValues | J19: derived

Sheet QA
A1: Build QA and source reconciliation | B1: Build QA and source reconciliation | C1: Build QA and source reconciliation | D1: Build QA and source reconciliation | E1: Build QA and source reconciliation | F1: Build QA and source reconciliation | G1: Build QA and source reconciliation | H1: Build QA and source reconciliation | I1: Build QA and source reconciliation | J1: Build QA and source reconciliation
A3: Row-count check | B3: Result | C3: Expected | D3: Status
A4: Species | B4: =COUNTA('Species'!A2:A15) -> 14 | C4: 14 | D4: =IF(B4=C4,"OK","CHECK") -> OK
A5: Figure3 S1 | B5: =COUNTA('Figure3 S1'!A2:A15) -> 14 | C5: 14 | D5: =IF(B5=C5,"OK","CHECK") -> OK
A6: Figure6 regional | B6: =COUNTA('Figure6 regional'!A2:A10) -> 9 | C6: 9 | D6: =IF(B6=C6,"OK","CHECK") -> OK
A7: Reported values | B7: =COUNTA('Reported values'!A2:A45) -> 44 | C7: 44 | D7: =IF(B7=C7,"OK","CHECK") -> OK
A9: Order | B9: Fig3 supra µm | C9: Reported supra µm | D9: Difference µm | E9: Fig3 supra proportion | F9: Reported proportion | G9: Difference | H9: M1 Fig6 supra µm | I9: M1 Fig6 proportion | J9: Interpretation
A10: Primate | B10: =AVERAGEIF('Figure3 S1'!$A$2:$A$15,$A10,'Figure3 S1'!$G$2:$G$15) -> 1126 | C10: ='Reported values'!G4 -> 867.9 | D10: =B10-C10 -> 258.1 | E10: =AVERAGEIF('Figure3 S1'!$A$2:$A$15,$A10,'Figure3 S1'!$I$2:$I$15) -> 0.491 | F10: ='Reported values'!G10 -> 0.44 | G10: =E10-F10 -> 0.051 | H10: ='Figure6 regional'!F2 -> 1250 | I10: ='Figure6 regional'!G2 -> 0.498 | J10: Figure 3 species bars conflict with narrative means; M1 is order-level only.
A11: Carnivore | B11: =AVERAGEIF('Figure3 S1'!$A$2:$A$15,$A11,'Figure3 S1'!$G$2:$G$15) -> 676.66667 | C11: ='Reported values'!G5 -> 567.1 | D11: =B11-C11 -> 109.56667 | E11: =AVERAGEIF('Figure3 S1'!$A$2:$A$15,$A11,'Figure3 S1'!$I$2:$I$15) -> 0.388 | F11: ='Reported values'!G11 -> 0.35 | G11: =E11-F11 -> 0.038 | H11: ='Figure6 regional'!F5 -> 750 | I11: ='Figure6 regional'!G5 -> 0.394 | J11: Figure 3 species bars conflict with narrative means; M1 is order-level only.
A12: Rodent | B12: =AVERAGEIF('Figure3 S1'!$A$2:$A$15,$A12,'Figure3 S1'!$G$2:$G$15) -> 523.33333 | C12: ='Reported values'!G6 -> 438.2 | D12: =B12-C12 -> 85.133333 | E12: =AVERAGEIF('Figure3 S1'!$A$2:$A$15,$A12,'Figure3 S1'!$I$2:$I$15) -> 0.278 | F12: ='Reported values'!G12 -> 0.26 | G12: =E12-F12 -> 0.018 | H12: ='Figure6 regional'!F8 -> 505 | I12: ='Figure6 regional'!G8 -> 0.243 | J12: Figure 3 species bars conflict with narrative means; M1 is order-level only.
