Workbook

Sheet Sheet1
A1: Citation (APA 7th-Annotated) | B1: sequence | C1: xml:space="preserve">DOI if different from article or doi Alt | D1: Item number | E1: end | F1: Publication name | G1: 1st Author | H1: other author(s) | I1: year | J1: DOI (or Alt) | K1: Item name | L1: Item encoded | M1: Item in directory FileList | N1: Item full original title | O1: Note about item | P1: Progress stage | Q1: Online Database | R1: Snapshot | S1: Adjustment made | T1: Data readable file, can use this | U1: Source Type | V1: Source format | W1: Source URL direct access | X1: Source URL link | Y1: Team | Z1: Collection | AA1: Possible Traits | AB1: Note | AC1: Flags pre-addressed | AD1: Flags possible | AE1: Flags active (skips) | AF1: Sample type | AG1: Method | AH1: Subcategory | AI1: Main Trait(s) | AJ1: Taxon group | AK1: Source type | AL1: Data role (primary/secondary/both) | AM1: Measure type
A2: Andelin, A. K., Olavarria, J. F., Fine, I., Taber, E. N., Schwartz, D., Kroenke, C. D., & Stevens, A. A. (2019). The Effect of Onset Age of Visual Deprivation on Visual Cortex Surface Area Across-Species. Cereb Cortex, 29(10), 4321-4333. https://doi.org/10.1093/cercor/bhy315 | D2: Table 4 | E2: =RIGHT(A2,1) | F2: =G2 & IF(H2<>"", "_" & H2, "_") & IF(I2<>"", "_" & I2, "_") & IF(B2<>"", "_" & B2, "") | G2: =SUBSTITUTE(SUBSTITUTE(_xlfn.TEXTBEFORE(A2,","), "-", ""), " ", "") | H2: =_xlfn.LET( _xlpm.authors,_xlfn.TEXTBEFORE(A2," ("&I2&")"), _xlpm.hasAmp,ISNUMBER(SEARCH("&",_xlpm.authors)), _xlpm.commasBeforeAmp,IF(_xlpm.hasAmp,LEN(_xlfn.TEXTBEFORE(_xlpm.authors,"&"))-LEN(SUBSTITUTE(_xlfn.TEXTBEFORE(_xlpm.authors,"&"),",","")),0), IF(NOT(_xlpm.hasAmp),"",IF(_xlpm.commasBeforeAmp>2,"etal",TRIM(_xlfn.TEXTBEFORE(_xlfn.TEXTAFTER(_xlpm.authors,"& "),",")))) ) | I2: =_xlfn.TEXTBEFORE(_xlfn.TEXTAFTER(A2, "("), ")") | J2: =_xlfn.LET( _xlpm.doi,IF(C2<>"",C2,_xlfn.TEXTAFTER(A2,"https://doi.org/")), SUBSTITUTE( SUBSTITUTE( SUBSTITUTE( SUBSTITUTE( _xlpm.doi, "/","%2F"), ":","%3A"), "<","%3C"), ">","%3E") ) | K2: =TRIM(_xlfn.TEXTJOIN("_",FALSE(),F2,(SUBSTITUTE(SUBSTITUTE(D2," ",""), "_", "")))) | L2: =J2 & "_" & SUBSTITUTE(SUBSTITUTE(SUBSTITUTE(D2,CHAR(160),"")," ",""),"_","") | M2: {=IFERROR(INDEX(FileList!$A$1:$A$1000,MATCH(TRUE(),EXACT(L2,IFERROR(_xlfn.TEXTBEFORE(FileList!$A$1:$A$1000,".tsv"),"")),0)),"notfound")} | P2: FINISHED | V2: table | AJ2: review | AL2: review | AM2: review
A3: Ashwell, K. W. S. (2020). Quantitative analysis of cerebellar morphology in monotreme, metatherian and eutherian mammals. Zoology (Jena), 139, 125753. https://doi.org/10.1016/j.zool.2020.125753 | D3: Supplementary Table | E3: =RIGHT(A3,1) | F3: =G3 & IF(H3<>"", "_" & H3, "_") & IF(I3<>"", "_" & I3, "_") & IF(B3<>"", "_" & B3, "") | G3: =SUBSTITUTE(SUBSTITUTE(_xlfn.TEXTBEFORE(A3,","), "-", ""), " ", "") | H3: =_xlfn.LET( _xlpm.authors,_xlfn.TEXTBEFORE(A3," ("&I3&")"), _xlpm.hasAmp,ISNUMBER(SEARCH("&",_xlpm.authors)), _xlpm.commasBeforeAmp,IF(_xlpm.hasAmp,LEN(_xlfn.TEXTBEFORE(_xlpm.authors,"&"))-LEN(SUBSTITUTE(_xlfn.TEXTBEFORE(_xlpm.authors,"&"),",","")),0), IF(NOT(_xlpm.hasAmp),"",IF(_xlpm.commasBeforeAmp>2,"etal",TRIM(_xlfn.TEXTBEFORE(_xlfn.TEXTAFTER(_xlpm.authors,"& "),",")))) ) | I3: =_xlfn.TEXTBEFORE(_xlfn.TEXTAFTER(A3, "("), ")") | J3: =_xlfn.LET( _xlpm.doi,IF(C3<>"",C3,_xlfn.TEXTAFTER(A3,"https://doi.org/")), SUBSTITUTE( SUBSTITUTE( SUBSTITUTE( SUBSTITUTE( _xlpm.doi, "/","%2F"), ":","%3A"), "<","%3C"), ">","%3E") ) | K3: =TRIM(_xlfn.TEXTJOIN("_",FALSE(),F3,(SUBSTITUTE(SUBSTITUTE(D3," ",""), "_", "")))) | L3: =J3 & "_" & SUBSTITUTE(SUBSTITUTE(SUBSTITUTE(D3,CHAR(160),"")," ",""),"_","") | M3: {=IFERROR(INDEX(FileList!$A$1:$A$1000,MATCH(TRUE(),EXACT(L3,IFERROR(_xlfn.TEXTBEFORE(FileList!$A$1:$A$1000,".tsv"),"")),0)),"notfound")} | N3: Supplementary Table. Cerebellar Morphology Data | P3: FINISHED | Y3: Ashwell
A4: Avelino-de-Souza, K., Patzke, N., Karlsson, K. A. E., Manger, P. R., & Herculano-Houzel, S. (2025). Cellular Composition of the Brain of a Northern Minke Whale. J Comp Neurol, 533(9), e70089. https://doi.org/10.1002/cne.70089 | D4: TABLE 1 | E4: =RIGHT(A4,1) | F4: =G4 & IF(H4<>"", "_" & H4, "_") & IF(I4<>"", "_" & I4, "_") & IF(B4<>"", "_" & B4, "") | G4: =SUBSTITUTE(SUBSTITUTE(_xlfn.TEXTBEFORE(A4,","), "-", ""), " ", "") | H4: =_xlfn.LET( _xlpm.authors,_xlfn.TEXTBEFORE(A4," ("&I4&")"), _xlpm.hasAmp,ISNUMBER(SEARCH("&",_xlpm.authors)), _xlpm.commasBeforeAmp,IF(_xlpm.hasAmp,LEN(_xlfn.TEXTBEFORE(_xlpm.authors,"&"))-LEN(SUBSTITUTE(_xlfn.TEXTBEFORE(_xlpm.authors,"&"),",","")),0), IF(NOT(_xlpm.hasAmp),"",IF(_xlpm.commasBeforeAmp>2,"etal",TRIM(_xlfn.TEXTBEFORE(_xlfn.TEXTAFTER(_xlpm.authors,"& "),",")))) ) | I4: =_xlfn.TEXTBEFORE(_xlfn.TEXTAFTER(A4, "("), ")") | J4: =_xlfn.LET( _xlpm.doi,IF(C4<>"",C4,_xlfn.TEXTAFTER(A4,"https://doi.org/")), SUBSTITUTE( SUBSTITUTE( SUBSTITUTE( SUBSTITUTE( _xlpm.doi, "/","%2F"), ":","%3A"), "<","%3C"), ">","%3E") ) | K4: =TRIM(_xlfn.TEXTJOIN("_",FALSE(),F4,(SUBSTITUTE(SUBSTITUTE(D4," ",""), "_", "")))) | L4: =J4 & "_" & SUBSTITUTE(SUBSTITUTE(SUBSTITUTE(D4,CHAR(160),"")," ",""),"_","") | M4: {=IFERROR(INDEX(FileList!$A$1:$A$1000,MATCH(TRUE(),EXACT(L4,IFERROR(_xlfn.TEXTBEFORE(FileList!$A$1:$A$1000,".tsv"),"")),0)),"notfound")} | N4: Table 1. Cellular composition of the brain of a Northern minke whale (Balaenoptera acutorostrata) | P4: FINISHED | Q4: added | R4: AvelinodeSouza_etal_2025_TABLE1_snapshot.csv | S4: Y | T4: AvelinodeSouza_etal_2025_TABLE1.csv | U4: pdf | V4: table | W4: https://onlinelibrary.wiley.com/doi/10.1002/cne.70089 | X4: https://doi.org/10.1002/cne.70089 | Y4: HH | AG4: isotropic fractionator | AH4: placental mammals | AI4: neuron number | AJ4: Cetaceans & other placental mammals | AK4: primary | AL4: primary | AM4: cell count (isotropic fractionator)
A5: Baker, J., Barton, R. A., & Venditti, C. (2025). Human dexterity and brains evolved hand in hand. Communications Biology, 8(1). https://doi.org/10.1038/s42003-025-08686-5 | D5: Supplementary Data 1 | E5: =RIGHT(A5,1) | F5: =G5 & IF(H5<>"", "_" & H5, "_") & IF(I5<>"", "_" & I5, "_") & IF(B5<>"", "_" & B5, "") | G5: =SUBSTITUTE(SUBSTITUTE(_xlfn.TEXTBEFORE(A5,","), "-", ""), " ", "") | H5: =_xlfn.LET( _xlpm.authors,_xlfn.TEXTBEFORE(A5," ("&I5&")"), _xlpm.hasAmp,ISNUMBER(SEARCH("&",_xlpm.authors)), _xlpm.commasBeforeAmp,IF(_xlpm.hasAmp,LEN(_xlfn.TEXTBEFORE(_xlpm.authors,"&"))-LEN(SUBSTITUTE(_xlfn.TEXTBEFORE(_xlpm.authors,"&"),",","")),0), IF(NOT(_xlpm.hasAmp),"",IF(_xlpm.commasBeforeAmp>2,"etal",TRIM(_xlfn.TEXTBEFORE(_xlfn.TEXTAFTER(_xlpm.authors,"& "),",")))) ) | I5: =_xlfn.TEXTBEFORE(_xlfn.TEXTAFTER(A5, "("), ")") | J5: =_xlfn.LET( _xlpm.doi,IF(C5<>"",C5,_xlfn.TEXTAFTER(A5,"https://doi.org/")), SUBSTITUTE( SUBSTITUTE( SUBSTITUTE( SUBSTITUTE( _xlpm.doi, "/","%2F"), ":","%3A"), "<","%3C"), ">","%3E") ) | K5: =TRIM(_xlfn.TEXTJOIN("_",FALSE(),F5,(SUBSTITUTE(SUBSTITUTE(D5," ",""), "_", "")))) | L5: =J5 & "_" & SUBSTITUTE(SUBSTITUTE(SUBSTITUTE(D5,CHAR(160),"")," ",""),"_","") | M5: {=IFERROR(INDEX(FileList!$A$1:$A$1000,MATCH(TRUE(),EXACT(L5,IFERROR(_xlfn.TEXTBEFORE(FileList!$A$1:$A$1000,".tsv"),"")),0)),"notfound")}
A6: Balzeau, A., Holloway, R. L., & Grimaud-Herve, D. (2012). Variations and asymmetries in regional brain surface in the genus Homo. J Hum Evol, 62(6), 696-706. https://doi.org/10.1016/j.jhevol.2012.03.007 | D6: Table 3 | E6: =RIGHT(A6,1) | F6: =G6 & IF(H6<>"", "_" & H6, "_") & IF(I6<>"", "_" & I6, "_") & IF(B6<>"", "_" & B6, "") | G6: =SUBSTITUTE(SUBSTITUTE(_xlfn.TEXTBEFORE(A6,","), "-", ""), " ", "") | H6: =_xlfn.LET( _xlpm.authors,_xlfn.TEXTBEFORE(A6," ("&I6&")"), _xlpm.hasAmp,ISNUMBER(SEARCH("&",_xlpm.authors)), _xlpm.commasBeforeAmp,IF(_xlpm.hasAmp,LEN(_xlfn.TEXTBEFORE(_xlpm.authors,"&"))-LEN(SUBSTITUTE(_xlfn.TEXTBEFORE(_xlpm.authors,"&"),",","")),0), IF(NOT(_xlpm.hasAmp),"",IF(_xlpm.commasBeforeAmp>2,"etal",TRIM(_xlfn.TEXTBEFORE(_xlfn.TEXTAFTER(_xlpm.authors,"& "),",")))) ) | I6: =_xlfn.TEXTBEFORE(_xlfn.TEXTAFTER(A6, "("), ")") | J6: =_xlfn.LET( _xlpm.doi,IF(C6<>"",C6,_xlfn.TEXTAFTER(A6,"https://doi.org/")), SUBSTITUTE( SUBSTITUTE( SUBSTITUTE( SUBSTITUTE( _xlpm.doi, "/","%2F"), ":","%3A"), "<","%3C"), ">","%3E") ) | K6: =TRIM(_xlfn.TEXTJOIN("_",FALSE(),F6,(SUBSTITUTE(SUBSTITUTE(D6," ",""), "_", "")))) | L6: =J6 & "_" & SUBSTITUTE(SUBSTITUTE(SUBSTITUTE(D6,CHAR(160),"")," ",""),"_","") | M6: {=IFERROR(INDEX(FileList!$A$1:$A$1000,MATCH(TRUE(),EXACT(L6,IFERROR(_xlfn.TEXTBEFORE(FileList!$A$1:$A$1000,".tsv"),"")),0)),"notfound")} | N6: Table 3 Size-corrected dimensions for the surface of the frontal, parieto-temporal and occipital lobes in the different analysed samples.
A7: Balzeau, A., Holloway, R. L., & Grimaud-Herve, D. (2012). Variations and asymmetries in regional brain surface in the genus Homo. J Hum Evol, 62(6), 696-706. https://doi.org/10.1016/j.jhevol.2012.03.007 | D7: Table 5 | E7: =RIGHT(A7,1) | F7: =G7 & IF(H7<>"", "_" & H7, "_") & IF(I7<>"", "_" & I7, "_") & IF(B7<>"", "_" & B7, "") | G7: =SUBSTITUTE(SUBSTITUTE(_xlfn.TEXTBEFORE(A7,","), "-", ""), " ", "") | H7: =_xlfn.LET( _xlpm.authors,_xlfn.TEXTBEFORE(A7," ("&I7&")"), _xlpm.hasAmp,ISNUMBER(SEARCH("&",_xlpm.authors)), _xlpm.commasBeforeAmp,IF(_xlpm.hasAmp,LEN(_xlfn.TEXTBEFORE(_xlpm.authors,"&"))-LEN(SUBSTITUTE(_xlfn.TEXTBEFORE(_xlpm.authors,"&"),",","")),0), IF(NOT(_xlpm.hasAmp),"",IF(_xlpm.commasBeforeAmp>2,"etal",TRIM(_xlfn.TEXTBEFORE(_xlfn.TEXTAFTER(_xlpm.authors,"& "),",")))) ) | I7: =_xlfn.TEXTBEFORE(_xlfn.TEXTAFTER(A7, "("), ")") | J7: =_xlfn.LET( _xlpm.doi,IF(C7<>"",C7,_xlfn.TEXTAFTER(A7,"https://doi.org/")), SUBSTITUTE( SUBSTITUTE( SUBSTITUTE( SUBSTITUTE( _xlpm.doi, "/","%2F"), ":","%3A"), "<","%3C"), ">","%3E") ) | K7: =TRIM(_xlfn.TEXTJOIN("_",FALSE(),F7,(SUBSTITUTE(SUBSTITUTE(D7," ",""), "_", "")))) | L7: =J7 & "_" & SUBSTITUTE(SUBSTITUTE(SUBSTITUTE(D7,CHAR(160),"")," ",""),"_","") | M7: {=IFERROR(INDEX(FileList!$A$1:$A$1000,MATCH(TRUE(),EXACT(L7,IFERROR(_xlfn.TEXTBEFORE(FileList!$A$1:$A$1000,".tsv"),"")),0)),"notfound")} | N7: Table 5 Percentage contribution of frontal, parieto-temporal and occipital lobes to the hemispheres.
A8: Barbeito-Andres, J., Castro-Fonseca, E., Qiu, L. R., Bernal, V., Lent, R., Henkelman, M., Lukowiak, K., Gleiser, P. M., Hallgrimsson, B., & Gonzalez, P. N. (2019). Region-specific changes in Mus musculus brain size and cell composition under chronic nutrient restriction. J Exp Biol, 222(Pt 17). https://doi.org/10.1242/jeb.204651 | D8: cell density | E8: =RIGHT(A8,1) | F8: =G8 & IF(H8<>"", "_" & H8, "_") & IF(I8<>"", "_" & I8, "_") & IF(B8<>"", "_" & B8, "") | G8: =SUBSTITUTE(SUBSTITUTE(_xlfn.TEXTBEFORE(A8,","), "-", ""), " ", "") | H8: =_xlfn.LET( _xlpm.authors,_xlfn.TEXTBEFORE(A8," ("&I8&")"), _xlpm.hasAmp,ISNUMBER(SEARCH("&",_xlpm.authors)), _xlpm.commasBeforeAmp,IF(_xlpm.hasAmp,LEN(_xlfn.TEXTBEFORE(_xlpm.authors,"&"))-LEN(SUBSTITUTE(_xlfn.TEXTBEFORE(_xlpm.authors,"&"),",","")),0), IF(NOT(_xlpm.hasAmp),"",IF(_xlpm.commasBeforeAmp>2,"etal",TRIM(_xlfn.TEXTBEFORE(_xlfn.TEXTAFTER(_xlpm.authors,"& "),",")))) ) | I8: =_xlfn.TEXTBEFORE(_xlfn.TEXTAFTER(A8, "("), ")") | J8: =_xlfn.LET( _xlpm.doi,IF(C8<>"",C8,_xlfn.TEXTAFTER(A8,"https://doi.org/")), SUBSTITUTE( SUBSTITUTE( SUBSTITUTE( SUBSTITUTE( _xlpm.doi, "/","%2F"), ":","%3A"), "<","%3C"), ">","%3E") ) | K8: =TRIM(_xlfn.TEXTJOIN("_",FALSE(),F8,(SUBSTITUTE(SUBSTITUTE(D8," ",""), "_", "")))) | L8: =J8 & "_" & SUBSTITUTE(SUBSTITUTE(SUBSTITUTE(D8,CHAR(160),"")," ",""),"_","") | M8: {=IFERROR(INDEX(FileList!$A$1:$A$1000,MATCH(TRUE(),EXACT(L8,IFERROR(_xlfn.TEXTBEFORE(FileList!$A$1:$A$1000,".tsv"),"")),0)),"notfound")} | AG8: isotropic fractionator | AJ8: review | AL8: review | AM8: review
A9: Barbeito-Andres, J., Castro-Fonseca, E., Qiu, L. R., Bernal, V., Lent, R., Henkelman, M., Lukowiak, K., Gleiser, P. M., Hallgrimsson, B., & Gonzalez, P. N. (2019). Region-specific changes in Mus musculus brain size and cell composition under chronic nutrient restriction. J Exp Biol, 222(Pt 17). https://doi.org/10.1242/jeb.204651 | D9: cell number | E9: =RIGHT(A9,1) | F9: =G9 & IF(H9<>"", "_" & H9, "_") & IF(I9<>"", "_" & I9, "_") & IF(B9<>"", "_" & B9, "") | G9: =SUBSTITUTE(SUBSTITUTE(_xlfn.TEXTBEFORE(A9,","), "-", ""), " ", "") | H9: =_xlfn.LET( _xlpm.authors,_xlfn.TEXTBEFORE(A9," ("&I9&")"), _xlpm.hasAmp,ISNUMBER(SEARCH("&",_xlpm.authors)), _xlpm.commasBeforeAmp,IF(_xlpm.hasAmp,LEN(_xlfn.TEXTBEFORE(_xlpm.authors,"&"))-LEN(SUBSTITUTE(_xlfn.TEXTBEFORE(_xlpm.authors,"&"),",","")),0), IF(NOT(_xlpm.hasAmp),"",IF(_xlpm.commasBeforeAmp>2,"etal",TRIM(_xlfn.TEXTBEFORE(_xlfn.TEXTAFTER(_xlpm.authors,"& "),",")))) ) | I9: =_xlfn.TEXTBEFORE(_xlfn.TEXTAFTER(A9, "("), ")") | J9: =_xlfn.LET( _xlpm.doi,IF(C9<>"",C9,_xlfn.TEXTAFTER(A9,"https://doi.org/")), SUBSTITUTE( SUBSTITUTE( SUBSTITUTE( SUBSTITUTE( _xlpm.doi, "/","%2F"), ":","%3A"), "<","%3C"), ">","%3E") ) | K9: =TRIM(_xlfn.TEXTJOIN("_",FALSE(),F9,(SUBSTITUTE(SUBSTITUTE(D9," ",""), "_", "")))) | L9: =J9 & "_" & SUBSTITUTE(SUBSTITUTE(SUBSTITUTE(D9,CHAR(160),"")," ",""),"_","") | M9: {=IFERROR(INDEX(FileList!$A$1:$A$1000,MATCH(TRUE(),EXACT(L9,IFERROR(_xlfn.TEXTBEFORE(FileList!$A$1:$A$1000,".tsv"),"")),0)),"notfound")} | AG9: isotropic fractionator | AJ9: review | AL9: review | AM9: review
A10: Barbeito-Andres, J., Castro-Fonseca, E., Qiu, L. R., Bernal, V., Lent, R., Henkelman, M., Lukowiak, K., Gleiser, P. M., Hallgrimsson, B., & Gonzalez, P. N. (2019). Region-specific changes in Mus musculus brain size and cell composition under chronic nutrient restriction. J Exp Biol, 222(Pt 17). https://doi.org/10.1242/jeb.204651 | D10: volumes | E10: =RIGHT(A10,1) | F10: =G10 & IF(H10<>"", "_" & H10, "_") & IF(I10<>"", "_" & I10, "_") & IF(B10<>"", "_" & B10, "") | G10: =SUBSTITUTE(SUBSTITUTE(_xlfn.TEXTBEFORE(A10,","), "-", ""), " ", "") | H10: =_xlfn.LET( _xlpm.authors,_xlfn.TEXTBEFORE(A10," ("&I10&")"), _xlpm.hasAmp,ISNUMBER(SEARCH("&",_xlpm.authors)), _xlpm.commasBeforeAmp,IF(_xlpm.hasAmp,LEN(_xlfn.TEXTBEFORE(_xlpm.authors,"&"))-LEN(SUBSTITUTE(_xlfn.TEXTBEFORE(_xlpm.authors,"&"),",","")),0), IF(NOT(_xlpm.hasAmp),"",IF(_xlpm.commasBeforeAmp>2,"etal",TRIM(_xlfn.TEXTBEFORE(_xlfn.TEXTAFTER(_xlpm.authors,"& "),",")))) ) | I10: =_xlfn.TEXTBEFORE(_xlfn.TEXTAFTER(A10, "("), ")") | J10: =_xlfn.LET( _xlpm.doi,IF(C10<>"",C10,_xlfn.TEXTAFTER(A10,"https://doi.org/")), SUBSTITUTE( SUBSTITUTE( SUBSTITUTE( SUBSTITUTE( _xlpm.doi, "/","%2F"), ":","%3A"), "<","%3C"), ">","%3E") ) | K10: =TRIM(_xlfn.TEXTJOIN("_",FALSE(),F10,(SUBSTITUTE(SUBSTITUTE(D10," ",""), "_", "")))) | L10: =J10 & "_" & SUBSTITUTE(SUBSTITUTE(SUBSTITUTE(D10,CHAR(160),"")," ",""),"_","") | M10: {=IFERROR(INDEX(FileList!$A$1:$A$1000,MATCH(TRUE(),EXACT(L10,IFERROR(_xlfn.TEXTBEFORE(FileList!$A$1:$A$1000,".tsv"),"")),0)),"notfound")} | AG10: isotropic fractionator | AJ10: review | AL10: review | AM10: review
A11: Barger, N., Hanson, K. L., Teffer, K., Schenker-Ahmed, N. M., & Semendeferi, K. (2014). Evidence for evolutionary specialization in human limbic structures. Front Hum Neurosci, 8, 277. https://doi.org/10.3389/fnhum.2014.00277 | D11: Table 1 | E11: =RIGHT(A11,1) | F11: =G11 & IF(H11<>"", "_" & H11, "_") & IF(I11<>"", "_" & I11, "_") & IF(B11<>"", "_" & B11, "") | G11: =SUBSTITUTE(SUBSTITUTE(_xlfn.TEXTBEFORE(A11,","), "-", ""), " ", "") | H11: =_xlfn.LET( _xlpm.authors,_xlfn.TEXTBEFORE(A11," ("&I11&")"), _xlpm.hasAmp,ISNUMBER(SEARCH("&",_xlpm.authors)), _xlpm.commasBeforeAmp,IF(_xlpm.hasAmp,LEN(_xlfn.TEXTBEFORE(_xlpm.authors,"&"))-LEN(SUBSTITUTE(_xlfn.TEXTBEFORE(_xlpm.authors,"&"),",","")),0), IF(NOT(_xlpm.hasAmp),"",IF(_xlpm.commasBeforeAmp>2,"etal",TRIM(_xlfn.TEXTBEFORE(_xlfn.TEXTAFTER(_xlpm.authors,"& "),",")))) ) | I11: =_xlfn.TEXTBEFORE(_xlfn.TEXTAFTER(A11, "("), ")") | J11: =_xlfn.LET( _xlpm.doi,IF(C11<>"",C11,_xlfn.TEXTAFTER(A11,"https://doi.org/")), SUBSTITUTE( SUBSTITUTE( SUBSTITUTE( SUBSTITUTE( _xlpm.doi, "/","%2F"), ":","%3A"), "<","%3C"), ">","%3E") ) | K11: =TRIM(_xlfn.TEXTJOIN("_",FALSE(),F11,(SUBSTITUTE(SUBSTITUTE(D11," ",""), "_", "")))) | L11: =J11 & "_" & SUBSTITUTE(SUBSTITUTE(SUBSTITUTE(D11,CHAR(160),"")," ",""),"_","") | M11: {=IFERROR(INDEX(FileList!$A$1:$A$1000,MATCH(TRUE(),EXACT(L11,IFERROR(_xlfn.TEXTBEFORE(FileList!$A$1:$A$1000,".tsv"),"")),0)),"notfound")} | N11: Table 1 | Volume of amygdala, hippocampus, and striatum in hominoid species collected with stereological methods. | Z11: Zilles | AF11: histological sections | AG11: Zilles
A12: Barger, N., Stefanacci, L., & Semendeferi, K. (2007). A comparative volumetric analysis of the amygdaloid complex and basolateral division in the human and ape brain. Am J Phys Anthropol, 134(3), 392-403. https://doi.org/10.1002/ajpa.20684 | D12: TABLE 1 | E12: =RIGHT(A12,1) | F12: =G12 & IF(H12<>"", "_" & H12, "_") & IF(I12<>"", "_" & I12, "_") & IF(B12<>"", "_" & B12, "") | G12: =SUBSTITUTE(SUBSTITUTE(_xlfn.TEXTBEFORE(A12,","), "-", ""), " ", "") | H12: =_xlfn.LET( _xlpm.authors,_xlfn.TEXTBEFORE(A12," ("&I12&")"), _xlpm.hasAmp,ISNUMBER(SEARCH("&",_xlpm.authors)), _xlpm.commasBeforeAmp,IF(_xlpm.hasAmp,LEN(_xlfn.TEXTBEFORE(_xlpm.authors,"&"))-LEN(SUBSTITUTE(_xlfn.TEXTBEFORE(_xlpm.authors,"&"),",","")),0), IF(NOT(_xlpm.hasAmp),"",IF(_xlpm.commasBeforeAmp>2,"etal",TRIM(_xlfn.TEXTBEFORE(_xlfn.TEXTAFTER(_xlpm.authors,"& "),",")))) ) | I12: =_xlfn.TEXTBEFORE(_xlfn.TEXTAFTER(A12, "("), ")") | J12: =_xlfn.LET( _xlpm.doi,IF(C12<>"",C12,_xlfn.TEXTAFTER(A12,"https://doi.org/")), SUBSTITUTE( SUBSTITUTE( SUBSTITUTE( SUBSTITUTE( _xlpm.doi, "/","%2F"), ":","%3A"), "<","%3C"), ">","%3E") ) | K12: =TRIM(_xlfn.TEXTJOIN("_",FALSE(),F12,(SUBSTITUTE(SUBSTITUTE(D12," ",""), "_", "")))) | L12: =J12 & "_" & SUBSTITUTE(SUBSTITUTE(SUBSTITUTE(D12,CHAR(160),"")," ",""),"_","") | M12: {=IFERROR(INDEX(FileList!$A$1:$A$1000,MATCH(TRUE(),EXACT(L12,IFERROR(_xlfn.TEXTBEFORE(FileList!$A$1:$A$1000,".tsv"),"")),0)),"notfound")} | N12: TABLE 1. Volumetric estimates of the amygdaloid complex and the basolateral division | P12: FINISHED | Z12: Zilles | AF12: xml:space="preserve"> | AG12: Zilles | AI12: amygdala subdivision volumes | AJ12: Apes & humans | AL12: primary | AM12: volume
A13: Barks, S. K., Calhoun, M. E., Hopkins, W. D., Cranfield, M. R., Mudakikwa, A., Stoinski, T. S., Patterson, F. G., Erwin, J. M., Hecht, E. E., Hof, P. R., & Sherwood, C. C. (2014). Brain organization of gorillas reflects species differences in ecology. Am J Phys Anthropol. https://doi.org/10.1002/ajpa.22646 | D13: Fig 4 A | E13: =RIGHT(A13,1) | F13: =G13 & IF(H13<>"", "_" & H13, "_") & IF(I13<>"", "_" & I13, "_") & IF(B13<>"", "_" & B13, "") | G13: =SUBSTITUTE(SUBSTITUTE(_xlfn.TEXTBEFORE(A13,","), "-", ""), " ", "") | H13: =_xlfn.LET( _xlpm.authors,_xlfn.TEXTBEFORE(A13," ("&I13&")"), _xlpm.hasAmp,ISNUMBER(SEARCH("&",_xlpm.authors)), _xlpm.commasBeforeAmp,IF(_xlpm.hasAmp,LEN(_xlfn.TEXTBEFORE(_xlpm.authors,"&"))-LEN(SUBSTITUTE(_xlfn.TEXTBEFORE(_xlpm.authors,"&"),",","")),0), IF(NOT(_xlpm.hasAmp),"",IF(_xlpm.commasBeforeAmp>2,"etal",TRIM(_xlfn.TEXTBEFORE(_xlfn.TEXTAFTER(_xlpm.authors,"& "),",")))) ) | I13: =_xlfn.TEXTBEFORE(_xlfn.TEXTAFTER(A13, "("), ")") | J13: =_xlfn.LET( _xlpm.doi,IF(C13<>"",C13,_xlfn.TEXTAFTER(A13,"https://doi.org/")), SUBSTITUTE( SUBSTITUTE( SUBSTITUTE( SUBSTITUTE( _xlpm.doi, "/","%2F"), ":","%3A"), "<","%3C"), ">","%3E") ) | K13: =TRIM(_xlfn.TEXTJOIN("_",FALSE(),F13,(SUBSTITUTE(SUBSTITUTE(D13," ",""), "_", "")))) | L13: =J13 & "_" & SUBSTITUTE(SUBSTITUTE(SUBSTITUTE(D13,CHAR(160),"")," ",""),"_","") | M13: {=IFERROR(INDEX(FileList!$A$1:$A$1000,MATCH(TRUE(),EXACT(L13,IFERROR(_xlfn.TEXTBEFORE(FileList!$A$1:$A$1000,".tsv"),"")),0)),"notfound")} | O13: Fig4A_allsubjects_volumes | P13: FINISHED | Y13: Barks
A14: Barks, S. K., Calhoun, M. E., Hopkins, W. D., Cranfield, M. R., Mudakikwa, A., Stoinski, T. S., Patterson, F. G., Erwin, J. M., Hecht, E. E., Hof, P. R., & Sherwood, C. C. (2014). Brain organization of gorillas reflects species differences in ecology. Am J Phys Anthropol. https://doi.org/10.1002/ajpa.22646 | D14: Fig 5 A | E14: =RIGHT(A14,1) | F14: =G14 & IF(H14<>"", "_" & H14, "_") & IF(I14<>"", "_" & I14, "_") & IF(B14<>"", "_" & B14, "") | G14: =SUBSTITUTE(SUBSTITUTE(_xlfn.TEXTBEFORE(A14,","), "-", ""), " ", "") | H14: =_xlfn.LET( _xlpm.authors,_xlfn.TEXTBEFORE(A14," ("&I14&")"), _xlpm.hasAmp,ISNUMBER(SEARCH("&",_xlpm.authors)), _xlpm.commasBeforeAmp,IF(_xlpm.hasAmp,LEN(_xlfn.TEXTBEFORE(_xlpm.authors,"&"))-LEN(SUBSTITUTE(_xlfn.TEXTBEFORE(_xlpm.authors,"&"),",","")),0), IF(NOT(_xlpm.hasAmp),"",IF(_xlpm.commasBeforeAmp>2,"etal",TRIM(_xlfn.TEXTBEFORE(_xlfn.TEXTAFTER(_xlpm.authors,"& "),",")))) ) | I14: =_xlfn.TEXTBEFORE(_xlfn.TEXTAFTER(A14, "("), ")") | J14: =_xlfn.LET( _xlpm.doi,IF(C14<>"",C14,_xlfn.TEXTAFTER(A14,"https://doi.org/")), SUBSTITUTE( SUBSTITUTE( SUBSTITUTE( SUBSTITUTE( _xlpm.doi, "/","%2F"), ":","%3A"), "<","%3C"), ">","%3E") ) | K14: =TRIM(_xlfn.TEXTJOIN("_",FALSE(),F14,(SUBSTITUTE(SUBSTITUTE(D14," ",""), "_", "")))) | L14: =J14 & "_" & SUBSTITUTE(SUBSTITUTE(SUBSTITUTE(D14,CHAR(160),"")," ",""),"_","") | M14: {=IFERROR(INDEX(FileList!$A$1:$A$1000,MATCH(TRUE(),EXACT(L14,IFERROR(_xlfn.TEXTBEFORE(FileList!$A$1:$A$1000,".tsv"),"")),0)),"notfound")} | O14: Fig5A_adultsonly_volumes | P14: FINISHED
A15: Barks, S. K., Calhoun, M. E., Hopkins, W. D., Cranfield, M. R., Mudakikwa, A., Stoinski, T. S., Patterson, F. G., Erwin, J. M., Hecht, E. E., Hof, P. R., & Sherwood, C. C. (2014). Brain organization of gorillas reflects species differences in ecology. Am J Phys Anthropol. https://doi.org/10.1002/ajpa.22646 | D15: TABLE 1 | E15: =RIGHT(A15,1) | F15: =G15 & IF(H15<>"", "_" & H15, "_") & IF(I15<>"", "_" & I15, "_") & IF(B15<>"", "_" & B15, "") | G15: =SUBSTITUTE(SUBSTITUTE(_xlfn.TEXTBEFORE(A15,","), "-", ""), " ", "") | H15: =_xlfn.LET( _xlpm.authors,_xlfn.TEXTBEFORE(A15," ("&I15&")"), _xlpm.hasAmp,ISNUMBER(SEARCH("&",_xlpm.authors)), _xlpm.commasBeforeAmp,IF(_xlpm.hasAmp,LEN(_xlfn.TEXTBEFORE(_xlpm.authors,"&"))-LEN(SUBSTITUTE(_xlfn.TEXTBEFORE(_xlpm.authors,"&"),",","")),0), IF(NOT(_xlpm.hasAmp),"",IF(_xlpm.commasBeforeAmp>2,"etal",TRIM(_xlfn.TEXTBEFORE(_xlfn.TEXTAFTER(_xlpm.authors,"& "),",")))) ) | I15: =_xlfn.TEXTBEFORE(_xlfn.TEXTAFTER(A15, "("), ")") | J15: =_xlfn.LET( _xlpm.doi,IF(C15<>"",C15,_xlfn.TEXTAFTER(A15,"https://doi.org/")), SUBSTITUTE( SUBSTITUTE( SUBSTITUTE( SUBSTITUTE( _xlpm.doi, "/","%2F"), ":","%3A"), "<","%3C"), ">","%3E") ) | K15: =TRIM(_xlfn.TEXTJOIN("_",FALSE(),F15,(SUBSTITUTE(SUBSTITUTE(D15," ",""), "_", "")))) | L15: =J15 & "_" & SUBSTITUTE(SUBSTITUTE(SUBSTITUTE(D15,CHAR(160),"")," ",""),"_","") | M15: {=IFERROR(INDEX(FileList!$A$1:$A$1000,MATCH(TRUE(),EXACT(L15,IFERROR(_xlfn.TEXTBEFORE(FileList!$A$1:$A$1000,".tsv"),"")),0)),"notfound")} | N15: TABLE 1. Individual data | P15: FINISHED | Y15: Barks
A16: Barks, S. K., Calhoun, M. E., Hopkins, W. D., Cranfield, M. R., Mudakikwa, A., Stoinski, T. S., Patterson, F. G., Erwin, J. M., Hecht, E. E., Hof, P. R., & Sherwood, C. C. (2014). Brain organization of gorillas reflects species differences in ecology. Am J Phys Anthropol. https://doi.org/10.1002/ajpa.22646 | D16: TABLE 2 | E16: =RIGHT(A16,1) | F16: =G16 & IF(H16<>"", "_" & H16, "_") & IF(I16<>"", "_" & I16, "_") & IF(B16<>"", "_" & B16, "") | G16: =SUBSTITUTE(SUBSTITUTE(_xlfn.TEXTBEFORE(A16,","), "-", ""), " ", "") | H16: =_xlfn.LET( _xlpm.authors,_xlfn.TEXTBEFORE(A16," ("&I16&")"), _xlpm.hasAmp,ISNUMBER(SEARCH("&",_xlpm.authors)), _xlpm.commasBeforeAmp,IF(_xlpm.hasAmp,LEN(_xlfn.TEXTBEFORE(_xlpm.authors,"&"))-LEN(SUBSTITUTE(_xlfn.TEXTBEFORE(_xlpm.authors,"&"),",","")),0), IF(NOT(_xlpm.hasAmp),"",IF(_xlpm.commasBeforeAmp>2,"etal",TRIM(_xlfn.TEXTBEFORE(_xlfn.TEXTAFTER(_xlpm.authors,"& "),",")))) ) | I16: =_xlfn.TEXTBEFORE(_xlfn.TEXTAFTER(A16, "("), ")") | J16: =_xlfn.LET( _xlpm.doi,IF(C16<>"",C16,_xlfn.TEXTAFTER(A16,"https://doi.org/")), SUBSTITUTE( SUBSTITUTE( SUBSTITUTE( SUBSTITUTE( _xlpm.doi, "/","%2F"), ":","%3A"), "<","%3C"), ">","%3E") ) | K16: =TRIM(_xlfn.TEXTJOIN("_",FALSE(),F16,(SUBSTITUTE(SUBSTITUTE(D16," ",""), "_", "")))) | L16: =J16 & "_" & SUBSTITUTE(SUBSTITUTE(SUBSTITUTE(D16,CHAR(160),"")," ",""),"_","") | M16: {=IFERROR(INDEX(FileList!$A$1:$A$1000,MATCH(TRUE(),EXACT(L16,IFERROR(_xlfn.TEXTBEFORE(FileList!$A$1:$A$1000,".tsv"),"")),0)),"notfound")} | N16: TABLE 2. Stereological sampling of brains | P16: FINISHED
A17: Barks, S. K., Calhoun, M. E., Hopkins, W. D., Cranfield, M. R., Mudakikwa, A., Stoinski, T. S., Patterson, F. G., Erwin, J. M., Hecht, E. E., Hof, P. R., & Sherwood, C. C. (2014). Brain organization of gorillas reflects species differences in ecology. Am J Phys Anthropol. https://doi.org/10.1002/ajpa.22646 | D17: unpublishedviaDeCasien | E17: =RIGHT(A17,1) | F17: =G17 & IF(H17<>"", "_" & H17, "_") & IF(I17<>"", "_" & I17, "_") & IF(B17<>"", "_" & B17, "") | G17: =SUBSTITUTE(SUBSTITUTE(_xlfn.TEXTBEFORE(A17,","), "-", ""), " ", "") | H17: =_xlfn.LET( _xlpm.authors,_xlfn.TEXTBEFORE(A17," ("&I17&")"), _xlpm.hasAmp,ISNUMBER(SEARCH("&",_xlpm.authors)), _xlpm.commasBeforeAmp,IF(_xlpm.hasAmp,LEN(_xlfn.TEXTBEFORE(_xlpm.authors,"&"))-LEN(SUBSTITUTE(_xlfn.TEXTBEFORE(_xlpm.authors,"&"),",","")),0), IF(NOT(_xlpm.hasAmp),"",IF(_xlpm.commasBeforeAmp>2,"etal",TRIM(_xlfn.TEXTBEFORE(_xlfn.TEXTAFTER(_xlpm.authors,"& "),",")))) ) | I17: =_xlfn.TEXTBEFORE(_xlfn.TEXTAFTER(A17, "("), ")") | J17: =_xlfn.LET( _xlpm.doi,IF(C17<>"",C17,_xlfn.TEXTAFTER(A17,"https://doi.org/")), SUBSTITUTE( SUBSTITUTE( SUBSTITUTE( SUBSTITUTE( _xlpm.doi, "/","%2F"), ":","%3A"), "<","%3C"), ">","%3E") ) | K17: =TRIM(_xlfn.TEXTJOIN("_",FALSE(),F17,(SUBSTITUTE(SUBSTITUTE(D17," ",""), "_", "")))) | L17: =J17 & "_" & SUBSTITUTE(SUBSTITUTE(SUBSTITUTE(D17,CHAR(160),"")," ",""),"_","") | M17: {=IFERROR(INDEX(FileList!$A$1:$A$1000,MATCH(TRUE(),EXACT(L17,IFERROR(_xlfn.TEXTBEFORE(FileList!$A$1:$A$1000,".tsv"),"")),0)),"notfound")} | O17: "Sherwood et al.64 and Barks et al.65 provided neocortex, hippocampus, striatum, thalamus, cerebellum, amygdala and insula measures for multiple gorilla species (Gorilla gorilla gorilla, G. g. graueri and G. beringei) from post-mortem MRI scans" (DeCasien and Higham 2019)
A18: Baron, G., Frahm, H. D., & Stephan, H. (1988). Comparison of brain structure volumes in Insectivora and Primates. VIII. Vestibular complex. J Hirnforsch, 29(5), 509-523. http://www.ncbi.nlm.nih.gov/pubmed/3216099 | C18: PMID:3216099 | D18: Table 1 | E18: =RIGHT(A18,1) | F18: =G18 & IF(H18<>"", "_" & H18, "_") & IF(I18<>"", "_" & I18, "_") & IF(B18<>"", "_" & B18, "") | G18: =SUBSTITUTE(SUBSTITUTE(_xlfn.TEXTBEFORE(A18,","), "-", ""), " ", "") | H18: =_xlfn.LET( _xlpm.authors,_xlfn.TEXTBEFORE(A18," ("&I18&")"), _xlpm.hasAmp,ISNUMBER(SEARCH("&",_xlpm.authors)), _xlpm.commasBeforeAmp,IF(_xlpm.hasAmp,LEN(_xlfn.TEXTBEFORE(_xlpm.authors,"&"))-LEN(SUBSTITUTE(_xlfn.TEXTBEFORE(_xlpm.authors,"&"),",","")),0), IF(NOT(_xlpm.hasAmp),"",IF(_xlpm.commasBeforeAmp>2,"etal",TRIM(_xlfn.TEXTBEFORE(_xlfn.TEXTAFTER(_xlpm.authors,"& "),",")))) ) | I18: =_xlfn.TEXTBEFORE(_xlfn.TEXTAFTER(A18, "("), ")") | J18: =_xlfn.LET( _xlpm.doi,IF(C18<>"",C18,_xlfn.TEXTAFTER(A18,"https://doi.org/")), SUBSTITUTE( SUBSTITUTE( SUBSTITUTE( SUBSTITUTE( _xlpm.doi, "/","%2F"), ":","%3A"), "<","%3C"), ">","%3E") ) | K18: =TRIM(_xlfn.TEXTJOIN("_",FALSE(),F18,(SUBSTITUTE(SUBSTITUTE(D18," ",""), "_", "")))) | L18: =J18 & "_" & SUBSTITUTE(SUBSTITUTE(SUBSTITUTE(D18,CHAR(160),"")," ",""),"_","") | M18: {=IFERROR(INDEX(FileList!$A$1:$A$1000,MATCH(TRUE(),EXACT(L18,IFERROR(_xlfn.TEXTBEFORE(FileList!$A$1:$A$1000,".tsv"),"")),0)),"notfound")} | N18: Table 1. Volumes and indices of the vestibular complex (VC) and its main components (VM, V1, VL, VS) in Insectivora and Scadentia | P18: FINISHED | Y18: Stephan | Z18: Stephan | AF18: histological sections | AG18: Stephan | AI18: vestibular nuclear complex volume | AJ18: Insectivora, Scandentia & Primates | AL18: primary | AM18: volume
A19: Baron, G., Frahm, H. D., Bhatnagar, K. P., & Stephan, H. (1983). Comparison of brain structure volumes in Insectivora and Primates. III. Main olfactory bulb (MOB). J Hirnforsch, 24(5), 551-568. https://www.ncbi.nlm.nih.gov/pubmed/6663055 | C19: PMID:6663055 | D19: Table 1 | E19: =RIGHT(A19,1) | F19: =G19 & IF(H19<>"", "_" & H19, "_") & IF(I19<>"", "_" & I19, "_") & IF(B19<>"", "_" & B19, "") | G19: =SUBSTITUTE(SUBSTITUTE(_xlfn.TEXTBEFORE(A19,","), "-", ""), " ", "") | H19: =_xlfn.LET( _xlpm.authors,_xlfn.TEXTBEFORE(A19," ("&I19&")"), _xlpm.hasAmp,ISNUMBER(SEARCH("&",_xlpm.authors)), _xlpm.commasBeforeAmp,IF(_xlpm.hasAmp,LEN(_xlfn.TEXTBEFORE(_xlpm.authors,"&"))-LEN(SUBSTITUTE(_xlfn.TEXTBEFORE(_xlpm.authors,"&"),",","")),0), IF(NOT(_xlpm.hasAmp),"",IF(_xlpm.commasBeforeAmp>2,"etal",TRIM(_xlfn.TEXTBEFORE(_xlfn.TEXTAFTER(_xlpm.authors,"& "),",")))) ) | I19: =_xlfn.TEXTBEFORE(_xlfn.TEXTAFTER(A19, "("), ")") | J19: =_xlfn.LET( _xlpm.doi,IF(C19<>"",C19,_xlfn.TEXTAFTER(A19,"https://doi.org/")), SUBSTITUTE( SUBSTITUTE( SUBSTITUTE( SUBSTITUTE( _xlpm.doi, "/","%2F"), ":","%3A"), "<","%3C"), ">","%3E") ) | K19: =TRIM(_xlfn.TEXTJOIN("_",FALSE(),F19,(SUBSTITUTE(SUBSTITUTE(D19," ",""), "_", "")))) | L19: =J19 & "_" & SUBSTITUTE(SUBSTITUTE(SUBSTITUTE(D19,CHAR(160),"")," ",""),"_","") | M19: {=IFERROR(INDEX(FileList!$A$1:$A$1000,MATCH(TRUE(),EXACT(L19,IFERROR(_xlfn.TEXTBEFORE(FileList!$A$1:$A$1000,".tsv"),"")),0)),"notfound")} | P19: FINISHED | V19: table | W19: NO - not digitized | Y19: Stephan | Z19: Stephan | AF19: histological sections | AG19: Stephan | AI19: main olfactory bulb (MOB) volume | AJ19: Insectivora, Scandentia & Primates | AK19: primary | AL19: primary | AM19: volume
A20: Baron, G., Stephan, H., & Frahm, H. D. (1987). Comparison of brain structure volumes in Insectivora and Primates. VI. Paleocortical components. J Hirnforsch, 28(4), 463-477. http://www.ncbi.nlm.nih.gov/pubmed/3116076 | C20: PMID:3116076 | D20: Table 1 | E20: =RIGHT(A20,1) | F20: =G20 & IF(H20<>"", "_" & H20, "_") & IF(I20<>"", "_" & I20, "_") & IF(B20<>"", "_" & B20, "") | G20: =SUBSTITUTE(SUBSTITUTE(_xlfn.TEXTBEFORE(A20,","), "-", ""), " ", "") | H20: =_xlfn.LET( _xlpm.authors,_xlfn.TEXTBEFORE(A20," ("&I20&")"), _xlpm.hasAmp,ISNUMBER(SEARCH("&",_xlpm.authors)), _xlpm.commasBeforeAmp,IF(_xlpm.hasAmp,LEN(_xlfn.TEXTBEFORE(_xlpm.authors,"&"))-LEN(SUBSTITUTE(_xlfn.TEXTBEFORE(_xlpm.authors,"&"),",","")),0), IF(NOT(_xlpm.hasAmp),"",IF(_xlpm.commasBeforeAmp>2,"etal",TRIM(_xlfn.TEXTBEFORE(_xlfn.TEXTAFTER(_xlpm.authors,"& "),",")))) ) | I20: =_xlfn.TEXTBEFORE(_xlfn.TEXTAFTER(A20, "("), ")") | J20: =_xlfn.LET( _xlpm.doi,IF(C20<>"",C20,_xlfn.TEXTAFTER(A20,"https://doi.org/")), SUBSTITUTE( SUBSTITUTE( SUBSTITUTE( SUBSTITUTE( _xlpm.doi, "/","%2F"), ":","%3A"), "<","%3C"), ">","%3E") ) | K20: =TRIM(_xlfn.TEXTJOIN("_",FALSE(),F20,(SUBSTITUTE(SUBSTITUTE(D20," ",""), "_", "")))) | L20: =J20 & "_" & SUBSTITUTE(SUBSTITUTE(SUBSTITUTE(D20,CHAR(160),"")," ",""),"_","") | M20: {=IFERROR(INDEX(FileList!$A$1:$A$1000,MATCH(TRUE(),EXACT(L20,IFERROR(_xlfn.TEXTBEFORE(FileList!$A$1:$A$1000,".tsv"),"")),0)),"notfound")} | P20: FINISHED | V20: table | W20: NO - not digitized | Y20: Stephan | Z20: Stephan | AF20: histological sections | AG20: Stephan | AI20: brain-structure volume (Comparison series, Part) | AJ20: Insectivora, Scandentia & Primates | AK20: primary | AL20: primary | AM20: volume
A21: Baron, G., Stephan, H., & Frahm, H. D. (1990). Comparison of brain structure volumes in Insectivora and primates. IX. Trigeminal complex. J Hirnforsch, 31(2), 193-200. https://www.ncbi.nlm.nih.gov/pubmed/2358663 | C21: PMID:2358663 | D21: Table 1 | E21: =RIGHT(A21,1) | F21: =G21 & IF(H21<>"", "_" & H21, "_") & IF(I21<>"", "_" & I21, "_") & IF(B21<>"", "_" & B21, "") | G21: =SUBSTITUTE(SUBSTITUTE(_xlfn.TEXTBEFORE(A21,","), "-", ""), " ", "") | H21: =_xlfn.LET( _xlpm.authors,_xlfn.TEXTBEFORE(A21," ("&I21&")"), _xlpm.hasAmp,ISNUMBER(SEARCH("&",_xlpm.authors)), _xlpm.commasBeforeAmp,IF(_xlpm.hasAmp,LEN(_xlfn.TEXTBEFORE(_xlpm.authors,"&"))-LEN(SUBSTITUTE(_xlfn.TEXTBEFORE(_xlpm.authors,"&"),",","")),0), IF(NOT(_xlpm.hasAmp),"",IF(_xlpm.commasBeforeAmp>2,"etal",TRIM(_xlfn.TEXTBEFORE(_xlfn.TEXTAFTER(_xlpm.authors,"& "),",")))) ) | I21: =_xlfn.TEXTBEFORE(_xlfn.TEXTAFTER(A21, "("), ")") | J21: =_xlfn.LET( _xlpm.doi,IF(C21<>"",C21,_xlfn.TEXTAFTER(A21,"https://doi.org/")), SUBSTITUTE( SUBSTITUTE( SUBSTITUTE( SUBSTITUTE( _xlpm.doi, "/","%2F"), ":","%3A"), "<","%3C"), ">","%3E") ) | K21: =TRIM(_xlfn.TEXTJOIN("_",FALSE(),F21,(SUBSTITUTE(SUBSTITUTE(D21," ",""), "_", "")))) | L21: =J21 & "_" & SUBSTITUTE(SUBSTITUTE(SUBSTITUTE(D21,CHAR(160),"")," ",""),"_","") | M21: {=IFERROR(INDEX(FileList!$A$1:$A$1000,MATCH(TRUE(),EXACT(L21,IFERROR(_xlfn.TEXTBEFORE(FileList!$A$1:$A$1000,".tsv"),"")),0)),"notfound")} | N21: xml:space="preserve">Table 1 .IX. Trigeminal complex | P21: FINISHED | V21: table | W21: NO - not digitized | Y21: Stephan | Z21: Stephan | AF21: histological sections | AG21: volumetry | AI21: trigeminal complex volume | AJ21: Insectivora, Scandentia & Primates | AK21: primary | AL21: primary | AM21: volume
A22: Bauernfeind, A. L., de Sousa, A. A., Avasthi, T., Dobson, S. D., Raghanti, M. A., Lewandowski, A. H., Zilles, K., Semendeferi, K., Allman, J. M., Craig, A. D., Hof, P. R., & Sherwood, C. C. (2013). A volumetric comparison of the insular cortex and its subregions in primates. J Hum Evol, 64(4), 263-279. https://doi.org/10.1016/j.jhevol.2012.12.003 | D22: Table 1 | E22: =RIGHT(A22,1) | F22: =G22 & IF(H22<>"", "_" & H22, "_") & IF(I22<>"", "_" & I22, "_") & IF(B22<>"", "_" & B22, "") | G22: =SUBSTITUTE(SUBSTITUTE(_xlfn.TEXTBEFORE(A22,","), "-", ""), " ", "") | H22: =_xlfn.LET( _xlpm.authors,_xlfn.TEXTBEFORE(A22," ("&I22&")"), _xlpm.hasAmp,ISNUMBER(SEARCH("&",_xlpm.authors)), _xlpm.commasBeforeAmp,IF(_xlpm.hasAmp,LEN(_xlfn.TEXTBEFORE(_xlpm.authors,"&"))-LEN(SUBSTITUTE(_xlfn.TEXTBEFORE(_xlpm.authors,"&"),",","")),0), IF(NOT(_xlpm.hasAmp),"",IF(_xlpm.commasBeforeAmp>2,"etal",TRIM(_xlfn.TEXTBEFORE(_xlfn.TEXTAFTER(_xlpm.authors,"& "),",")))) ) | I22: =_xlfn.TEXTBEFORE(_xlfn.TEXTAFTER(A22, "("), ")") | J22: =_xlfn.LET( _xlpm.doi,IF(C22<>"",C22,_xlfn.TEXTAFTER(A22,"https://doi.org/")), SUBSTITUTE( SUBSTITUTE( SUBSTITUTE( SUBSTITUTE( _xlpm.doi, "/","%2F"), ":","%3A"), "<","%3C"), ">","%3E") ) | K22: =TRIM(_xlfn.TEXTJOIN("_",FALSE(),F22,(SUBSTITUTE(SUBSTITUTE(D22," ",""), "_", "")))) | L22: =J22 & "_" & SUBSTITUTE(SUBSTITUTE(SUBSTITUTE(D22,CHAR(160),"")," ",""),"_","") | M22: {=IFERROR(INDEX(FileList!$A$1:$A$1000,MATCH(TRUE(),EXACT(L22,IFERROR(_xlfn.TEXTBEFORE(FileList!$A$1:$A$1000,".tsv"),"")),0)),"notfound")} | N22: Volumetric comparison of the insular cortex (Table 1) | P22: FINISHED | V22: table | Y22: Stephan, Sherwood | AF22: histological sections | AG22: volumetry | AI22: insular cortex volumes | AJ22: Primates | AK22: primary | AL22: primary | AM22: volume
A23: Bauernfeind, A. L., de Sousa, A. A., Avasthi, T., Dobson, S. D., Raghanti, M. A., Lewandowski, A. H., Zilles, K., Semendeferi, K., Allman, J. M., Craig, A. D., Hof, P. R., & Sherwood, C. C. (2013). A volumetric comparison of the insular cortex and its subregions in primates. J Hum Evol, 64(4), 263-279. https://doi.org/10.1016/j.jhevol.2012.12.003 | D23: Table 2 | E23: =RIGHT(A23,1) | F23: =G23 & IF(H23<>"", "_" & H23, "_") & IF(I23<>"", "_" & I23, "_") & IF(B23<>"", "_" & B23, "") | G23: =SUBSTITUTE(SUBSTITUTE(_xlfn.TEXTBEFORE(A23,","), "-", ""), " ", "") | H23: =_xlfn.LET( _xlpm.authors,_xlfn.TEXTBEFORE(A23," ("&I23&")"), _xlpm.hasAmp,ISNUMBER(SEARCH("&",_xlpm.authors)), _xlpm.commasBeforeAmp,IF(_xlpm.hasAmp,LEN(_xlfn.TEXTBEFORE(_xlpm.authors,"&"))-LEN(SUBSTITUTE(_xlfn.TEXTBEFORE(_xlpm.authors,"&"),",","")),0), IF(NOT(_xlpm.hasAmp),"",IF(_xlpm.commasBeforeAmp>2,"etal",TRIM(_xlfn.TEXTBEFORE(_xlfn.TEXTAFTER(_xlpm.authors,"& "),",")))) ) | I23: =_xlfn.TEXTBEFORE(_xlfn.TEXTAFTER(A23, "("), ")") | J23: =_xlfn.LET( _xlpm.doi,IF(C23<>"",C23,_xlfn.TEXTAFTER(A23,"https://doi.org/")), SUBSTITUTE( SUBSTITUTE( SUBSTITUTE( SUBSTITUTE( _xlpm.doi, "/","%2F"), ":","%3A"), "<","%3C"), ">","%3E") ) | K23: =TRIM(_xlfn.TEXTJOIN("_",FALSE(),F23,(SUBSTITUTE(SUBSTITUTE(D23," ",""), "_", "")))) | L23: =J23 & "_" & SUBSTITUTE(SUBSTITUTE(SUBSTITUTE(D23,CHAR(160),"")," ",""),"_","") | M23: {=IFERROR(INDEX(FileList!$A$1:$A$1000,MATCH(TRUE(),EXACT(L23,IFERROR(_xlfn.TEXTBEFORE(FileList!$A$1:$A$1000,".tsv"),"")),0)),"notfound")} | P23: FINISHED | V23: table | Y23: Stephan, Sherwood | AF23: histological sections | AG23: volumetry | AI23: insular cortex volumes | AJ23: Primates | AK23: primary | AL23: primary | AM23: volume
A24: Bauernfeind, A. L., de Sousa, A. A., Avasthi, T., Dobson, S. D., Raghanti, M. A., Lewandowski, A. H., Zilles, K., Semendeferi, K., Allman, J. M., Craig, A. D., Hof, P. R., & Sherwood, C. C. (2013). A volumetric comparison of the insular cortex and its subregions in primates. J Hum Evol, 64(4), 263-279. https://doi.org/10.1016/j.jhevol.2012.12.003 | D24: Table 3 | E24: =RIGHT(A24,1) | F24: =G24 & IF(H24<>"", "_" & H24, "_") & IF(I24<>"", "_" & I24, "_") & IF(B24<>"", "_" & B24, "") | G24: =SUBSTITUTE(SUBSTITUTE(_xlfn.TEXTBEFORE(A24,","), "-", ""), " ", "") | H24: =_xlfn.LET( _xlpm.authors,_xlfn.TEXTBEFORE(A24," ("&I24&")"), _xlpm.hasAmp,ISNUMBER(SEARCH("&",_xlpm.authors)), _xlpm.commasBeforeAmp,IF(_xlpm.hasAmp,LEN(_xlfn.TEXTBEFORE(_xlpm.authors,"&"))-LEN(SUBSTITUTE(_xlfn.TEXTBEFORE(_xlpm.authors,"&"),",","")),0), IF(NOT(_xlpm.hasAmp),"",IF(_xlpm.commasBeforeAmp>2,"etal",TRIM(_xlfn.TEXTBEFORE(_xlfn.TEXTAFTER(_xlpm.authors,"& "),",")))) ) | I24: =_xlfn.TEXTBEFORE(_xlfn.TEXTAFTER(A24, "("), ")") | J24: =_xlfn.LET( _xlpm.doi,IF(C24<>"",C24,_xlfn.TEXTAFTER(A24,"https://doi.org/")), SUBSTITUTE( SUBSTITUTE( SUBSTITUTE( SUBSTITUTE( _xlpm.doi, "/","%2F"), ":","%3A"), "<","%3C"), ">","%3E") ) | K24: =TRIM(_xlfn.TEXTJOIN("_",FALSE(),F24,(SUBSTITUTE(SUBSTITUTE(D24," ",""), "_", "")))) | L24: =J24 & "_" & SUBSTITUTE(SUBSTITUTE(SUBSTITUTE(D24,CHAR(160),"")," ",""),"_","") | M24: {=IFERROR(INDEX(FileList!$A$1:$A$1000,MATCH(TRUE(),EXACT(L24,IFERROR(_xlfn.TEXTBEFORE(FileList!$A$1:$A$1000,".tsv"),"")),0)),"notfound")} | V24: table | Y24: Stephan, Sherwood | AF24: histological sections | AG24: volumetry | AI24: insular cortex volumes | AJ24: Primates | AK24: primary | AL24: primary | AM24: volume
A25: Boyer, D. M., & Harrington, A. R. (2018). Scaling of bony canals for encephalic vessels in euarchontans: Implications for the role of the vertebral artery and brain metabolism. J Hum Evol, 114, 85-101. https://doi.org/10.1016/j.jhevol.2017.09.003 | D25: Table 1 | E25: =RIGHT(A25,1) | F25: =G25 & IF(H25<>"", "_" & H25, "_") & IF(I25<>"", "_" & I25, "_") & IF(B25<>"", "_" & B25, "") | G25: =SUBSTITUTE(SUBSTITUTE(_xlfn.TEXTBEFORE(A25,","), "-", ""), " ", "") | H25: =_xlfn.LET( _xlpm.authors,_xlfn.TEXTBEFORE(A25," ("&I25&")"), _xlpm.hasAmp,ISNUMBER(SEARCH("&",_xlpm.authors)), _xlpm.commasBeforeAmp,IF(_xlpm.hasAmp,LEN(_xlfn.TEXTBEFORE(_xlpm.authors,"&"))-LEN(SUBSTITUTE(_xlfn.TEXTBEFORE(_xlpm.authors,"&"),",","")),0), IF(NOT(_xlpm.hasAmp),"",IF(_xlpm.commasBeforeAmp>2,"etal",TRIM(_xlfn.TEXTBEFORE(_xlfn.TEXTAFTER(_xlpm.authors,"& "),",")))) ) | I25: =_xlfn.TEXTBEFORE(_xlfn.TEXTAFTER(A25, "("), ")") | J25: =_xlfn.LET( _xlpm.doi,IF(C25<>"",C25,_xlfn.TEXTAFTER(A25,"https://doi.org/")), SUBSTITUTE( SUBSTITUTE( SUBSTITUTE( SUBSTITUTE( _xlpm.doi, "/","%2F"), ":","%3A"), "<","%3C"), ">","%3E") ) | K25: =TRIM(_xlfn.TEXTJOIN("_",FALSE(),F25,(SUBSTITUTE(SUBSTITUTE(D25," ",""), "_", "")))) | L25: =J25 & "_" & SUBSTITUTE(SUBSTITUTE(SUBSTITUTE(D25,CHAR(160),"")," ",""),"_","") | M25: {=IFERROR(INDEX(FileList!$A$1:$A$1000,MATCH(TRUE(),EXACT(L25,IFERROR(_xlfn.TEXTBEFORE(FileList!$A$1:$A$1000,".tsv"),"")),0)),"notfound")} | N25: Table 1 Taxon list and species mean values.
A26: Boyer, D. M., & Harrington, A. R. (2019). New estimates of blood flow rates in the vertebral artery of euarchontans and their implications for encephalic blood flow scaling: A response to Seymour and Snelling (2018). J Hum Evol, 128, 93-98. https://doi.org/10.1016/j.jhevol.2018.10.002 | D26: SOM Table S6 | E26: =RIGHT(A26,1) | F26: =G26 & IF(H26<>"", "_" & H26, "_") & IF(I26<>"", "_" & I26, "_") & IF(B26<>"", "_" & B26, "") | G26: =SUBSTITUTE(SUBSTITUTE(_xlfn.TEXTBEFORE(A26,","), "-", ""), " ", "") | H26: =_xlfn.LET( _xlpm.authors,_xlfn.TEXTBEFORE(A26," ("&I26&")"), _xlpm.hasAmp,ISNUMBER(SEARCH("&",_xlpm.authors)), _xlpm.commasBeforeAmp,IF(_xlpm.hasAmp,LEN(_xlfn.TEXTBEFORE(_xlpm.authors,"&"))-LEN(SUBSTITUTE(_xlfn.TEXTBEFORE(_xlpm.authors,"&"),",","")),0), IF(NOT(_xlpm.hasAmp),"",IF(_xlpm.commasBeforeAmp>2,"etal",TRIM(_xlfn.TEXTBEFORE(_xlfn.TEXTAFTER(_xlpm.authors,"& "),",")))) ) | I26: =_xlfn.TEXTBEFORE(_xlfn.TEXTAFTER(A26, "("), ")") | J26: =_xlfn.LET( _xlpm.doi,IF(C26<>"",C26,_xlfn.TEXTAFTER(A26,"https://doi.org/")), SUBSTITUTE( SUBSTITUTE( SUBSTITUTE( SUBSTITUTE( _xlpm.doi, "/","%2F"), ":","%3A"), "<","%3C"), ">","%3E") ) | K26: =TRIM(_xlfn.TEXTJOIN("_",FALSE(),F26,(SUBSTITUTE(SUBSTITUTE(D26," ",""), "_", "")))) | L26: =J26 & "_" & SUBSTITUTE(SUBSTITUTE(SUBSTITUTE(D26,CHAR(160),"")," ",""),"_","") | M26: {=IFERROR(INDEX(FileList!$A$1:$A$1000,MATCH(TRUE(),EXACT(L26,IFERROR(_xlfn.TEXTBEFORE(FileList!$A$1:$A$1000,".tsv"),"")),0)),"notfound")}
A27: Brodmann, K. (1913). Neue Forschungsergebnisse der Großhirnrindenanatomie mit besonderer Berücksichtigung anthropologischer Fragen. Verhandlungen der Gesellschaft Deutscher Naturforscher und Ärzte, 85(1), 200-240 | C27: 10.0000/placeholder | D27: Tabelle 1 | E27: =RIGHT(A27,1) | F27: =G27 & IF(H27<>"", "_" & H27, "_") & IF(I27<>"", "_" & I27, "_") & IF(B27<>"", "_" & B27, "") | G27: =SUBSTITUTE(SUBSTITUTE(_xlfn.TEXTBEFORE(A27,","), "-", ""), " ", "") | H27: =_xlfn.LET( _xlpm.authors,_xlfn.TEXTBEFORE(A27," ("&I27&")"), _xlpm.hasAmp,ISNUMBER(SEARCH("&",_xlpm.authors)), _xlpm.commasBeforeAmp,IF(_xlpm.hasAmp,LEN(_xlfn.TEXTBEFORE(_xlpm.authors,"&"))-LEN(SUBSTITUTE(_xlfn.TEXTBEFORE(_xlpm.authors,"&"),",","")),0), IF(NOT(_xlpm.hasAmp),"",IF(_xlpm.commasBeforeAmp>2,"etal",TRIM(_xlfn.TEXTBEFORE(_xlfn.TEXTAFTER(_xlpm.authors,"& "),",")))) ) | I27: =_xlfn.TEXTBEFORE(_xlfn.TEXTAFTER(A27, "("), ")") | J27: =_xlfn.LET( _xlpm.doi,IF(C27<>"",C27,_xlfn.TEXTAFTER(A27,"https://doi.org/")), SUBSTITUTE( SUBSTITUTE( SUBSTITUTE( SUBSTITUTE( _xlpm.doi, "/","%2F"), ":","%3A"), "<","%3C"), ">","%3E") ) | K27: =TRIM(_xlfn.TEXTJOIN("_",FALSE(),F27,(SUBSTITUTE(SUBSTITUTE(D27," ",""), "_", "")))) | L27: =J27 & "_" & SUBSTITUTE(SUBSTITUTE(SUBSTITUTE(D27,CHAR(160),"")," ",""),"_","") | M27: {=IFERROR(INDEX(FileList!$A$1:$A$1000,MATCH(TRUE(),EXACT(L27,IFERROR(_xlfn.TEXTBEFORE(FileList!$A$1:$A$1000,".tsv"),"")),0)),"notfound")} | AI27: cortical surface area | AJ27: Mammals (various) | AL27: primary | AM27: cortical surface area
A28: Burger, J. R., George, M. A., Leadbetter, C., & Shaikh, F. (2019). The allometry of brain size in mammals. J Mammal, 100(2), 276-283. https://doi.org/10.1093/jmammal/gyz043 | D28: Supplementary Data SD1 | E28: =RIGHT(A28,1) | F28: =G28 & IF(H28<>"", "_" & H28, "_") & IF(I28<>"", "_" & I28, "_") & IF(B28<>"", "_" & B28, "") | G28: =SUBSTITUTE(SUBSTITUTE(_xlfn.TEXTBEFORE(A28,","), "-", ""), " ", "") | H28: =_xlfn.LET( _xlpm.authors,_xlfn.TEXTBEFORE(A28," ("&I28&")"), _xlpm.hasAmp,ISNUMBER(SEARCH("&",_xlpm.authors)), _xlpm.commasBeforeAmp,IF(_xlpm.hasAmp,LEN(_xlfn.TEXTBEFORE(_xlpm.authors,"&"))-LEN(SUBSTITUTE(_xlfn.TEXTBEFORE(_xlpm.authors,"&"),",","")),0), IF(NOT(_xlpm.hasAmp),"",IF(_xlpm.commasBeforeAmp>2,"etal",TRIM(_xlfn.TEXTBEFORE(_xlfn.TEXTAFTER(_xlpm.authors,"& "),",")))) ) | I28: =_xlfn.TEXTBEFORE(_xlfn.TEXTAFTER(A28, "("), ")") | J28: =_xlfn.LET( _xlpm.doi,IF(C28<>"",C28,_xlfn.TEXTAFTER(A28,"https://doi.org/")), SUBSTITUTE( SUBSTITUTE( SUBSTITUTE( SUBSTITUTE( _xlpm.doi, "/","%2F"), ":","%3A"), "<","%3C"), ">","%3E") ) | K28: =TRIM(_xlfn.TEXTJOIN("_",FALSE(),F28,(SUBSTITUTE(SUBSTITUTE(D28," ",""), "_", "")))) | L28: =J28 & "_" & SUBSTITUTE(SUBSTITUTE(SUBSTITUTE(D28,CHAR(160),"")," ",""),"_","") | M28: {=IFERROR(INDEX(FileList!$A$1:$A$1000,MATCH(TRUE(),EXACT(L28,IFERROR(_xlfn.TEXTBEFORE(FileList!$A$1:$A$1000,".tsv"),"")),0)),"notfound")} | O28: Supplementary Data SD2 | P28: FINISHED | Q28: already there | R28: gyz043_suppl_Supplement_Data.csv | S28: N | T28: =IF(S28="N", R28, "write file name") | U28: zipped csv | V28: table | W28: NO - the article link did not work in R, and goes to a zip | AB28: derived relative brain size data are problematic | AH28: mammals | AI28: Brain and body size | AJ28: Mammals | AK28: secondary | AL28: secondary | AM28: brain & body mass
A29: Burish, M. J., Peebles, J. K., Baldwin, M. K., Tavares, L., Kaas, J. H., & Herculano-Houzel, S. (2010). Cellular scaling rules for primate spinal cords. Brain Behav Evol, 76(1), 45-59. https://doi.org/10.1159/000319019 | D29: Supplementary Table 1 | E29: =RIGHT(A29,1) | F29: =G29 & IF(H29<>"", "_" & H29, "_") & IF(I29<>"", "_" & I29, "_") & IF(B29<>"", "_" & B29, "") | G29: =SUBSTITUTE(SUBSTITUTE(_xlfn.TEXTBEFORE(A29,","), "-", ""), " ", "") | H29: =_xlfn.LET( _xlpm.authors,_xlfn.TEXTBEFORE(A29," ("&I29&")"), _xlpm.hasAmp,ISNUMBER(SEARCH("&",_xlpm.authors)), _xlpm.commasBeforeAmp,IF(_xlpm.hasAmp,LEN(_xlfn.TEXTBEFORE(_xlpm.authors,"&"))-LEN(SUBSTITUTE(_xlfn.TEXTBEFORE(_xlpm.authors,"&"),",","")),0), IF(NOT(_xlpm.hasAmp),"",IF(_xlpm.commasBeforeAmp>2,"etal",TRIM(_xlfn.TEXTBEFORE(_xlfn.TEXTAFTER(_xlpm.authors,"& "),",")))) ) | I29: =_xlfn.TEXTBEFORE(_xlfn.TEXTAFTER(A29, "("), ")") | J29: =_xlfn.LET( _xlpm.doi,IF(C29<>"",C29,_xlfn.TEXTAFTER(A29,"https://doi.org/")), SUBSTITUTE( SUBSTITUTE( SUBSTITUTE( SUBSTITUTE( _xlpm.doi, "/","%2F"), ":","%3A"), "<","%3C"), ">","%3E") ) | K29: =TRIM(_xlfn.TEXTJOIN("_",FALSE(),F29,(SUBSTITUTE(SUBSTITUTE(D29," ",""), "_", "")))) | L29: =J29 & "_" & SUBSTITUTE(SUBSTITUTE(SUBSTITUTE(D29,CHAR(160),"")," ",""),"_","") | M29: {=IFERROR(INDEX(FileList!$A$1:$A$1000,MATCH(TRUE(),EXACT(L29,IFERROR(_xlfn.TEXTBEFORE(FileList!$A$1:$A$1000,".tsv"),"")),0)),"notfound")} | N29: Supplementary Table 1: Dataset of individual spinal cord measurements | P29: Species - binomials need to be added | R29: Burish_etal_2010_SupplementaryTable1_snapshot.csv | Y29: HH | Z29: HH | AA29: number spinal cord neurons | AG29: isotropic fractionator | AH29: primates and tree shrew | AJ29: Primates (+ other mammals) | AK29: primary (individual) | AL29: review | AM29: review
A30: Burish, M. J., Peebles, J. K., Baldwin, M. K., Tavares, L., Kaas, J. H., & Herculano-Houzel, S. (2010). Cellular scaling rules for primate spinal cords. Brain Behav Evol, 76(1), 45-59. https://doi.org/10.1159/000319019 | D30: Table 1 | E30: =RIGHT(A30,1) | F30: =G30 & IF(H30<>"", "_" & H30, "_") & IF(I30<>"", "_" & I30, "_") & IF(B30<>"", "_" & B30, "") | G30: =SUBSTITUTE(SUBSTITUTE(_xlfn.TEXTBEFORE(A30,","), "-", ""), " ", "") | H30: =_xlfn.LET( _xlpm.authors,_xlfn.TEXTBEFORE(A30," ("&I30&")"), _xlpm.hasAmp,ISNUMBER(SEARCH("&",_xlpm.authors)), _xlpm.commasBeforeAmp,IF(_xlpm.hasAmp,LEN(_xlfn.TEXTBEFORE(_xlpm.authors,"&"))-LEN(SUBSTITUTE(_xlfn.TEXTBEFORE(_xlpm.authors,"&"),",","")),0), IF(NOT(_xlpm.hasAmp),"",IF(_xlpm.commasBeforeAmp>2,"etal",TRIM(_xlfn.TEXTBEFORE(_xlfn.TEXTAFTER(_xlpm.authors,"& "),",")))) ) | I30: =_xlfn.TEXTBEFORE(_xlfn.TEXTAFTER(A30, "("), ")") | J30: =_xlfn.LET( _xlpm.doi,IF(C30<>"",C30,_xlfn.TEXTAFTER(A30,"https://doi.org/")), SUBSTITUTE( SUBSTITUTE( SUBSTITUTE( SUBSTITUTE( _xlpm.doi, "/","%2F"), ":","%3A"), "<","%3C"), ">","%3E") ) | K30: =TRIM(_xlfn.TEXTJOIN("_",FALSE(),F30,(SUBSTITUTE(SUBSTITUTE(D30," ",""), "_", "")))) | L30: =J30 & "_" & SUBSTITUTE(SUBSTITUTE(SUBSTITUTE(D30,CHAR(160),"")," ",""),"_","") | M30: {=IFERROR(INDEX(FileList!$A$1:$A$1000,MATCH(TRUE(),EXACT(L30,IFERROR(_xlfn.TEXTBEFORE(FileList!$A$1:$A$1000,".tsv"),"")),0)),"notfound")} | N30: Table 1. Cellular composition of the spinal cord | P30: FINISHED | Q30: added | R30: Burish_etal_2010_Table1_snapshot.csv | T30: Burish_etal_2010_Table1.csv | U30: pdf | V30: table | X30: https://doi.org/10.1159/000319019 | Y30: HH | Z30: HH | AA30: number spinal cord neurons | AC30: species-name-error: species-name typo corrected from paper text (in .R script). | AG30: isotropic fractionator | AH30: primates and tree shrew | AJ30: Primates (+ other mammals) | AK30: primary (averages) | AL30: review | AM30: review
A31: Bush, E. C., & Allman, J. M. (2003). The scaling of white matter to gray matter in cerebellum and neocortex. Brain Behav Evol, 61(1), 1-5. https://doi.org/10.1159/000068880 | D31: Table 1 | E31: =RIGHT(A31,1) | F31: =G31 & IF(H31<>"", "_" & H31, "_") & IF(I31<>"", "_" & I31, "_") & IF(B31<>"", "_" & B31, "") | G31: =SUBSTITUTE(SUBSTITUTE(_xlfn.TEXTBEFORE(A31,","), "-", ""), " ", "") | H31: =_xlfn.LET( _xlpm.authors,_xlfn.TEXTBEFORE(A31," ("&I31&")"), _xlpm.hasAmp,ISNUMBER(SEARCH("&",_xlpm.authors)), _xlpm.commasBeforeAmp,IF(_xlpm.hasAmp,LEN(_xlfn.TEXTBEFORE(_xlpm.authors,"&"))-LEN(SUBSTITUTE(_xlfn.TEXTBEFORE(_xlpm.authors,"&"),",","")),0), IF(NOT(_xlpm.hasAmp),"",IF(_xlpm.commasBeforeAmp>2,"etal",TRIM(_xlfn.TEXTBEFORE(_xlfn.TEXTAFTER(_xlpm.authors,"& "),",")))) ) | I31: =_xlfn.TEXTBEFORE(_xlfn.TEXTAFTER(A31, "("), ")") | J31: =_xlfn.LET( _xlpm.doi,IF(C31<>"",C31,_xlfn.TEXTAFTER(A31,"https://doi.org/")), SUBSTITUTE( SUBSTITUTE( SUBSTITUTE( SUBSTITUTE( _xlpm.doi, "/","%2F"), ":","%3A"), "<","%3C"), ">","%3E") ) | K31: =TRIM(_xlfn.TEXTJOIN("_",FALSE(),F31,(SUBSTITUTE(SUBSTITUTE(D31," ",""), "_", "")))) | L31: =J31 & "_" & SUBSTITUTE(SUBSTITUTE(SUBSTITUTE(D31,CHAR(160),"")," ",""),"_","") | M31: {=IFERROR(INDEX(FileList!$A$1:$A$1000,MATCH(TRUE(),EXACT(L31,IFERROR(_xlfn.TEXTBEFORE(FileList!$A$1:$A$1000,".tsv"),"")),0)),"notfound")} | N31: Table 2. Major axis regression slopes and 95% confidence intervals | P31: not extracted (regression statistics, not species trait data) | Y31: Allman | Z31: AFIP
A32: Bush, E. C., & Allman, J. M. (2004). The scaling of frontal cortex in primates and carnivores. Proc Natl Acad Sci U S A, 101(11), 3962-3966. https://doi.org/10.1073/pnas.0305760101 | B32: a | D32: Table 2 | E32: =RIGHT(A32,1) | F32: =G32 & IF(H32<>"", "_" & H32, "_") & IF(I32<>"", "_" & I32, "_") & IF(B32<>"", "_" & B32, "") | G32: =SUBSTITUTE(SUBSTITUTE(_xlfn.TEXTBEFORE(A32,","), "-", ""), " ", "") | H32: =_xlfn.LET( _xlpm.authors,_xlfn.TEXTBEFORE(A32," ("&I32&")"), _xlpm.hasAmp,ISNUMBER(SEARCH("&",_xlpm.authors)), _xlpm.commasBeforeAmp,IF(_xlpm.hasAmp,LEN(_xlfn.TEXTBEFORE(_xlpm.authors,"&"))-LEN(SUBSTITUTE(_xlfn.TEXTBEFORE(_xlpm.authors,"&"),",","")),0), IF(NOT(_xlpm.hasAmp),"",IF(_xlpm.commasBeforeAmp>2,"etal",TRIM(_xlfn.TEXTBEFORE(_xlfn.TEXTAFTER(_xlpm.authors,"& "),",")))) ) | I32: =_xlfn.TEXTBEFORE(_xlfn.TEXTAFTER(A32, "("), ")") | J32: =_xlfn.LET( _xlpm.doi,IF(C32<>"",C32,_xlfn.TEXTAFTER(A32,"https://doi.org/")), SUBSTITUTE( SUBSTITUTE( SUBSTITUTE( SUBSTITUTE( _xlpm.doi, "/","%2F"), ":","%3A"), "<","%3C"), ">","%3E") ) | K32: =TRIM(_xlfn.TEXTJOIN("_",FALSE(),F32,(SUBSTITUTE(SUBSTITUTE(D32," ",""), "_", "")))) | L32: =J32 & "_" & SUBSTITUTE(SUBSTITUTE(SUBSTITUTE(D32,CHAR(160),"")," ",""),"_","") | M32: {=IFERROR(INDEX(FileList!$A$1:$A$1000,MATCH(TRUE(),EXACT(L32,IFERROR(_xlfn.TEXTBEFORE(FileList!$A$1:$A$1000,".tsv"),"")),0)),"notfound")} | N32: Table 1. White matter and gray matter volumes (cm3) for neocortex and cerebellum for 45 mammals | P32: Data readable | R32: Bush_Allman_2003_Table1_snapshot.csv | S32: Y | T32: Bush_Allman_2003_Table1.csv | U32: pdf | V32: table | Y32: Allman | Z32: AFIP | AF32: histological sections | AG32: volumetry | AH32: mammals (incl. primates) | AI32: neocortex & cerebellum grey/white volumes | AK32: primary
A33: Bush, E. C., & Allman, J. M. (2004). Three-dimensional structure and evolution of primate primary visual cortex. Anat Rec (Hoboken), 281(1), 1088-1094. https://doi.org/10.1002/ar.a.20114 | B33: b | D33: TABLE 1 | E33: =RIGHT(A33,1) | F33: =G33 & IF(H33<>"", "_" & H33, "_") & IF(I33<>"", "_" & I33, "_") & IF(B33<>"", "_" & B33, "") | G33: =SUBSTITUTE(SUBSTITUTE(_xlfn.TEXTBEFORE(A33,","), "-", ""), " ", "") | H33: =_xlfn.LET( _xlpm.authors,_xlfn.TEXTBEFORE(A33," ("&I33&")"), _xlpm.hasAmp,ISNUMBER(SEARCH("&",_xlpm.authors)), _xlpm.commasBeforeAmp,IF(_xlpm.hasAmp,LEN(_xlfn.TEXTBEFORE(_xlpm.authors,"&"))-LEN(SUBSTITUTE(_xlfn.TEXTBEFORE(_xlpm.authors,"&"),",","")),0), IF(NOT(_xlpm.hasAmp),"",IF(_xlpm.commasBeforeAmp>2,"etal",TRIM(_xlfn.TEXTBEFORE(_xlfn.TEXTAFTER(_xlpm.authors,"& "),",")))) ) | I33: =_xlfn.TEXTBEFORE(_xlfn.TEXTAFTER(A33, "("), ")") | J33: =_xlfn.LET( _xlpm.doi,IF(C33<>"",C33,_xlfn.TEXTAFTER(A33,"https://doi.org/")), SUBSTITUTE( SUBSTITUTE( SUBSTITUTE( SUBSTITUTE( _xlpm.doi, "/","%2F"), ":","%3A"), "<","%3C"), ">","%3E") ) | K33: =TRIM(_xlfn.TEXTJOIN("_",FALSE(),F33,(SUBSTITUTE(SUBSTITUTE(D33," ",""), "_", "")))) | L33: =J33 & "_" & SUBSTITUTE(SUBSTITUTE(SUBSTITUTE(D33,CHAR(160),"")," ",""),"_","") | M33: {=IFERROR(INDEX(FileList!$A$1:$A$1000,MATCH(TRUE(),EXACT(L33,IFERROR(_xlfn.TEXTBEFORE(FileList!$A$1:$A$1000,".tsv"),"")),0)),"notfound")} | N33: Table 1. Measurements in V1 and the rest of the brain for a sample of primates | P33: Data readable | R33: Bush_Allman_2004_Table1_snapshot.csv | S33: Y | T33: Bush_Allman_2004_Table1.csv | U33: pdf | V33: table | Y33: Allman | Z33: AFIP | AF33: histological sections | AG33: volumetry/stereology | AH33: primates | AI33: V1 grey, LGN, V1 surface, neocortex GM/WM | AK33: primary
A34: Caspar, K. R., Pallasdies, F., Mader, L., Sartorelli, H., & Begall, S. (2022). The evolution and biological correlates of hand preferences in anthropoid primates. Elife, 11, e77875. https://doi.org/10.7554/eLife.77875 | D34: Supplementary file 3 | E34: =RIGHT(A34,1) | F34: =G34 & IF(H34<>"", "_" & H34, "_") & IF(I34<>"", "_" & I34, "_") & IF(B34<>"", "_" & B34, "") | G34: =SUBSTITUTE(SUBSTITUTE(_xlfn.TEXTBEFORE(A34,","), "-", ""), " ", "") | H34: =_xlfn.LET( _xlpm.authors,_xlfn.TEXTBEFORE(A34," ("&I34&")"), _xlpm.hasAmp,ISNUMBER(SEARCH("&",_xlpm.authors)), _xlpm.commasBeforeAmp,IF(_xlpm.hasAmp,LEN(_xlfn.TEXTBEFORE(_xlpm.authors,"&"))-LEN(SUBSTITUTE(_xlfn.TEXTBEFORE(_xlpm.authors,"&"),",","")),0), IF(NOT(_xlpm.hasAmp),"",IF(_xlpm.commasBeforeAmp>2,"etal",TRIM(_xlfn.TEXTBEFORE(_xlfn.TEXTAFTER(_xlpm.authors,"& "),",")))) ) | I34: =_xlfn.TEXTBEFORE(_xlfn.TEXTAFTER(A34, "("), ")") | J34: =_xlfn.LET( _xlpm.doi,IF(C34<>"",C34,_xlfn.TEXTAFTER(A34,"https://doi.org/")), SUBSTITUTE( SUBSTITUTE( SUBSTITUTE( SUBSTITUTE( _xlpm.doi, "/","%2F"), ":","%3A"), "<","%3C"), ">","%3E") ) | K34: =TRIM(_xlfn.TEXTJOIN("_",FALSE(),F34,(SUBSTITUTE(SUBSTITUTE(D34," ",""), "_", "")))) | L34: =J34 & "_" & SUBSTITUTE(SUBSTITUTE(SUBSTITUTE(D34,CHAR(160),"")," ",""),"_","") | M34: {=IFERROR(INDEX(FileList!$A$1:$A$1000,MATCH(TRUE(),EXACT(L34,IFERROR(_xlfn.TEXTBEFORE(FileList!$A$1:$A$1000,".tsv"),"")),0)),"notfound")} | N34: part 2: ecological table | P34: FINISHED | Q34: added | R34: elife-77875-supp3-v1.xlsx | S34: N | T34: =IF(S34="N", R34, "write file name") | U34: xlsx | V34: table | W34: YES - download link | X34: https://cdn.elifesciences.org/articles/77875/elife-77875-supp3-v1.xlsx | AH34: primates | AI34: Habitual Tool Use, Ecology, Female brain size | AJ34: Primates | AK34: secondary | AL34: secondary | AM34: behavioural (handedness, tool use, ecology)
A35: Caspar, K. R., Pallasdies, F., Mader, L., Sartorelli, H., & Begall, S. (2022). The evolution and biological correlates of hand preferences in anthropoid primates. Elife, 11, e77875. https://doi.org/10.7554/eLife.77875 | D35: Table 1 | E35: =RIGHT(A35,1) | F35: =G35 & IF(H35<>"", "_" & H35, "_") & IF(I35<>"", "_" & I35, "_") & IF(B35<>"", "_" & B35, "") | G35: =SUBSTITUTE(SUBSTITUTE(_xlfn.TEXTBEFORE(A35,","), "-", ""), " ", "") | H35: =_xlfn.LET( _xlpm.authors,_xlfn.TEXTBEFORE(A35," ("&I35&")"), _xlpm.hasAmp,ISNUMBER(SEARCH("&",_xlpm.authors)), _xlpm.commasBeforeAmp,IF(_xlpm.hasAmp,LEN(_xlfn.TEXTBEFORE(_xlpm.authors,"&"))-LEN(SUBSTITUTE(_xlfn.TEXTBEFORE(_xlpm.authors,"&"),",","")),0), IF(NOT(_xlpm.hasAmp),"",IF(_xlpm.commasBeforeAmp>2,"etal",TRIM(_xlfn.TEXTBEFORE(_xlfn.TEXTAFTER(_xlpm.authors,"& "),",")))) ) | I35: =_xlfn.TEXTBEFORE(_xlfn.TEXTAFTER(A35, "("), ")") | J35: =_xlfn.LET( _xlpm.doi,IF(C35<>"",C35,_xlfn.TEXTAFTER(A35,"https://doi.org/")), SUBSTITUTE( SUBSTITUTE( SUBSTITUTE( SUBSTITUTE( _xlpm.doi, "/","%2F"), ":","%3A"), "<","%3C"), ">","%3E") ) | K35: =TRIM(_xlfn.TEXTJOIN("_",FALSE(),F35,(SUBSTITUTE(SUBSTITUTE(D35," ",""), "_", "")))) | L35: =J35 & "_" & SUBSTITUTE(SUBSTITUTE(SUBSTITUTE(D35,CHAR(160),"")," ",""),"_","") | M35: {=IFERROR(INDEX(FileList!$A$1:$A$1000,MATCH(TRUE(),EXACT(L35,IFERROR(_xlfn.TEXTBEFORE(FileList!$A$1:$A$1000,".tsv"),"")),0)),"notfound")} | N35: part 1: handedness summary table | P35: FINISHED | Q35: added | R35: Caspar_etal_2022_Table1_snapshot.xlsx | S35: Y | T35: Caspar_etal_2022_Table1.csv | U35: pdf | V35: table | W35: YES - but formatting issues | X35: https://elifesciences.org/download/aHR0cHM6Ly9jZG4uZWxpZmVzY2llbmNlcy5vcmcvYXJ0aWNsZXMvNzc4NzUvZWxpZmUtNzc4NzUtdjEucGRmP2Nhbm9uaWNhbFVyaT1odHRwczovL2VsaWZlc2NpZW5jZXMub3JnL2FydGljbGVzLzc3ODc1/elife-77875-v1.pdf?_hash=NStjcL9fTlmy3AQDwSiM0YgMVB3UYjO8nDg0UbwN5gM%3D | AB35: perhaps useful to get raw data as well? | AH35: primates | AI35: Handedness derived data | AJ35: Primates | AK35: derived from primary | AL35: secondary | AM35: behavioural (handedness)
A36: Caves, E. M., Brandley, N. C., & Johnsen, S. (2018). Visual Acuity and the Evolution of Signals. Trends Ecol Evol, 33(5), 358-372. https://doi.org/10.1016/j.tree.2018.03.001 | D36: Table S1 | E36: =RIGHT(A36,1) | F36: =G36 & IF(H36<>"", "_" & H36, "_") & IF(I36<>"", "_" & I36, "_") & IF(B36<>"", "_" & B36, "") | G36: =SUBSTITUTE(SUBSTITUTE(_xlfn.TEXTBEFORE(A36,","), "-", ""), " ", "") | H36: =_xlfn.LET( _xlpm.authors,_xlfn.TEXTBEFORE(A36," ("&I36&")"), _xlpm.hasAmp,ISNUMBER(SEARCH("&",_xlpm.authors)), _xlpm.commasBeforeAmp,IF(_xlpm.hasAmp,LEN(_xlfn.TEXTBEFORE(_xlpm.authors,"&"))-LEN(SUBSTITUTE(_xlfn.TEXTBEFORE(_xlpm.authors,"&"),",","")),0), IF(NOT(_xlpm.hasAmp),"",IF(_xlpm.commasBeforeAmp>2,"etal",TRIM(_xlfn.TEXTBEFORE(_xlfn.TEXTAFTER(_xlpm.authors,"& "),",")))) ) | I36: =_xlfn.TEXTBEFORE(_xlfn.TEXTAFTER(A36, "("), ")") | J36: =_xlfn.LET( _xlpm.doi,IF(C36<>"",C36,_xlfn.TEXTAFTER(A36,"https://doi.org/")), SUBSTITUTE( SUBSTITUTE( SUBSTITUTE( SUBSTITUTE( _xlpm.doi, "/","%2F"), ":","%3A"), "<","%3C"), ">","%3E") ) | K36: =TRIM(_xlfn.TEXTJOIN("_",FALSE(),F36,(SUBSTITUTE(SUBSTITUTE(D36," ",""), "_", "")))) | L36: =J36 & "_" & SUBSTITUTE(SUBSTITUTE(SUBSTITUTE(D36,CHAR(160),"")," ",""),"_","") | M36: {=IFERROR(INDEX(FileList!$A$1:$A$1000,MATCH(TRUE(),EXACT(L36,IFERROR(_xlfn.TEXTBEFORE(FileList!$A$1:$A$1000,".tsv"),"")),0)),"notfound")}
A37: Changizi, M. A. (2001). Principles underlying mammalian neocortical scaling. Biol Cybern, 84(3), 207-215. https://doi.org/10.1007/s004220000205 | D37: Figure 3 | E37: =RIGHT(A37,1) | F37: =G37 & IF(H37<>"", "_" & H37, "_") & IF(I37<>"", "_" & I37, "_") & IF(B37<>"", "_" & B37, "") | G37: =SUBSTITUTE(SUBSTITUTE(_xlfn.TEXTBEFORE(A37,","), "-", ""), " ", "") | H37: =_xlfn.LET( _xlpm.authors,_xlfn.TEXTBEFORE(A37," ("&I37&")"), _xlpm.hasAmp,ISNUMBER(SEARCH("&",_xlpm.authors)), _xlpm.commasBeforeAmp,IF(_xlpm.hasAmp,LEN(_xlfn.TEXTBEFORE(_xlpm.authors,"&"))-LEN(SUBSTITUTE(_xlfn.TEXTBEFORE(_xlpm.authors,"&"),",","")),0), IF(NOT(_xlpm.hasAmp),"",IF(_xlpm.commasBeforeAmp>2,"etal",TRIM(_xlfn.TEXTBEFORE(_xlfn.TEXTAFTER(_xlpm.authors,"& "),",")))) ) | I37: =_xlfn.TEXTBEFORE(_xlfn.TEXTAFTER(A37, "("), ")") | J37: =_xlfn.LET( _xlpm.doi,IF(C37<>"",C37,_xlfn.TEXTAFTER(A37,"https://doi.org/")), SUBSTITUTE( SUBSTITUTE( SUBSTITUTE( SUBSTITUTE( _xlpm.doi, "/","%2F"), ":","%3A"), "<","%3C"), ">","%3E") ) | K37: =TRIM(_xlfn.TEXTJOIN("_",FALSE(),F37,(SUBSTITUTE(SUBSTITUTE(D37," ",""), "_", "")))) | L37: =J37 & "_" & SUBSTITUTE(SUBSTITUTE(SUBSTITUTE(D37,CHAR(160),"")," ",""),"_","") | M37: {=IFERROR(INDEX(FileList!$A$1:$A$1000,MATCH(TRUE(),EXACT(L37,IFERROR(_xlfn.TEXTBEFORE(FileList!$A$1:$A$1000,".tsv"),"")),0)),"notfound")} | P37: Species -- wait for Project Kaskan | Q37: NA | R37: Changizi__2001_Figure3_snapshot.csv | S37: Y | T37: Changizi__2001_Figure3.csv | U37: pdf | V37: figure and caption | W37: NO - paywall | AB37: summary to check more precise areas from ProjectKaskan | AI37: number of cortical areas | AJ37: Mammals | AK37: primary (derived from published materials) | AL37: secondary | AM37: cortical area count / scaling
A38: Chen, Z., & Wiens, J. J. (2020). The origins of acoustic communication in vertebrates. Nature Communications, 11(1), 369. https://doi.org/10.1038/s41467-020-14356-3 | D38: Supplementary Data 3 | E38: =RIGHT(A38,1) | F38: =G38 & IF(H38<>"", "_" & H38, "_") & IF(I38<>"", "_" & I38, "_") & IF(B38<>"", "_" & B38, "") | G38: =SUBSTITUTE(SUBSTITUTE(_xlfn.TEXTBEFORE(A38,","), "-", ""), " ", "") | H38: =_xlfn.LET( _xlpm.authors,_xlfn.TEXTBEFORE(A38," ("&I38&")"), _xlpm.hasAmp,ISNUMBER(SEARCH("&",_xlpm.authors)), _xlpm.commasBeforeAmp,IF(_xlpm.hasAmp,LEN(_xlfn.TEXTBEFORE(_xlpm.authors,"&"))-LEN(SUBSTITUTE(_xlfn.TEXTBEFORE(_xlpm.authors,"&"),",","")),0), IF(NOT(_xlpm.hasAmp),"",IF(_xlpm.commasBeforeAmp>2,"etal",TRIM(_xlfn.TEXTBEFORE(_xlfn.TEXTAFTER(_xlpm.authors,"& "),",")))) ) | I38: =_xlfn.TEXTBEFORE(_xlfn.TEXTAFTER(A38, "("), ")") | J38: =_xlfn.LET( _xlpm.doi,IF(C38<>"",C38,_xlfn.TEXTAFTER(A38,"https://doi.org/")), SUBSTITUTE( SUBSTITUTE( SUBSTITUTE( SUBSTITUTE( _xlpm.doi, "/","%2F"), ":","%3A"), "<","%3C"), ">","%3E") ) | K38: =TRIM(_xlfn.TEXTJOIN("_",FALSE(),F38,(SUBSTITUTE(SUBSTITUTE(D38," ",""), "_", "")))) | L38: =J38 & "_" & SUBSTITUTE(SUBSTITUTE(SUBSTITUTE(D38,CHAR(160),"")," ",""),"_","") | M38: {=IFERROR(INDEX(FileList!$A$1:$A$1000,MATCH(TRUE(),EXACT(L38,IFERROR(_xlfn.TEXTBEFORE(FileList!$A$1:$A$1000,".tsv"),"")),0)),"notfound")} | P38: FINISHED | Q38: added | R38: 41467_2020_14356_MOESM6_ESM.xlsx | S38: N | T38: =IF(S38="N", R38, "write file name") | U38: xlsx | V38: table | W38: YES - download link | X38: https://static-content.springer.com/esm/art%3A10.1038%2Fs41467-020-14356-3/MediaObjects/41467_2020_14356_MOESM6_ESM.xlsx | AA38: dial activity (Supp 4) | AB38: maybe delete: not relevent in current dataset, unless for imputations? | AH38: vertebrates | AI38: acoustic communication | AJ38: Tetrapod vertebrates | AK38: secondary | AL38: secondary | AM38: behavioural (acoustic communication)
A39: Collins, C. E., Airey, D. C., Young, N. A., Leitch, D. B., & Kaas, J. H. (2010). Neuron densities vary across and within cortical areas in primates. Proc Natl Acad Sci U S A, 107(36), 15927-15932. https://doi.org/10.1073/pnas.1010356107 | D39: Dataset S1 | E39: =RIGHT(A39,1) | F39: =G39 & IF(H39<>"", "_" & H39, "_") & IF(I39<>"", "_" & I39, "_") & IF(B39<>"", "_" & B39, "") | G39: =SUBSTITUTE(SUBSTITUTE(_xlfn.TEXTBEFORE(A39,","), "-", ""), " ", "") | H39: =_xlfn.LET( _xlpm.authors,_xlfn.TEXTBEFORE(A39," ("&I39&")"), _xlpm.hasAmp,ISNUMBER(SEARCH("&",_xlpm.authors)), _xlpm.commasBeforeAmp,IF(_xlpm.hasAmp,LEN(_xlfn.TEXTBEFORE(_xlpm.authors,"&"))-LEN(SUBSTITUTE(_xlfn.TEXTBEFORE(_xlpm.authors,"&"),",","")),0), IF(NOT(_xlpm.hasAmp),"",IF(_xlpm.commasBeforeAmp>2,"etal",TRIM(_xlfn.TEXTBEFORE(_xlfn.TEXTAFTER(_xlpm.authors,"& "),",")))) ) | I39: =_xlfn.TEXTBEFORE(_xlfn.TEXTAFTER(A39, "("), ")") | J39: =_xlfn.LET( _xlpm.doi,IF(C39<>"",C39,_xlfn.TEXTAFTER(A39,"https://doi.org/")), SUBSTITUTE( SUBSTITUTE( SUBSTITUTE( SUBSTITUTE( _xlpm.doi, "/","%2F"), ":","%3A"), "<","%3C"), ">","%3E") ) | K39: =TRIM(_xlfn.TEXTJOIN("_",FALSE(),F39,(SUBSTITUTE(SUBSTITUTE(D39," ",""), "_", "")))) | L39: =J39 & "_" & SUBSTITUTE(SUBSTITUTE(SUBSTITUTE(D39,CHAR(160),"")," ",""),"_","") | M39: {=IFERROR(INDEX(FileList!$A$1:$A$1000,MATCH(TRUE(),EXACT(L39,IFERROR(_xlfn.TEXTBEFORE(FileList!$A$1:$A$1000,".tsv"),"")),0)),"notfound")} | Y39: Kaas | AI39: cortical area surface area, neuron density | AJ39: Primates | AK39: primary | AL39: primary | AM39: cortical surface area
A40: Collins, C. E., Turner, E. C., Sawyer, E. K., Reed, J. L., Young, N. A., Flaherty, D. K., & Kaas, J. H. (2016). Cortical cell and neuron density estimates in one chimpanzee hemisphere. Proc Natl Acad Sci U S A, 113(3), 740-745. https://doi.org/10.1073/pnas.1524208113 | D40: Table 1 | E40: =RIGHT(A40,1) | F40: =G40 & IF(H40<>"", "_" & H40, "_") & IF(I40<>"", "_" & I40, "_") & IF(B40<>"", "_" & B40, "") | G40: =SUBSTITUTE(SUBSTITUTE(_xlfn.TEXTBEFORE(A40,","), "-", ""), " ", "") | H40: =_xlfn.LET( _xlpm.authors,_xlfn.TEXTBEFORE(A40," ("&I40&")"), _xlpm.hasAmp,ISNUMBER(SEARCH("&",_xlpm.authors)), _xlpm.commasBeforeAmp,IF(_xlpm.hasAmp,LEN(_xlfn.TEXTBEFORE(_xlpm.authors,"&"))-LEN(SUBSTITUTE(_xlfn.TEXTBEFORE(_xlpm.authors,"&"),",","")),0), IF(NOT(_xlpm.hasAmp),"",IF(_xlpm.commasBeforeAmp>2,"etal",TRIM(_xlfn.TEXTBEFORE(_xlfn.TEXTAFTER(_xlpm.authors,"& "),",")))) ) | I40: =_xlfn.TEXTBEFORE(_xlfn.TEXTAFTER(A40, "("), ")") | J40: =_xlfn.LET( _xlpm.doi,IF(C40<>"",C40,_xlfn.TEXTAFTER(A40,"https://doi.org/")), SUBSTITUTE( SUBSTITUTE( SUBSTITUTE( SUBSTITUTE( _xlpm.doi, "/","%2F"), ":","%3A"), "<","%3C"), ">","%3E") ) | K40: =TRIM(_xlfn.TEXTJOIN("_",FALSE(),F40,(SUBSTITUTE(SUBSTITUTE(D40," ",""), "_", "")))) | L40: =J40 & "_" & SUBSTITUTE(SUBSTITUTE(SUBSTITUTE(D40,CHAR(160),"")," ",""),"_","") | M40: {=IFERROR(INDEX(FileList!$A$1:$A$1000,MATCH(TRUE(),EXACT(L40,IFERROR(_xlfn.TEXTBEFORE(FileList!$A$1:$A$1000,".tsv"),"")),0)),"notfound")} | N40: Cortical cell and neuron density in one chimpanzee hemisphere (Table 1) | V40: table | Y40: Kaas | Z40: HH | AG40: isotropic fractionator | AI40: cortical neuron/cell density | AJ40: Primates | AK40: primary | AL40: primary | AM40: neuron/cell density & number
A41: de Sousa, A. A., Sherwood, C. C., Hof, P. R., & Zilles, K. (2013). Lamination of the lateral geniculate nucleus of catarrhine primates. Brain Behav Evol, 81(2), 93-108. https://doi.org/10.1159/000346495 | D41: Table 1 | E41: =RIGHT(A41,1) | F41: =G41 & IF(H41<>"", "_" & H41, "_") & IF(I41<>"", "_" & I41, "_") & IF(B41<>"", "_" & B41, "") | G41: =SUBSTITUTE(SUBSTITUTE(_xlfn.TEXTBEFORE(A41,","), "-", ""), " ", "") | H41: =_xlfn.LET( _xlpm.authors,_xlfn.TEXTBEFORE(A41," ("&I41&")"), _xlpm.hasAmp,ISNUMBER(SEARCH("&",_xlpm.authors)), _xlpm.commasBeforeAmp,IF(_xlpm.hasAmp,LEN(_xlfn.TEXTBEFORE(_xlpm.authors,"&"))-LEN(SUBSTITUTE(_xlfn.TEXTBEFORE(_xlpm.authors,"&"),",","")),0), IF(NOT(_xlpm.hasAmp),"",IF(_xlpm.commasBeforeAmp>2,"etal",TRIM(_xlfn.TEXTBEFORE(_xlfn.TEXTAFTER(_xlpm.authors,"& "),",")))) ) | I41: =_xlfn.TEXTBEFORE(_xlfn.TEXTAFTER(A41, "("), ")") | J41: =_xlfn.LET( _xlpm.doi,IF(C41<>"",C41,_xlfn.TEXTAFTER(A41,"https://doi.org/")), SUBSTITUTE( SUBSTITUTE( SUBSTITUTE( SUBSTITUTE( _xlpm.doi, "/","%2F"), ":","%3A"), "<","%3C"), ">","%3E") ) | K41: =TRIM(_xlfn.TEXTJOIN("_",FALSE(),F41,(SUBSTITUTE(SUBSTITUTE(D41," ",""), "_", "")))) | L41: =J41 & "_" & SUBSTITUTE(SUBSTITUTE(SUBSTITUTE(D41,CHAR(160),"")," ",""),"_","") | M41: {=IFERROR(INDEX(FileList!$A$1:$A$1000,MATCH(TRUE(),EXACT(L41,IFERROR(_xlfn.TEXTBEFORE(FileList!$A$1:$A$1000,".tsv"),"")),0)),"notfound")} | N41: Table 1. LGN parvocellular lamination, species mean brain weights and LGN volumes | P41: Data readable | R41: deSousa_etal_2013_Table1_snapshot.csv | S41: Y | T41: deSousa_etal_2013_Table1.csv | U41: pdf | V41: table | Y41: Stephan, Zilles | Z41: Stephan, Zilles, AFIP, Sherwood, Hof | AF41: histological sections | AG41: volumetry | AH41: catarrhine primates | AI41: LGN volume + parvocellular lamination + brain weight | AJ41: Primates (+ Insectivora) | AK41: primary | AL41: primary | AM41: volume
A42: de Sousa, A. A., Sherwood, C. C., Mohlberg, H., Amunts, K., Schleicher, A., MacLeod, C. E., Hof, P. R., Frahm, H., & Zilles, K. (2010). Hominoid visual brain structure volumes and the position of the lunate sulcus. J Hum Evol, 58(4), 281-292. https://doi.org/10.1016/j.jhevol.2009.11.011 | D42: Sup Table 2 | E42: =RIGHT(A42,1) | F42: =G42 & IF(H42<>"", "_" & H42, "_") & IF(I42<>"", "_" & I42, "_") & IF(B42<>"", "_" & B42, "") | G42: =SUBSTITUTE(SUBSTITUTE(_xlfn.TEXTBEFORE(A42,","), "-", ""), " ", "") | H42: =_xlfn.LET( _xlpm.authors,_xlfn.TEXTBEFORE(A42," ("&I42&")"), _xlpm.hasAmp,ISNUMBER(SEARCH("&",_xlpm.authors)), _xlpm.commasBeforeAmp,IF(_xlpm.hasAmp,LEN(_xlfn.TEXTBEFORE(_xlpm.authors,"&"))-LEN(SUBSTITUTE(_xlfn.TEXTBEFORE(_xlpm.authors,"&"),",","")),0), IF(NOT(_xlpm.hasAmp),"",IF(_xlpm.commasBeforeAmp>2,"etal",TRIM(_xlfn.TEXTBEFORE(_xlfn.TEXTAFTER(_xlpm.authors,"& "),",")))) ) | I42: =_xlfn.TEXTBEFORE(_xlfn.TEXTAFTER(A42, "("), ")") | J42: =_xlfn.LET( _xlpm.doi,IF(C42<>"",C42,_xlfn.TEXTAFTER(A42,"https://doi.org/")), SUBSTITUTE( SUBSTITUTE( SUBSTITUTE( SUBSTITUTE( _xlpm.doi, "/","%2F"), ":","%3A"), "<","%3C"), ">","%3E") ) | K42: =TRIM(_xlfn.TEXTJOIN("_",FALSE(),F42,(SUBSTITUTE(SUBSTITUTE(D42," ",""), "_", "")))) | L42: =J42 & "_" & SUBSTITUTE(SUBSTITUTE(SUBSTITUTE(D42,CHAR(160),"")," ",""),"_","") | M42: {=IFERROR(INDEX(FileList!$A$1:$A$1000,MATCH(TRUE(),EXACT(L42,IFERROR(_xlfn.TEXTBEFORE(FileList!$A$1:$A$1000,".tsv"),"")),0)),"notfound")} | N42: Supplementary Table 2. Primate species mean volumes | O42: VALUE ERROR — neocortex (kept in snapshot, corrected in data) | P42: FINISHED | R42: deSousa_etal_2010_SupTable2_snapshot.xlsx | S42: Y | T42: deSousa_etal_2010_SupTable2.csv | V42: doc (online supplement, mmc2.doc) | X42: https://doi.org/10.1016/j.jhevol.2009.11.011 | Y42: Stephan,Zilles | Z42: Stephan, Zilles, AFIP, Sherwood, Hof | AB42: Online supplementary Table 2 (file 1-s2.0-S0047248410000023-mmc2.doc). Snapshot reproduces the published table verbatim incl. the error; cleaned CSV corrects it. See deSousa_etal_2010.ReadMe.md. | AC42: value-error: Neocortex (Neo. vol.) for 17 strepsirrhine/tarsier spp. mis-copied from Stephan 1981/1988 in published Supp. Table 2 (13/17 exceed brain vol., impossible) — kept in snapshot, corrected to Stephan values in dataset. || species-name-error: 7 binomials misspelt in published table — kept in snapshot, corrected in dataset (see correction column). | AD42: units labelled 'g' in source but values are cm3 | AF42: histological sections | AG42: volumetry | AH42: value error (transcription) + species-name errors | AI42: brain, neocortex, V1 (area striata), LGN mean volumes | AJ42: Primates (+ Insectivora) | AK42: primary | AL42: primary | AM42: volume
A43: de Sousa, A. A., Sherwood, C. C., Mohlberg, H., Amunts, K., Schleicher, A., MacLeod, C. E., Hof, P. R., Frahm, H., & Zilles, K. (2010). Hominoid visual brain structure volumes and the position of the lunate sulcus. J Hum Evol, 58(4), 281-292. https://doi.org/10.1016/j.jhevol.2009.11.011 | D43: Table 1 | E43: =RIGHT(A43,1) | F43: =G43 & IF(H43<>"", "_" & H43, "_") & IF(I43<>"", "_" & I43, "_") & IF(B43<>"", "_" & B43, "") | G43: =SUBSTITUTE(SUBSTITUTE(_xlfn.TEXTBEFORE(A43,","), "-", ""), " ", "") | H43: =_xlfn.LET( _xlpm.authors,_xlfn.TEXTBEFORE(A43," ("&I43&")"), _xlpm.hasAmp,ISNUMBER(SEARCH("&",_xlpm.authors)), _xlpm.commasBeforeAmp,IF(_xlpm.hasAmp,LEN(_xlfn.TEXTBEFORE(_xlpm.authors,"&"))-LEN(SUBSTITUTE(_xlfn.TEXTBEFORE(_xlpm.authors,"&"),",","")),0), IF(NOT(_xlpm.hasAmp),"",IF(_xlpm.commasBeforeAmp>2,"etal",TRIM(_xlfn.TEXTBEFORE(_xlfn.TEXTAFTER(_xlpm.authors,"& "),",")))) ) | I43: =_xlfn.TEXTBEFORE(_xlfn.TEXTAFTER(A43, "("), ")") | J43: =_xlfn.LET( _xlpm.doi,IF(C43<>"",C43,_xlfn.TEXTAFTER(A43,"https://doi.org/")), SUBSTITUTE( SUBSTITUTE( SUBSTITUTE( SUBSTITUTE( _xlpm.doi, "/","%2F"), ":","%3A"), "<","%3C"), ">","%3E") ) | K43: =TRIM(_xlfn.TEXTJOIN("_",FALSE(),F43,(SUBSTITUTE(SUBSTITUTE(D43," ",""), "_", "")))) | L43: =J43 & "_" & SUBSTITUTE(SUBSTITUTE(SUBSTITUTE(D43,CHAR(160),"")," ",""),"_","") | M43: {=IFERROR(INDEX(FileList!$A$1:$A$1000,MATCH(TRUE(),EXACT(L43,IFERROR(_xlfn.TEXTBEFORE(FileList!$A$1:$A$1000,".tsv"),"")),0)),"notfound")} | N43: Hominoid visual brain structure volumes (Table 1) | V43: table | Y43: Stephan, Zilles | Z43: Stephan, Zilles, AFIP, Sherwood, Hof | AF43: histological sections & MRI | AG43: volumetry | AI43: visual brain structure volumes | AJ43: Primates (+ Insectivora) | AK43: primary | AL43: primary | AM43: volume
A44: DeCasien, A. R., & Higham, J. P. (2019). Primate mosaic brain evolution reflects selection on sensory and cognitive specialization. Nat Ecol Evol, 3(10), 1483-1493. https://doi.org/10.1038/s41559-019-0969-0 | D44: Supplementary Data 1-Activity Period | E44: =RIGHT(A44,1) | F44: =G44 & IF(H44<>"", "_" & H44, "_") & IF(I44<>"", "_" & I44, "_") & IF(B44<>"", "_" & B44, "") | G44: =SUBSTITUTE(SUBSTITUTE(_xlfn.TEXTBEFORE(A44,","), "-", ""), " ", "") | H44: =_xlfn.LET( _xlpm.authors,_xlfn.TEXTBEFORE(A44," ("&I44&")"), _xlpm.hasAmp,ISNUMBER(SEARCH("&",_xlpm.authors)), _xlpm.commasBeforeAmp,IF(_xlpm.hasAmp,LEN(_xlfn.TEXTBEFORE(_xlpm.authors,"&"))-LEN(SUBSTITUTE(_xlfn.TEXTBEFORE(_xlpm.authors,"&"),",","")),0), IF(NOT(_xlpm.hasAmp),"",IF(_xlpm.commasBeforeAmp>2,"etal",TRIM(_xlfn.TEXTBEFORE(_xlfn.TEXTAFTER(_xlpm.authors,"& "),",")))) ) | I44: =_xlfn.TEXTBEFORE(_xlfn.TEXTAFTER(A44, "("), ")") | J44: =_xlfn.LET( _xlpm.doi,IF(C44<>"",C44,_xlfn.TEXTAFTER(A44,"https://doi.org/")), SUBSTITUTE( SUBSTITUTE( SUBSTITUTE( SUBSTITUTE( _xlpm.doi, "/","%2F"), ":","%3A"), "<","%3C"), ">","%3E") ) | K44: =TRIM(_xlfn.TEXTJOIN("_",FALSE(),F44,(SUBSTITUTE(SUBSTITUTE(D44," ",""), "_", "")))) | L44: =J44 & "_" & SUBSTITUTE(SUBSTITUTE(SUBSTITUTE(D44,CHAR(160),"")," ",""),"_","") | M44: {=IFERROR(INDEX(FileList!$A$1:$A$1000,MATCH(TRUE(),EXACT(L44,IFERROR(_xlfn.TEXTBEFORE(FileList!$A$1:$A$1000,".tsv"),"")),0)),"notfound")} | N44: Supplementary Data 1 Brain Region Data (mm3) | U44: xlsx | V44: table Sheet 1 | W44: YES - download link | X44: https://www.nature.com/articles/s41559-019-0969-0#Sec13 | AF44: histological sections | AH44: primates | AI44: Activity Period | AJ44: Primates | AK44: secondary | AL44: secondary | AM44: ecology (activity period)
A45: DeCasien, A. R., & Higham, J. P. (2019). Primate mosaic brain evolution reflects selection on sensory and cognitive specialization. Nat Ecol Evol, 3(10), 1483-1493. https://doi.org/10.1038/s41559-019-0969-0 | D45: Supplementary Data 1-Brain Region | E45: =RIGHT(A45,1) | F45: =G45 & IF(H45<>"", "_" & H45, "_") & IF(I45<>"", "_" & I45, "_") & IF(B45<>"", "_" & B45, "") | G45: =SUBSTITUTE(SUBSTITUTE(_xlfn.TEXTBEFORE(A45,","), "-", ""), " ", "") | H45: =_xlfn.LET( _xlpm.authors,_xlfn.TEXTBEFORE(A45," ("&I45&")"), _xlpm.hasAmp,ISNUMBER(SEARCH("&",_xlpm.authors)), _xlpm.commasBeforeAmp,IF(_xlpm.hasAmp,LEN(_xlfn.TEXTBEFORE(_xlpm.authors,"&"))-LEN(SUBSTITUTE(_xlfn.TEXTBEFORE(_xlpm.authors,"&"),",","")),0), IF(NOT(_xlpm.hasAmp),"",IF(_xlpm.commasBeforeAmp>2,"etal",TRIM(_xlfn.TEXTBEFORE(_xlfn.TEXTAFTER(_xlpm.authors,"& "),",")))) ) | I45: =_xlfn.TEXTBEFORE(_xlfn.TEXTAFTER(A45, "("), ")") | J45: =_xlfn.LET( _xlpm.doi,IF(C45<>"",C45,_xlfn.TEXTAFTER(A45,"https://doi.org/")), SUBSTITUTE( SUBSTITUTE( SUBSTITUTE( SUBSTITUTE( _xlpm.doi, "/","%2F"), ":","%3A"), "<","%3C"), ">","%3E") ) | K45: =TRIM(_xlfn.TEXTJOIN("_",FALSE(),F45,(SUBSTITUTE(SUBSTITUTE(D45," ",""), "_", "")))) | L45: =J45 & "_" & SUBSTITUTE(SUBSTITUTE(SUBSTITUTE(D45,CHAR(160),"")," ",""),"_","") | M45: {=IFERROR(INDEX(FileList!$A$1:$A$1000,MATCH(TRUE(),EXACT(L45,IFERROR(_xlfn.TEXTBEFORE(FileList!$A$1:$A$1000,".tsv"),"")),0)),"notfound")} | N45: Supplementary Data 1 Brain Region Data (mm3) | U45: xlsx | V45: table Sheet 1 | W45: YES - download link | X45: https://www.nature.com/articles/s41559-019-0969-0#Sec13 | AB45: mostly Stephan and other Ddorf studies | AF45: histological sections | AH45: primates | AI45: Brain Regions Volumes | AJ45: Primates | AK45: secondary | AL45: secondary | AM45: volume
A46: DeCasien, A. R., & Higham, J. P. (2019). Primate mosaic brain evolution reflects selection on sensory and cognitive specialization. Nat Ecol Evol, 3(10), 1483-1493. https://doi.org/10.1038/s41559-019-0969-0 | D46: Supplementary Data 1-Diet | E46: =RIGHT(A46,1) | F46: =G46 & IF(H46<>"", "_" & H46, "_") & IF(I46<>"", "_" & I46, "_") & IF(B46<>"", "_" & B46, "") | G46: =SUBSTITUTE(SUBSTITUTE(_xlfn.TEXTBEFORE(A46,","), "-", ""), " ", "") | H46: =_xlfn.LET( _xlpm.authors,_xlfn.TEXTBEFORE(A46," ("&I46&")"), _xlpm.hasAmp,ISNUMBER(SEARCH("&",_xlpm.authors)), _xlpm.commasBeforeAmp,IF(_xlpm.hasAmp,LEN(_xlfn.TEXTBEFORE(_xlpm.authors,"&"))-LEN(SUBSTITUTE(_xlfn.TEXTBEFORE(_xlpm.authors,"&"),",","")),0), IF(NOT(_xlpm.hasAmp),"",IF(_xlpm.commasBeforeAmp>2,"etal",TRIM(_xlfn.TEXTBEFORE(_xlfn.TEXTAFTER(_xlpm.authors,"& "),",")))) ) | I46: =_xlfn.TEXTBEFORE(_xlfn.TEXTAFTER(A46, "("), ")") | J46: =_xlfn.LET( _xlpm.doi,IF(C46<>"",C46,_xlfn.TEXTAFTER(A46,"https://doi.org/")), SUBSTITUTE( SUBSTITUTE( SUBSTITUTE( SUBSTITUTE( _xlpm.doi, "/","%2F"), ":","%3A"), "<","%3C"), ">","%3E") ) | K46: =TRIM(_xlfn.TEXTJOIN("_",FALSE(),F46,(SUBSTITUTE(SUBSTITUTE(D46," ",""), "_", "")))) | L46: =J46 & "_" & SUBSTITUTE(SUBSTITUTE(SUBSTITUTE(D46,CHAR(160),"")," ",""),"_","") | M46: {=IFERROR(INDEX(FileList!$A$1:$A$1000,MATCH(TRUE(),EXACT(L46,IFERROR(_xlfn.TEXTBEFORE(FileList!$A$1:$A$1000,".tsv"),"")),0)),"notfound")} | N46: Supplementary Data 1 Brain Region Data (mm3) | U46: xlsx | V46: table Sheet 1 | W46: YES - download link | X46: https://www.nature.com/articles/s41559-019-0969-0#Sec13 | AF46: histological sections | AH46: primates | AI46: Diet | AJ46: Primates | AK46: secondary | AL46: secondary | AM46: ecology (diet)
A47: DeCasien, A. R., & Higham, J. P. (2019). Primate mosaic brain evolution reflects selection on sensory and cognitive specialization. Nat Ecol Evol, 3(10), 1483-1493. https://doi.org/10.1038/s41559-019-0969-0 | D47: Supplementary Data 1-Social System | E47: =RIGHT(A47,1) | F47: =G47 & IF(H47<>"", "_" & H47, "_") & IF(I47<>"", "_" & I47, "_") & IF(B47<>"", "_" & B47, "") | G47: =SUBSTITUTE(SUBSTITUTE(_xlfn.TEXTBEFORE(A47,","), "-", ""), " ", "") | H47: =_xlfn.LET( _xlpm.authors,_xlfn.TEXTBEFORE(A47," ("&I47&")"), _xlpm.hasAmp,ISNUMBER(SEARCH("&",_xlpm.authors)), _xlpm.commasBeforeAmp,IF(_xlpm.hasAmp,LEN(_xlfn.TEXTBEFORE(_xlpm.authors,"&"))-LEN(SUBSTITUTE(_xlfn.TEXTBEFORE(_xlpm.authors,"&"),",","")),0), IF(NOT(_xlpm.hasAmp),"",IF(_xlpm.commasBeforeAmp>2,"etal",TRIM(_xlfn.TEXTBEFORE(_xlfn.TEXTAFTER(_xlpm.authors,"& "),",")))) ) | I47: =_xlfn.TEXTBEFORE(_xlfn.TEXTAFTER(A47, "("), ")") | J47: =_xlfn.LET( _xlpm.doi,IF(C47<>"",C47,_xlfn.TEXTAFTER(A47,"https://doi.org/")), SUBSTITUTE( SUBSTITUTE( SUBSTITUTE( SUBSTITUTE( _xlpm.doi, "/","%2F"), ":","%3A"), "<","%3C"), ">","%3E") ) | K47: =TRIM(_xlfn.TEXTJOIN("_",FALSE(),F47,(SUBSTITUTE(SUBSTITUTE(D47," ",""), "_", "")))) | L47: =J47 & "_" & SUBSTITUTE(SUBSTITUTE(SUBSTITUTE(D47,CHAR(160),"")," ",""),"_","") | M47: {=IFERROR(INDEX(FileList!$A$1:$A$1000,MATCH(TRUE(),EXACT(L47,IFERROR(_xlfn.TEXTBEFORE(FileList!$A$1:$A$1000,".tsv"),"")),0)),"notfound")} | N47: Supplementary Data 1 Brain Region Data (mm3) | U47: xlsx | V47: table Sheet 1 | W47: YES - download link | X47: https://www.nature.com/articles/s41559-019-0969-0#Sec13 | AF47: histological sections | AH47: primates | AI47: Social System | AJ47: Primates | AK47: secondary | AL47: secondary | AM47: ecology (social system)
A48: Dos Santos, S. E., Medeiros, M., Porfirio, J., Tavares, W., Pessoa, L., Grinberg, L., Leite, R. E. P., Ferretti-Rebustini, R. E. L., Suemoto, C. K., Filho, W. J., Noctor, S. C., Sherwood, C. C., Kaas, J. H., Manger, P. R., & Herculano-Houzel, S. (2020). Similar Microglial Cell Densities across Brain Structures and Mammalian Species: Implications for Brain Tissue Function. J Neurosci, 40(24), 4622-4643. https://doi.org/10.1523/JNEUROSCI.2339-19.2020 | D48: Table 1 | E48: =RIGHT(A48,1) | F48: =G48 & IF(H48<>"", "_" & H48, "_") & IF(I48<>"", "_" & I48, "_") & IF(B48<>"", "_" & B48, "") | G48: =SUBSTITUTE(SUBSTITUTE(_xlfn.TEXTBEFORE(A48,","), "-", ""), " ", "") | H48: =_xlfn.LET( _xlpm.authors,_xlfn.TEXTBEFORE(A48," ("&I48&")"), _xlpm.hasAmp,ISNUMBER(SEARCH("&",_xlpm.authors)), _xlpm.commasBeforeAmp,IF(_xlpm.hasAmp,LEN(_xlfn.TEXTBEFORE(_xlpm.authors,"&"))-LEN(SUBSTITUTE(_xlfn.TEXTBEFORE(_xlpm.authors,"&"),",","")),0), IF(NOT(_xlpm.hasAmp),"",IF(_xlpm.commasBeforeAmp>2,"etal",TRIM(_xlfn.TEXTBEFORE(_xlfn.TEXTAFTER(_xlpm.authors,"& "),",")))) ) | I48: =_xlfn.TEXTBEFORE(_xlfn.TEXTAFTER(A48, "("), ")") | J48: =_xlfn.LET( _xlpm.doi,IF(C48<>"",C48,_xlfn.TEXTAFTER(A48,"https://doi.org/")), SUBSTITUTE( SUBSTITUTE( SUBSTITUTE( SUBSTITUTE( _xlpm.doi, "/","%2F"), ":","%3A"), "<","%3C"), ">","%3E") ) | K48: =TRIM(_xlfn.TEXTJOIN("_",FALSE(),F48,(SUBSTITUTE(SUBSTITUTE(D48," ",""), "_", "")))) | L48: =J48 & "_" & SUBSTITUTE(SUBSTITUTE(SUBSTITUTE(D48,CHAR(160),"")," ",""),"_","") | M48: {=IFERROR(INDEX(FileList!$A$1:$A$1000,MATCH(TRUE(),EXACT(L48,IFERROR(_xlfn.TEXTBEFORE(FileList!$A$1:$A$1000,".tsv"),"")),0)),"notfound")} | O48: VALUE ERROR — cell-count typos (superseded by unpublished) | P48: FINISHED | Q48: added | R48: DosSantos_etal_2020_Table1_snapshot.csv | S48: Y | T48: DosSantos_etal_2020_Table1.csv | U48: pdf online | V48: table | Y48: HH | Z48: HH | AC48: value-error: published Table 1 (main PDF) has transcription typos in several cell counts (some impossible — neurons or microglia > total cells; e.g. Tragelaphus strepsiceros whole-brain cells ~1000x too small). Superseded by the authors' unpublished data. Verify: DosSantos_etal_2020_Table1_check.R + DosSantos_etal_2020_comparison_summary.md. | AE48: EXCLUDED from merged cellcounts (cell-count typos); DosSantos_etal_2020_unpublished used instead (commented out in cellcounts_compiled.R). | AG48: isotropic fractionator | AH48: microglia | AI48: Cell numbers, region size | AJ48: Mammals | AK48: primary; secondary (compiled team data) | AL48: primary | AM48: cell count (microglia)
A49: Dos Santos, S. E., Medeiros, M., Porfirio, J., Tavares, W., Pessoa, L., Grinberg, L., Leite, R. E. P., Ferretti-Rebustini, R. E. L., Suemoto, C. K., Filho, W. J., Noctor, S. C., Sherwood, C. C., Kaas, J. H., Manger, P. R., & Herculano-Houzel, S. (2020). Similar Microglial Cell Densities across Brain Structures and Mammalian Species: Implications for Brain Tissue Function. J Neurosci, 40(24), 4622-4643. https://doi.org/10.1523/JNEUROSCI.2339-19.2020 | D49: unpublished | E49: =RIGHT(A49,1) | F49: =G49 & IF(H49<>"", "_" & H49, "_") & IF(I49<>"", "_" & I49, "_") & IF(B49<>"", "_" & B49, "") | G49: =SUBSTITUTE(SUBSTITUTE(_xlfn.TEXTBEFORE(A49,","), "-", ""), " ", "") | H49: =_xlfn.LET( _xlpm.authors,_xlfn.TEXTBEFORE(A49," ("&I49&")"), _xlpm.hasAmp,ISNUMBER(SEARCH("&",_xlpm.authors)), _xlpm.commasBeforeAmp,IF(_xlpm.hasAmp,LEN(_xlfn.TEXTBEFORE(_xlpm.authors,"&"))-LEN(SUBSTITUTE(_xlfn.TEXTBEFORE(_xlpm.authors,"&"),",","")),0), IF(NOT(_xlpm.hasAmp),"",IF(_xlpm.commasBeforeAmp>2,"etal",TRIM(_xlfn.TEXTBEFORE(_xlfn.TEXTAFTER(_xlpm.authors,"& "),",")))) ) | I49: =_xlfn.TEXTBEFORE(_xlfn.TEXTAFTER(A49, "("), ")") | J49: =_xlfn.LET( _xlpm.doi,IF(C49<>"",C49,_xlfn.TEXTAFTER(A49,"https://doi.org/")), SUBSTITUTE( SUBSTITUTE( SUBSTITUTE( SUBSTITUTE( _xlpm.doi, "/","%2F"), ":","%3A"), "<","%3C"), ">","%3E") ) | K49: =TRIM(_xlfn.TEXTJOIN("_",FALSE(),F49,(SUBSTITUTE(SUBSTITUTE(D49," ",""), "_", "")))) | L49: =J49 & "_" & SUBSTITUTE(SUBSTITUTE(SUBSTITUTE(D49,CHAR(160),"")," ",""),"_","") | M49: {=IFERROR(INDEX(FileList!$A$1:$A$1000,MATCH(TRUE(),EXACT(L49,IFERROR(_xlfn.TEXTBEFORE(FileList!$A$1:$A$1000,".tsv"),"")),0)),"notfound")} | O49: corrected source used in merge (instead of published Table 1) | P49: FINISHED | Q49: added | R49: DosSantos_etal_2020_Table1_snapshot.csv | S49: Y | T49: DosSantos_etal_2020_Table1.csv | U49: pdf online | V49: table | X49: https://doi.org/10.1523/JNEUROSCI.2339-19.2020 | Y49: HH | Z49: HH | AC49: value-correction-source: authors' unpublished spreadsheet used in the merged cellcounts INSTEAD of the published Table 1 (which has cell-count typos); internally consistent and matches Herculano-Houzel et al. 2015. Provides microglia/cell (I/C) ratios; received 22 Mar 2024 via O. S. Todorov from the authors' team. | AG49: isotropic fractionator | AH49: microglia | AI49: Cell numbers, region size | AJ49: Mammals | AK49: primary; secondary (compiled team data) | AL49: primary | AM49: cell count (microglia)
A50: Dos Santos, S. E., Porfirio, J., da Cunha, F. B., Manger, P. R., Tavares, W., Pessoa, L., Raghanti, M. A., Sherwood, C. C., & Herculano-Houzel, S. (2017). Cellular Scaling Rules for the Brains of Marsupials: Not as "Primitive" as Expected. Brain Behav Evol. https://doi.org/10.1159/000452856 | D50: Table S1 | E50: =RIGHT(A50,1) | F50: =G50 & IF(H50<>"", "_" & H50, "_") & IF(I50<>"", "_" & I50, "_") & IF(B50<>"", "_" & B50, "") | G50: =SUBSTITUTE(SUBSTITUTE(_xlfn.TEXTBEFORE(A50,","), "-", ""), " ", "") | H50: =_xlfn.LET( _xlpm.authors,_xlfn.TEXTBEFORE(A50," ("&I50&")"), _xlpm.hasAmp,ISNUMBER(SEARCH("&",_xlpm.authors)), _xlpm.commasBeforeAmp,IF(_xlpm.hasAmp,LEN(_xlfn.TEXTBEFORE(_xlpm.authors,"&"))-LEN(SUBSTITUTE(_xlfn.TEXTBEFORE(_xlpm.authors,"&"),",","")),0), IF(NOT(_xlpm.hasAmp),"",IF(_xlpm.commasBeforeAmp>2,"etal",TRIM(_xlfn.TEXTBEFORE(_xlfn.TEXTAFTER(_xlpm.authors,"& "),",")))) ) | I50: =_xlfn.TEXTBEFORE(_xlfn.TEXTAFTER(A50, "("), ")") | J50: =_xlfn.LET( _xlpm.doi,IF(C50<>"",C50,_xlfn.TEXTAFTER(A50,"https://doi.org/")), SUBSTITUTE( SUBSTITUTE( SUBSTITUTE( SUBSTITUTE( _xlpm.doi, "/","%2F"), ":","%3A"), "<","%3C"), ">","%3E") ) | K50: =TRIM(_xlfn.TEXTJOIN("_",FALSE(),F50,(SUBSTITUTE(SUBSTITUTE(D50," ",""), "_", "")))) | L50: =J50 & "_" & SUBSTITUTE(SUBSTITUTE(SUBSTITUTE(D50,CHAR(160),"")," ",""),"_","") | M50: {=IFERROR(INDEX(FileList!$A$1:$A$1000,MATCH(TRUE(),EXACT(L50,IFERROR(_xlfn.TEXTBEFORE(FileList!$A$1:$A$1000,".tsv"),"")),0)),"notfound")} | O50: ERRATUM ! | P50: FINISHED | Q50: added | R50: DosSantos_etal_2017_TableS1_snapshot.csv | S50: Y | T50: DosSantos_etal_2017_TableS1.csv | U50: doc, erratum (on pdf) | V50: table, erratum | W50: YES - download link | X50: https://ndownloader.figstatic.com/files/7428211 | Y50: HH | Z50: HH | AC50: erratum | AG50: isotropic fractionator | AH50: marsupials | AI50: Cell numbers, region size | AJ50: Marsupials | AK50: primary | AL50: primary | AM50: cell count (isotropic fractionator)
A51: Eagleman, D. M., & Vaughn, D. A. (2021). The Defensive Activation Theory: REM Sleep as a Mechanism to Prevent Takeover of the Visual Cortex [Hypothesis and Theory]. Front Neurosci, 15(598), 632853. https://doi.org/10.3389/fnins.2021.632853 | D51: TABLE 1 | E51: =RIGHT(A51,1) | F51: =G51 & IF(H51<>"", "_" & H51, "_") & IF(I51<>"", "_" & I51, "_") & IF(B51<>"", "_" & B51, "") | G51: =SUBSTITUTE(SUBSTITUTE(_xlfn.TEXTBEFORE(A51,","), "-", ""), " ", "") | H51: =_xlfn.LET( _xlpm.authors,_xlfn.TEXTBEFORE(A51," ("&I51&")"), _xlpm.hasAmp,ISNUMBER(SEARCH("&",_xlpm.authors)), _xlpm.commasBeforeAmp,IF(_xlpm.hasAmp,LEN(_xlfn.TEXTBEFORE(_xlpm.authors,"&"))-LEN(SUBSTITUTE(_xlfn.TEXTBEFORE(_xlpm.authors,"&"),",","")),0), IF(NOT(_xlpm.hasAmp),"",IF(_xlpm.commasBeforeAmp>2,"etal",TRIM(_xlfn.TEXTBEFORE(_xlfn.TEXTAFTER(_xlpm.authors,"& "),",")))) ) | I51: =_xlfn.TEXTBEFORE(_xlfn.TEXTAFTER(A51, "("), ")") | J51: =_xlfn.LET( _xlpm.doi,IF(C51<>"",C51,_xlfn.TEXTAFTER(A51,"https://doi.org/")), SUBSTITUTE( SUBSTITUTE( SUBSTITUTE( SUBSTITUTE( _xlpm.doi, "/","%2F"), ":","%3A"), "<","%3C"), ">","%3E") ) | K51: =TRIM(_xlfn.TEXTJOIN("_",FALSE(),F51,(SUBSTITUTE(SUBSTITUTE(D51," ",""), "_", "")))) | L51: =J51 & "_" & SUBSTITUTE(SUBSTITUTE(SUBSTITUTE(D51,CHAR(160),"")," ",""),"_","") | M51: {=IFERROR(INDEX(FileList!$A$1:$A$1000,MATCH(TRUE(),EXACT(L51,IFERROR(_xlfn.TEXTBEFORE(FileList!$A$1:$A$1000,".tsv"),"")),0)),"notfound")} | N51: TABLE 1 | Three behavioral correlates of plasticity and the proportion of REM (versus non-REM) sleep in 25 primate species. | U51: pdf | AI51: proportion REM and developmental milestones | AJ51: Mammals | AK51: secondary | AL51: secondary | AM51: behaviour/physiology (REM sleep, development)
A52: Falcone, C., Wolf-Ochoa, M., Amina, S., Hong, T., Vakilzadeh, G., Hopkins, W. D., Hof, P. R., Sherwood, C. C., Manger, P. R., Noctor, S. C., & Martinez-Cerdeno, V. (2019). Cortical interlaminar astrocytes across the therian mammal radiation. J Comp Neurol, 527(10), 1654-1674. https://doi.org/10.1002/cne.24605 | D52: TABLE 1 | E52: =RIGHT(A52,1) | F52: =G52 & IF(H52<>"", "_" & H52, "_") & IF(I52<>"", "_" & I52, "_") & IF(B52<>"", "_" & B52, "") | G52: =SUBSTITUTE(SUBSTITUTE(_xlfn.TEXTBEFORE(A52,","), "-", ""), " ", "") | H52: =_xlfn.LET( _xlpm.authors,_xlfn.TEXTBEFORE(A52," ("&I52&")"), _xlpm.hasAmp,ISNUMBER(SEARCH("&",_xlpm.authors)), _xlpm.commasBeforeAmp,IF(_xlpm.hasAmp,LEN(_xlfn.TEXTBEFORE(_xlpm.authors,"&"))-LEN(SUBSTITUTE(_xlfn.TEXTBEFORE(_xlpm.authors,"&"),",","")),0), IF(NOT(_xlpm.hasAmp),"",IF(_xlpm.commasBeforeAmp>2,"etal",TRIM(_xlfn.TEXTBEFORE(_xlfn.TEXTAFTER(_xlpm.authors,"& "),",")))) ) | I52: =_xlfn.TEXTBEFORE(_xlfn.TEXTAFTER(A52, "("), ")") | J52: =_xlfn.LET( _xlpm.doi,IF(C52<>"",C52,_xlfn.TEXTAFTER(A52,"https://doi.org/")), SUBSTITUTE( SUBSTITUTE( SUBSTITUTE( SUBSTITUTE( _xlpm.doi, "/","%2F"), ":","%3A"), "<","%3C"), ">","%3E") ) | K52: =TRIM(_xlfn.TEXTJOIN("_",FALSE(),F52,(SUBSTITUTE(SUBSTITUTE(D52," ",""), "_", "")))) | L52: =J52 & "_" & SUBSTITUTE(SUBSTITUTE(SUBSTITUTE(D52,CHAR(160),"")," ",""),"_","") | M52: {=IFERROR(INDEX(FileList!$A$1:$A$1000,MATCH(TRUE(),EXACT(L52,IFERROR(_xlfn.TEXTBEFORE(FileList!$A$1:$A$1000,".tsv"),"")),0)),"notfound")} | N52: TABLE 1 Pial and subpial ILA presence in mammalian species analyzed. Highlighted in red are the species where proper subpial ILA are present | U52: pdf | AI52: interlaminar astrocyte morphology | AJ52: Primates & other mammals | AK52: primary | AL52: primary | AM52: cell morphology (interlaminar astrocytes)
A53: Falcone, C., Wolf-Ochoa, M., Amina, S., Hong, T., Vakilzadeh, G., Hopkins, W. D., Hof, P. R., Sherwood, C. C., Manger, P. R., Noctor, S. C., & Martinez-Cerdeno, V. (2019). Cortical interlaminar astrocytes across the therian mammal radiation. J Comp Neurol, 527(10), 1654-1674. https://doi.org/10.1002/cne.24605 | D53: TABLE 2 | E53: =RIGHT(A53,1) | F53: =G53 & IF(H53<>"", "_" & H53, "_") & IF(I53<>"", "_" & I53, "_") & IF(B53<>"", "_" & B53, "") | G53: =SUBSTITUTE(SUBSTITUTE(_xlfn.TEXTBEFORE(A53,","), "-", ""), " ", "") | H53: =_xlfn.LET( _xlpm.authors,_xlfn.TEXTBEFORE(A53," ("&I53&")"), _xlpm.hasAmp,ISNUMBER(SEARCH("&",_xlpm.authors)), _xlpm.commasBeforeAmp,IF(_xlpm.hasAmp,LEN(_xlfn.TEXTBEFORE(_xlpm.authors,"&"))-LEN(SUBSTITUTE(_xlfn.TEXTBEFORE(_xlpm.authors,"&"),",","")),0), IF(NOT(_xlpm.hasAmp),"",IF(_xlpm.commasBeforeAmp>2,"etal",TRIM(_xlfn.TEXTBEFORE(_xlfn.TEXTAFTER(_xlpm.authors,"& "),",")))) ) | I53: =_xlfn.TEXTBEFORE(_xlfn.TEXTAFTER(A53, "("), ")") | J53: =_xlfn.LET( _xlpm.doi,IF(C53<>"",C53,_xlfn.TEXTAFTER(A53,"https://doi.org/")), SUBSTITUTE( SUBSTITUTE( SUBSTITUTE( SUBSTITUTE( _xlpm.doi, "/","%2F"), ":","%3A"), "<","%3C"), ">","%3E") ) | K53: =TRIM(_xlfn.TEXTJOIN("_",FALSE(),F53,(SUBSTITUTE(SUBSTITUTE(D53," ",""), "_", "")))) | L53: =J53 & "_" & SUBSTITUTE(SUBSTITUTE(SUBSTITUTE(D53,CHAR(160),"")," ",""),"_","") | M53: {=IFERROR(INDEX(FileList!$A$1:$A$1000,MATCH(TRUE(),EXACT(L53,IFERROR(_xlfn.TEXTBEFORE(FileList!$A$1:$A$1000,".tsv"),"")),0)),"notfound")} | N53: TABLE 2 ILA linear density, number of primary processes, number of total processes, total length, and complexity, of mammalian species analyzed | U53: pdf | AI53: interlaminar astrocyte morphology | AJ53: Primates & other mammals | AK53: primary | AL53: primary | AM53: cell morphology (interlaminar astrocytes)
A54: Finlay, B. L., Cheung, D. T.-M., & Darlington, R. B. (2006). Developmental constraints on or developmental structure in brain evolution? In Y. Munakata & M. H. Johnson (Eds.), Processes of Change in Brain and Cognitive Development (Vol. 8208, pp. 131-162). Oxford University Press. https://doi.org/10.1093/oso/9780198568742.003.0006 | D54: Table 6.1 | E54: =RIGHT(A54,1) | F54: =G54 & IF(H54<>"", "_" & H54, "_") & IF(I54<>"", "_" & I54, "_") & IF(B54<>"", "_" & B54, "") | G54: =SUBSTITUTE(SUBSTITUTE(_xlfn.TEXTBEFORE(A54,","), "-", ""), " ", "") | H54: =_xlfn.LET( _xlpm.authors,_xlfn.TEXTBEFORE(A54," ("&I54&")"), _xlpm.hasAmp,ISNUMBER(SEARCH("&",_xlpm.authors)), _xlpm.commasBeforeAmp,IF(_xlpm.hasAmp,LEN(_xlfn.TEXTBEFORE(_xlpm.authors,"&"))-LEN(SUBSTITUTE(_xlfn.TEXTBEFORE(_xlpm.authors,"&"),",","")),0), IF(NOT(_xlpm.hasAmp),"",IF(_xlpm.commasBeforeAmp>2,"etal",TRIM(_xlfn.TEXTBEFORE(_xlfn.TEXTAFTER(_xlpm.authors,"& "),",")))) ) | I54: =_xlfn.TEXTBEFORE(_xlfn.TEXTAFTER(A54, "("), ")") | J54: =_xlfn.LET( _xlpm.doi,IF(C54<>"",C54,_xlfn.TEXTAFTER(A54,"https://doi.org/")), SUBSTITUTE( SUBSTITUTE( SUBSTITUTE( SUBSTITUTE( _xlpm.doi, "/","%2F"), ":","%3A"), "<","%3C"), ">","%3E") ) | K54: =TRIM(_xlfn.TEXTJOIN("_",FALSE(),F54,(SUBSTITUTE(SUBSTITUTE(D54," ",""), "_", "")))) | L54: =J54 & "_" & SUBSTITUTE(SUBSTITUTE(SUBSTITUTE(D54,CHAR(160),"")," ",""),"_","") | M54: {=IFERROR(INDEX(FileList!$A$1:$A$1000,MATCH(TRUE(),EXACT(L54,IFERROR(_xlfn.TEXTBEFORE(FileList!$A$1:$A$1000,".tsv"),"")),0)),"notfound")} | P54: Species -- wait for Project Kaskan | Q54: NA | R54: Finlay_etal_2006_Table6.1_snapshot.xlsx | S54: Y | T54: Finlay_etal_2006_Table6.1.csv | U54: pdf | V54: table | W54: YES - but formatting issues | X54: https://www.researchgate.net/publication/299027052_Developmental_constraints_on_or_developmental_structure_in_brain_evolution | AB54: summary to check more precise areas from ProjectKaskan | AH54: mammals | AI54: cerebral cortex surface area and number of areas (broadly defined) | AJ54: Mammals | AK54: primary (derived from published materials) | AL54: secondary | AM54: cortical surface area / volume
A55: Frahm, H. D., & Zilles, K. (1994). Volumetric comparison of hippocampal regions in 44 primate species. J Hirnforsch, 35(3), 343-354. https://www.ncbi.nlm.nih.gov/pubmed/7983368 | C55: PMID:7983368 | D55: Table 1 | E55: =RIGHT(A55,1) | F55: =G55 & IF(H55<>"", "_" & H55, "_") & IF(I55<>"", "_" & I55, "_") & IF(B55<>"", "_" & B55, "") | G55: =SUBSTITUTE(SUBSTITUTE(_xlfn.TEXTBEFORE(A55,","), "-", ""), " ", "") | H55: =_xlfn.LET( _xlpm.authors,_xlfn.TEXTBEFORE(A55," ("&I55&")"), _xlpm.hasAmp,ISNUMBER(SEARCH("&",_xlpm.authors)), _xlpm.commasBeforeAmp,IF(_xlpm.hasAmp,LEN(_xlfn.TEXTBEFORE(_xlpm.authors,"&"))-LEN(SUBSTITUTE(_xlfn.TEXTBEFORE(_xlpm.authors,"&"),",","")),0), IF(NOT(_xlpm.hasAmp),"",IF(_xlpm.commasBeforeAmp>2,"etal",TRIM(_xlfn.TEXTBEFORE(_xlfn.TEXTAFTER(_xlpm.authors,"& "),",")))) ) | I55: =_xlfn.TEXTBEFORE(_xlfn.TEXTAFTER(A55, "("), ")") | J55: =_xlfn.LET( _xlpm.doi,IF(C55<>"",C55,_xlfn.TEXTAFTER(A55,"https://doi.org/")), SUBSTITUTE( SUBSTITUTE( SUBSTITUTE( SUBSTITUTE( _xlpm.doi, "/","%2F"), ":","%3A"), "<","%3C"), ">","%3E") ) | K55: =TRIM(_xlfn.TEXTJOIN("_",FALSE(),F55,(SUBSTITUTE(SUBSTITUTE(D55," ",""), "_", "")))) | L55: =J55 & "_" & SUBSTITUTE(SUBSTITUTE(SUBSTITUTE(D55,CHAR(160),"")," ",""),"_","") | M55: {=IFERROR(INDEX(FileList!$A$1:$A$1000,MATCH(TRUE(),EXACT(L55,IFERROR(_xlfn.TEXTBEFORE(FileList!$A$1:$A$1000,".tsv"),"")),0)),"notfound")} | N55: Hippocampal regions in 44 primates (Table 1) | V55: table | W55: NO - not digitized | Y55: Stephan | Z55: Stephan | AF55: histological sections | AG55: volumetry | AI55: hippocampal region volumes | AJ55: Insectivora, Scandentia & Primates | AK55: primary | AL55: primary | AM55: volume
A56: Frahm, H. D., & Zilles, K. (1994). Volumetric comparison of hippocampal regions in 44 primate species. J Hirnforsch, 35(3), 343-354. https://www.ncbi.nlm.nih.gov/pubmed/7983368 | C56: PMID:7983368 | D56: Table 2 | E56: =RIGHT(A56,1) | F56: =G56 & IF(H56<>"", "_" & H56, "_") & IF(I56<>"", "_" & I56, "_") & IF(B56<>"", "_" & B56, "") | G56: =SUBSTITUTE(SUBSTITUTE(_xlfn.TEXTBEFORE(A56,","), "-", ""), " ", "") | H56: =_xlfn.LET( _xlpm.authors,_xlfn.TEXTBEFORE(A56," ("&I56&")"), _xlpm.hasAmp,ISNUMBER(SEARCH("&",_xlpm.authors)), _xlpm.commasBeforeAmp,IF(_xlpm.hasAmp,LEN(_xlfn.TEXTBEFORE(_xlpm.authors,"&"))-LEN(SUBSTITUTE(_xlfn.TEXTBEFORE(_xlpm.authors,"&"),",","")),0), IF(NOT(_xlpm.hasAmp),"",IF(_xlpm.commasBeforeAmp>2,"etal",TRIM(_xlfn.TEXTBEFORE(_xlfn.TEXTAFTER(_xlpm.authors,"& "),",")))) ) | I56: =_xlfn.TEXTBEFORE(_xlfn.TEXTAFTER(A56, "("), ")") | J56: =_xlfn.LET( _xlpm.doi,IF(C56<>"",C56,_xlfn.TEXTAFTER(A56,"https://doi.org/")), SUBSTITUTE( SUBSTITUTE( SUBSTITUTE( SUBSTITUTE( _xlpm.doi, "/","%2F"), ":","%3A"), "<","%3C"), ">","%3E") ) | K56: =TRIM(_xlfn.TEXTJOIN("_",FALSE(),F56,(SUBSTITUTE(SUBSTITUTE(D56," ",""), "_", "")))) | L56: =J56 & "_" & SUBSTITUTE(SUBSTITUTE(SUBSTITUTE(D56,CHAR(160),"")," ",""),"_","") | M56: {=IFERROR(INDEX(FileList!$A$1:$A$1000,MATCH(TRUE(),EXACT(L56,IFERROR(_xlfn.TEXTBEFORE(FileList!$A$1:$A$1000,".tsv"),"")),0)),"notfound")}
A57: Frahm, H. D., Rehkamper, G., & Nevo, E. (1997). Brain structure volumes in the mole rat, Spalax ehrenbergi (Spalacidae, Rodentia) in comparison to the rat and subterrestrial insectivores. J Hirnforsch, 38(2), 209-222. https://www.ncbi.nlm.nih.gov/pubmed/9176733 | C57: PMID:9176733 | D57: Table 1 | E57: =RIGHT(A57,1) | F57: =G57 & IF(H57<>"", "_" & H57, "_") & IF(I57<>"", "_" & I57, "_") & IF(B57<>"", "_" & B57, "") | G57: =SUBSTITUTE(SUBSTITUTE(_xlfn.TEXTBEFORE(A57,","), "-", ""), " ", "") | H57: =_xlfn.LET( _xlpm.authors,_xlfn.TEXTBEFORE(A57," ("&I57&")"), _xlpm.hasAmp,ISNUMBER(SEARCH("&",_xlpm.authors)), _xlpm.commasBeforeAmp,IF(_xlpm.hasAmp,LEN(_xlfn.TEXTBEFORE(_xlpm.authors,"&"))-LEN(SUBSTITUTE(_xlfn.TEXTBEFORE(_xlpm.authors,"&"),",","")),0), IF(NOT(_xlpm.hasAmp),"",IF(_xlpm.commasBeforeAmp>2,"etal",TRIM(_xlfn.TEXTBEFORE(_xlfn.TEXTAFTER(_xlpm.authors,"& "),",")))) ) | I57: =_xlfn.TEXTBEFORE(_xlfn.TEXTAFTER(A57, "("), ")") | J57: =_xlfn.LET( _xlpm.doi,IF(C57<>"",C57,_xlfn.TEXTAFTER(A57,"https://doi.org/")), SUBSTITUTE( SUBSTITUTE( SUBSTITUTE( SUBSTITUTE( _xlpm.doi, "/","%2F"), ":","%3A"), "<","%3C"), ">","%3E") ) | K57: =TRIM(_xlfn.TEXTJOIN("_",FALSE(),F57,(SUBSTITUTE(SUBSTITUTE(D57," ",""), "_", "")))) | L57: =J57 & "_" & SUBSTITUTE(SUBSTITUTE(SUBSTITUTE(D57,CHAR(160),"")," ",""),"_","") | M57: {=IFERROR(INDEX(FileList!$A$1:$A$1000,MATCH(TRUE(),EXACT(L57,IFERROR(_xlfn.TEXTBEFORE(FileList!$A$1:$A$1000,".tsv"),"")),0)),"notfound")} | N57: Brain structure volumes in Spalax ehrenbergi (Table 1) | V57: table | W57: NO - not digitized | Y57: Stephan | Z57: Stephan | AF57: histological sections | AG57: volumetry | AI57: brain structure volumes (Spalax) | AJ57: Insectivora, Scandentia & Primates | AK57: primary | AL57: primary | AM57: volume
A58: Frahm, H. D., Stephan, H., & Baron, G. (1984). Comparison of brain structure volumes in insectivora and primates. V. Area striata (AS). J Hirnforsch, 25(5), 537-557. https://www.ncbi.nlm.nih.gov/pubmed/6501869 | C58: PMID:6501869 | D58: Table 1 | E58: =RIGHT(A58,1) | F58: =G58 & IF(H58<>"", "_" & H58, "_") & IF(I58<>"", "_" & I58, "_") & IF(B58<>"", "_" & B58, "") | G58: =SUBSTITUTE(SUBSTITUTE(_xlfn.TEXTBEFORE(A58,","), "-", ""), " ", "") | H58: =_xlfn.LET( _xlpm.authors,_xlfn.TEXTBEFORE(A58," ("&I58&")"), _xlpm.hasAmp,ISNUMBER(SEARCH("&",_xlpm.authors)), _xlpm.commasBeforeAmp,IF(_xlpm.hasAmp,LEN(_xlfn.TEXTBEFORE(_xlpm.authors,"&"))-LEN(SUBSTITUTE(_xlfn.TEXTBEFORE(_xlpm.authors,"&"),",","")),0), IF(NOT(_xlpm.hasAmp),"",IF(_xlpm.commasBeforeAmp>2,"etal",TRIM(_xlfn.TEXTBEFORE(_xlfn.TEXTAFTER(_xlpm.authors,"& "),",")))) ) | I58: =_xlfn.TEXTBEFORE(_xlfn.TEXTAFTER(A58, "("), ")") | J58: =_xlfn.LET( _xlpm.doi,IF(C58<>"",C58,_xlfn.TEXTAFTER(A58,"https://doi.org/")), SUBSTITUTE( SUBSTITUTE( SUBSTITUTE( SUBSTITUTE( _xlpm.doi, "/","%2F"), ":","%3A"), "<","%3C"), ">","%3E") ) | K58: =TRIM(_xlfn.TEXTJOIN("_",FALSE(),F58,(SUBSTITUTE(SUBSTITUTE(D58," ",""), "_", "")))) | L58: =J58 & "_" & SUBSTITUTE(SUBSTITUTE(SUBSTITUTE(D58,CHAR(160),"")," ",""),"_","") | M58: {=IFERROR(INDEX(FileList!$A$1:$A$1000,MATCH(TRUE(),EXACT(L58,IFERROR(_xlfn.TEXTBEFORE(FileList!$A$1:$A$1000,".tsv"),"")),0)),"notfound")} | N58: Table 1. Volumes of area striata and some of its laminar components (in mm3). | V58: table | W58: NO - not digitized | Y58: Stephan | Z58: Stephan | AF58: histological sections | AG58: volumetry | AI58: area striata volume | AJ58: Insectivora, Scandentia & Primates | AK58: primary | AL58: primary | AM58: volume
A59: Frahm, H. D., Stephan, H., & Stephan, M. (1982). Comparison of brain structure volumes in Insectivora and Primates. I. Neocortex. J Hirnforsch, 23(4), 375-389. https://www.ncbi.nlm.nih.gov/pubmed/7161477 | C59: PMID:7161477 | D59: Table 2 | E59: =RIGHT(A59,1) | F59: =G59 & IF(H59<>"", "_" & H59, "_") & IF(I59<>"", "_" & I59, "_") & IF(B59<>"", "_" & B59, "") | G59: =SUBSTITUTE(SUBSTITUTE(_xlfn.TEXTBEFORE(A59,","), "-", ""), " ", "") | H59: =_xlfn.LET( _xlpm.authors,_xlfn.TEXTBEFORE(A59," ("&I59&")"), _xlpm.hasAmp,ISNUMBER(SEARCH("&",_xlpm.authors)), _xlpm.commasBeforeAmp,IF(_xlpm.hasAmp,LEN(_xlfn.TEXTBEFORE(_xlpm.authors,"&"))-LEN(SUBSTITUTE(_xlfn.TEXTBEFORE(_xlpm.authors,"&"),",","")),0), IF(NOT(_xlpm.hasAmp),"",IF(_xlpm.commasBeforeAmp>2,"etal",TRIM(_xlfn.TEXTBEFORE(_xlfn.TEXTAFTER(_xlpm.authors,"& "),",")))) ) | I59: =_xlfn.TEXTBEFORE(_xlfn.TEXTAFTER(A59, "("), ")") | J59: =_xlfn.LET( _xlpm.doi,IF(C59<>"",C59,_xlfn.TEXTAFTER(A59,"https://doi.org/")), SUBSTITUTE( SUBSTITUTE( SUBSTITUTE( SUBSTITUTE( _xlpm.doi, "/","%2F"), ":","%3A"), "<","%3C"), ">","%3E") ) | K59: =TRIM(_xlfn.TEXTJOIN("_",FALSE(),F59,(SUBSTITUTE(SUBSTITUTE(D59," ",""), "_", "")))) | L59: =J59 & "_" & SUBSTITUTE(SUBSTITUTE(SUBSTITUTE(D59,CHAR(160),"")," ",""),"_","") | M59: {=IFERROR(INDEX(FileList!$A$1:$A$1000,MATCH(TRUE(),EXACT(L59,IFERROR(_xlfn.TEXTBEFORE(FileList!$A$1:$A$1000,".tsv"),"")),0)),"notfound")} | N59: Table 2. Volumes and percentages of total neocortex, white and grey matters, and laminae 1 and 2-6 in Insectivora, Scandentia, and Primates. | V59: table | W59: NO - not digitized | Y59: Stephan | Z59: Stephan | AF59: histological sections | AG59: volumetry | AI59: neocortex volume | AJ59: Insectivora, Scandentia & Primates | AK59: primary | AL59: primary | AM59: volume
A60: Frahm, H. D., Zilles, K., Schleicher, A., & Stephan, H. (1998). The size of the middle temporal area in primates. J Hirnforsch, 39(1), 45-54. https://www.ncbi.nlm.nih.gov/pubmed/9672110 | C60: PMID:9672110 | D60: Table 1 | E60: =RIGHT(A60,1) | F60: =G60 & IF(H60<>"", "_" & H60, "_") & IF(I60<>"", "_" & I60, "_") & IF(B60<>"", "_" & B60, "") | G60: =SUBSTITUTE(SUBSTITUTE(_xlfn.TEXTBEFORE(A60,","), "-", ""), " ", "") | H60: =_xlfn.LET( _xlpm.authors,_xlfn.TEXTBEFORE(A60," ("&I60&")"), _xlpm.hasAmp,ISNUMBER(SEARCH("&",_xlpm.authors)), _xlpm.commasBeforeAmp,IF(_xlpm.hasAmp,LEN(_xlfn.TEXTBEFORE(_xlpm.authors,"&"))-LEN(SUBSTITUTE(_xlfn.TEXTBEFORE(_xlpm.authors,"&"),",","")),0), IF(NOT(_xlpm.hasAmp),"",IF(_xlpm.commasBeforeAmp>2,"etal",TRIM(_xlfn.TEXTBEFORE(_xlfn.TEXTAFTER(_xlpm.authors,"& "),",")))) ) | I60: =_xlfn.TEXTBEFORE(_xlfn.TEXTAFTER(A60, "("), ")") | J60: =_xlfn.LET( _xlpm.doi,IF(C60<>"",C60,_xlfn.TEXTAFTER(A60,"https://doi.org/")), SUBSTITUTE( SUBSTITUTE( SUBSTITUTE( SUBSTITUTE( _xlpm.doi, "/","%2F"), ":","%3A"), "<","%3C"), ">","%3E") ) | K60: =TRIM(_xlfn.TEXTJOIN("_",FALSE(),F60,(SUBSTITUTE(SUBSTITUTE(D60," ",""), "_", "")))) | L60: =J60 & "_" & SUBSTITUTE(SUBSTITUTE(SUBSTITUTE(D60,CHAR(160),"")," ",""),"_","") | M60: {=IFERROR(INDEX(FileList!$A$1:$A$1000,MATCH(TRUE(),EXACT(L60,IFERROR(_xlfn.TEXTBEFORE(FileList!$A$1:$A$1000,".tsv"),"")),0)),"notfound")} | N60: Size of the middle temporal area in primates (Table 1) | V60: table | W60: NO - not digitized | Y60: Stephan | Z60: Stephan | AF60: histological sections | AG60: volumetry | AI60: middle temporal area (MT) size | AJ60: Insectivora, Scandentia & Primates | AK60: primary | AL60: primary | AM60: volume
A61: Fu, Y., Rusznak, Z., Herculano-Houzel, S., Watson, C., & Paxinos, G. (2013). Cellular composition characterizing postnatal development and maturation of the mouse brain and spinal cord. Brain Struct Funct, 218(5), 1337-1354. https://doi.org/10.1007/s00429-012-0462-x | D61: Table 1 | E61: =RIGHT(A61,1) | F61: =G61 & IF(H61<>"", "_" & H61, "_") & IF(I61<>"", "_" & I61, "_") & IF(B61<>"", "_" & B61, "") | G61: =SUBSTITUTE(SUBSTITUTE(_xlfn.TEXTBEFORE(A61,","), "-", ""), " ", "") | H61: =_xlfn.LET( _xlpm.authors,_xlfn.TEXTBEFORE(A61," ("&I61&")"), _xlpm.hasAmp,ISNUMBER(SEARCH("&",_xlpm.authors)), _xlpm.commasBeforeAmp,IF(_xlpm.hasAmp,LEN(_xlfn.TEXTBEFORE(_xlpm.authors,"&"))-LEN(SUBSTITUTE(_xlfn.TEXTBEFORE(_xlpm.authors,"&"),",","")),0), IF(NOT(_xlpm.hasAmp),"",IF(_xlpm.commasBeforeAmp>2,"etal",TRIM(_xlfn.TEXTBEFORE(_xlfn.TEXTAFTER(_xlpm.authors,"& "),",")))) ) | I61: =_xlfn.TEXTBEFORE(_xlfn.TEXTAFTER(A61, "("), ")") | J61: =_xlfn.LET( _xlpm.doi,IF(C61<>"",C61,_xlfn.TEXTAFTER(A61,"https://doi.org/")), SUBSTITUTE( SUBSTITUTE( SUBSTITUTE( SUBSTITUTE( _xlpm.doi, "/","%2F"), ":","%3A"), "<","%3C"), ">","%3E") ) | K61: =TRIM(_xlfn.TEXTJOIN("_",FALSE(),F61,(SUBSTITUTE(SUBSTITUTE(D61," ",""), "_", "")))) | L61: =J61 & "_" & SUBSTITUTE(SUBSTITUTE(SUBSTITUTE(D61,CHAR(160),"")," ",""),"_","") | M61: {=IFERROR(INDEX(FileList!$A$1:$A$1000,MATCH(TRUE(),EXACT(L61,IFERROR(_xlfn.TEXTBEFORE(FileList!$A$1:$A$1000,".tsv"),"")),0)),"notfound")} | N61: Table 1 Age-dependent changes affecting the mouse central nervous system and pituitary | P61: NOT STARTED | AA61: number spinal cord neurons | AJ61: review | AK61: mouse (developmental) | AL61: review | AM61: review
A62: Garwicz, M., Christensson, M., & Psouni, E. (2009). A unifying model for timing of walking onset in humans and other mammals. Proc Natl Acad Sci U S A, 106(51), 21889-21893. https://doi.org/10.1073/pnas.0905777106 | D62: Table S1 | E62: =RIGHT(A62,1) | F62: =G62 & IF(H62<>"", "_" & H62, "_") & IF(I62<>"", "_" & I62, "_") & IF(B62<>"", "_" & B62, "") | G62: =SUBSTITUTE(SUBSTITUTE(_xlfn.TEXTBEFORE(A62,","), "-", ""), " ", "") | H62: =_xlfn.LET( _xlpm.authors,_xlfn.TEXTBEFORE(A62," ("&I62&")"), _xlpm.hasAmp,ISNUMBER(SEARCH("&",_xlpm.authors)), _xlpm.commasBeforeAmp,IF(_xlpm.hasAmp,LEN(_xlfn.TEXTBEFORE(_xlpm.authors,"&"))-LEN(SUBSTITUTE(_xlfn.TEXTBEFORE(_xlpm.authors,"&"),",","")),0), IF(NOT(_xlpm.hasAmp),"",IF(_xlpm.commasBeforeAmp>2,"etal",TRIM(_xlfn.TEXTBEFORE(_xlfn.TEXTAFTER(_xlpm.authors,"& "),",")))) ) | I62: =_xlfn.TEXTBEFORE(_xlfn.TEXTAFTER(A62, "("), ")") | J62: =_xlfn.LET( _xlpm.doi,IF(C62<>"",C62,_xlfn.TEXTAFTER(A62,"https://doi.org/")), SUBSTITUTE( SUBSTITUTE( SUBSTITUTE( SUBSTITUTE( _xlpm.doi, "/","%2F"), ":","%3A"), "<","%3C"), ">","%3E") ) | K62: =TRIM(_xlfn.TEXTJOIN("_",FALSE(),F62,(SUBSTITUTE(SUBSTITUTE(D62," ",""), "_", "")))) | L62: =J62 & "_" & SUBSTITUTE(SUBSTITUTE(SUBSTITUTE(D62,CHAR(160),"")," ",""),"_","") | M62: {=IFERROR(INDEX(FileList!$A$1:$A$1000,MATCH(TRUE(),EXACT(L62,IFERROR(_xlfn.TEXTBEFORE(FileList!$A$1:$A$1000,".tsv"),"")),0)),"notfound")} | N62: Table S1. Taxonomy of species included in the sample | U62: pdf | W62: YES - download link | X62: https://www.pnas.org/doi/suppl/10.1073/pnas.0905777106/suppl_file/0905777106si.pdf | AJ62: Mammals | AL62: secondary | AM62: behavioural/developmental (motor onset)
A63: Garwicz, M., Christensson, M., & Psouni, E. (2009). A unifying model for timing of walking onset in humans and other mammals. Proc Natl Acad Sci U S A, 106(51), 21889-21893. https://doi.org/10.1073/pnas.0905777106 | D63: Table S2 | E63: =RIGHT(A63,1) | F63: =G63 & IF(H63<>"", "_" & H63, "_") & IF(I63<>"", "_" & I63, "_") & IF(B63<>"", "_" & B63, "") | G63: =SUBSTITUTE(SUBSTITUTE(_xlfn.TEXTBEFORE(A63,","), "-", ""), " ", "") | H63: =_xlfn.LET( _xlpm.authors,_xlfn.TEXTBEFORE(A63," ("&I63&")"), _xlpm.hasAmp,ISNUMBER(SEARCH("&",_xlpm.authors)), _xlpm.commasBeforeAmp,IF(_xlpm.hasAmp,LEN(_xlfn.TEXTBEFORE(_xlpm.authors,"&"))-LEN(SUBSTITUTE(_xlfn.TEXTBEFORE(_xlpm.authors,"&"),",","")),0), IF(NOT(_xlpm.hasAmp),"",IF(_xlpm.commasBeforeAmp>2,"etal",TRIM(_xlfn.TEXTBEFORE(_xlfn.TEXTAFTER(_xlpm.authors,"& "),",")))) ) | I63: =_xlfn.TEXTBEFORE(_xlfn.TEXTAFTER(A63, "("), ")") | J63: =_xlfn.LET( _xlpm.doi,IF(C63<>"",C63,_xlfn.TEXTAFTER(A63,"https://doi.org/")), SUBSTITUTE( SUBSTITUTE( SUBSTITUTE( SUBSTITUTE( _xlpm.doi, "/","%2F"), ":","%3A"), "<","%3C"), ">","%3E") ) | K63: =TRIM(_xlfn.TEXTJOIN("_",FALSE(),F63,(SUBSTITUTE(SUBSTITUTE(D63," ",""), "_", "")))) | L63: =J63 & "_" & SUBSTITUTE(SUBSTITUTE(SUBSTITUTE(D63,CHAR(160),"")," ",""),"_","") | M63: {=IFERROR(INDEX(FileList!$A$1:$A$1000,MATCH(TRUE(),EXACT(L63,IFERROR(_xlfn.TEXTBEFORE(FileList!$A$1:$A$1000,".tsv"),"")),0)),"notfound")} | N63: Table S2. Database for multiple-regression model | U63: pdf | W63: YES - download link | X63: https://www.pnas.org/doi/suppl/10.1073/pnas.0905777106/suppl_file/0905777106si.pdf | AJ63: Mammals | AL63: secondary | AM63: behavioural/developmental (motor onset)
A64: Genoud, M., Isler, K., & Martin, R. D. (2018). Comparative analyses of basal rate of metabolism in mammals: data selection does matter. Biol Rev Camb Philos Soc, 93(1), 404-438. https://doi.org/10.1111/brv.12350 | D64: Table S2 | E64: =RIGHT(A64,1) | F64: =G64 & IF(H64<>"", "_" & H64, "_") & IF(I64<>"", "_" & I64, "_") & IF(B64<>"", "_" & B64, "") | G64: =SUBSTITUTE(SUBSTITUTE(_xlfn.TEXTBEFORE(A64,","), "-", ""), " ", "") | H64: =_xlfn.LET( _xlpm.authors,_xlfn.TEXTBEFORE(A64," ("&I64&")"), _xlpm.hasAmp,ISNUMBER(SEARCH("&",_xlpm.authors)), _xlpm.commasBeforeAmp,IF(_xlpm.hasAmp,LEN(_xlfn.TEXTBEFORE(_xlpm.authors,"&"))-LEN(SUBSTITUTE(_xlfn.TEXTBEFORE(_xlpm.authors,"&"),",","")),0), IF(NOT(_xlpm.hasAmp),"",IF(_xlpm.commasBeforeAmp>2,"etal",TRIM(_xlfn.TEXTBEFORE(_xlfn.TEXTAFTER(_xlpm.authors,"& "),",")))) ) | I64: =_xlfn.TEXTBEFORE(_xlfn.TEXTAFTER(A64, "("), ")") | J64: =_xlfn.LET( _xlpm.doi,IF(C64<>"",C64,_xlfn.TEXTAFTER(A64,"https://doi.org/")), SUBSTITUTE( SUBSTITUTE( SUBSTITUTE( SUBSTITUTE( _xlpm.doi, "/","%2F"), ":","%3A"), "<","%3C"), ">","%3E") ) | K64: =TRIM(_xlfn.TEXTJOIN("_",FALSE(),F64,(SUBSTITUTE(SUBSTITUTE(D64," ",""), "_", "")))) | L64: =J64 & "_" & SUBSTITUTE(SUBSTITUTE(SUBSTITUTE(D64,CHAR(160),"")," ",""),"_","") | M64: {=IFERROR(INDEX(FileList!$A$1:$A$1000,MATCH(TRUE(),EXACT(L64,IFERROR(_xlfn.TEXTBEFORE(FileList!$A$1:$A$1000,".tsv"),"")),0)),"notfound")} | N64: Table S2. Basal metabolic rate (BMR) database. | P64: NOT STARTED | AA64: BMR | AJ64: review | AL64: review | AM64: review
A65: Granatosky, M. C. (2018). A Review of locomotor diversity in mammals with analyses exploring the influence of substrate use, body mass and intermembral index in primates. Journal of Zoology, 306(4), 207-216. https://doi.org/10.1111/jzo.12608 | D65: Table S1 | E65: =RIGHT(A65,1) | F65: =G65 & IF(H65<>"", "_" & H65, "_") & IF(I65<>"", "_" & I65, "_") & IF(B65<>"", "_" & B65, "") | G65: =SUBSTITUTE(SUBSTITUTE(_xlfn.TEXTBEFORE(A65,","), "-", ""), " ", "") | H65: =_xlfn.LET( _xlpm.authors,_xlfn.TEXTBEFORE(A65," ("&I65&")"), _xlpm.hasAmp,ISNUMBER(SEARCH("&",_xlpm.authors)), _xlpm.commasBeforeAmp,IF(_xlpm.hasAmp,LEN(_xlfn.TEXTBEFORE(_xlpm.authors,"&"))-LEN(SUBSTITUTE(_xlfn.TEXTBEFORE(_xlpm.authors,"&"),",","")),0), IF(NOT(_xlpm.hasAmp),"",IF(_xlpm.commasBeforeAmp>2,"etal",TRIM(_xlfn.TEXTBEFORE(_xlfn.TEXTAFTER(_xlpm.authors,"& "),",")))) ) | I65: =_xlfn.TEXTBEFORE(_xlfn.TEXTAFTER(A65, "("), ")") | J65: =_xlfn.LET( _xlpm.doi,IF(C65<>"",C65,_xlfn.TEXTAFTER(A65,"https://doi.org/")), SUBSTITUTE( SUBSTITUTE( SUBSTITUTE( SUBSTITUTE( _xlpm.doi, "/","%2F"), ":","%3A"), "<","%3C"), ">","%3E") ) | K65: =TRIM(_xlfn.TEXTJOIN("_",FALSE(),F65,(SUBSTITUTE(SUBSTITUTE(D65," ",""), "_", "")))) | L65: =J65 & "_" & SUBSTITUTE(SUBSTITUTE(SUBSTITUTE(D65,CHAR(160),"")," ",""),"_","") | M65: {=IFERROR(INDEX(FileList!$A$1:$A$1000,MATCH(TRUE(),EXACT(L65,IFERROR(_xlfn.TEXTBEFORE(FileList!$A$1:$A$1000,".tsv"),"")),0)),"notfound")} | N65: Table S1. Locomotor profiles for the species used in this study. | P65: NOT STARTED | X65: https://karger.com/bbe/article-pdf/86/3-4/145/2264694/000437413.pdf | AJ65: Mammals | AL65: secondary | AM65: behavioural (locomotion)
A66: Haarlem, C. S., Hynes, C., Jackson, A. L., Mitchell, K. J., O'Connell, R. G., & Healy, K. (2026). Pace of ecology drives the tempo of visual perception across the animal kingdom. Nat Ecol Evol. https://doi.org/10.1038/s41559-026-02994-7 | D66: CFF dataset | E66: =RIGHT(A66,1) | F66: =G66 & IF(H66<>"", "_" & H66, "_") & IF(I66<>"", "_" & I66, "_") & IF(B66<>"", "_" & B66, "") | G66: =SUBSTITUTE(SUBSTITUTE(_xlfn.TEXTBEFORE(A66,","), "-", ""), " ", "") | H66: =_xlfn.LET( _xlpm.authors,_xlfn.TEXTBEFORE(A66," ("&I66&")"), _xlpm.hasAmp,ISNUMBER(SEARCH("&",_xlpm.authors)), _xlpm.commasBeforeAmp,IF(_xlpm.hasAmp,LEN(_xlfn.TEXTBEFORE(_xlpm.authors,"&"))-LEN(SUBSTITUTE(_xlfn.TEXTBEFORE(_xlpm.authors,"&"),",","")),0), IF(NOT(_xlpm.hasAmp),"",IF(_xlpm.commasBeforeAmp>2,"etal",TRIM(_xlfn.TEXTBEFORE(_xlfn.TEXTAFTER(_xlpm.authors,"& "),",")))) ) | I66: =_xlfn.TEXTBEFORE(_xlfn.TEXTAFTER(A66, "("), ")") | J66: =_xlfn.LET( _xlpm.doi,IF(C66<>"",C66,_xlfn.TEXTAFTER(A66,"https://doi.org/")), SUBSTITUTE( SUBSTITUTE( SUBSTITUTE( SUBSTITUTE( _xlpm.doi, "/","%2F"), ":","%3A"), "<","%3C"), ">","%3E") ) | K66: =TRIM(_xlfn.TEXTJOIN("_",FALSE(),F66,(SUBSTITUTE(SUBSTITUTE(D66," ",""), "_", "")))) | L66: =J66 & "_" & SUBSTITUTE(SUBSTITUTE(SUBSTITUTE(D66,CHAR(160),"")," ",""),"_","") | M66: {=IFERROR(INDEX(FileList!$A$1:$A$1000,MATCH(TRUE(),EXACT(L66,IFERROR(_xlfn.TEXTBEFORE(FileList!$A$1:$A$1000,".tsv"),"")),0)),"notfound")} | N66: CFF dataset | X66: https://karger.com/bbe/article-pdf/86/3-4/145/2264694/000437413.pdf | AJ66: review | AL66: review | AM66: review
A67: Heffner, R. S., & Masterton, R. B. (1983). The role of the corticospinal tract in the evolution of human digital dexterity. Brain Behav Evol, 23(3-4), 165-183. https://doi.org/10.1159/000121494 | D67: Table I | E67: =RIGHT(A67,1) | F67: =G67 & IF(H67<>"", "_" & H67, "_") & IF(I67<>"", "_" & I67, "_") & IF(B67<>"", "_" & B67, "") | G67: =SUBSTITUTE(SUBSTITUTE(_xlfn.TEXTBEFORE(A67,","), "-", ""), " ", "") | H67: =_xlfn.LET( _xlpm.authors,_xlfn.TEXTBEFORE(A67," ("&I67&")"), _xlpm.hasAmp,ISNUMBER(SEARCH("&",_xlpm.authors)), _xlpm.commasBeforeAmp,IF(_xlpm.hasAmp,LEN(_xlfn.TEXTBEFORE(_xlpm.authors,"&"))-LEN(SUBSTITUTE(_xlfn.TEXTBEFORE(_xlpm.authors,"&"),",","")),0), IF(NOT(_xlpm.hasAmp),"",IF(_xlpm.commasBeforeAmp>2,"etal",TRIM(_xlfn.TEXTBEFORE(_xlfn.TEXTAFTER(_xlpm.authors,"& "),",")))) ) | I67: =_xlfn.TEXTBEFORE(_xlfn.TEXTAFTER(A67, "("), ")") | J67: =_xlfn.LET( _xlpm.doi,IF(C67<>"",C67,_xlfn.TEXTAFTER(A67,"https://doi.org/")), SUBSTITUTE( SUBSTITUTE( SUBSTITUTE( SUBSTITUTE( _xlpm.doi, "/","%2F"), ":","%3A"), "<","%3C"), ">","%3E") ) | K67: =TRIM(_xlfn.TEXTJOIN("_",FALSE(),F67,(SUBSTITUTE(SUBSTITUTE(D67," ",""), "_", "")))) | L67: =J67 & "_" & SUBSTITUTE(SUBSTITUTE(SUBSTITUTE(D67,CHAR(160),"")," ",""),"_","") | M67: {=IFERROR(INDEX(FileList!$A$1:$A$1000,MATCH(TRUE(),EXACT(L67,IFERROR(_xlfn.TEXTBEFORE(FileList!$A$1:$A$1000,".tsv"),"")),0)),"notfound")} | P67: NOT STARTED | Q67: NA | T67: =IF(S67="N", R67, "write file name") | U67: pdf | V67: table | W67: NO - paywall | X67: https://karger.com/bbe/article-pdf/86/3-4/145/2264694/000437413.pdf | AD67: compare to 1975 | AH67: mammals | AI67: digital dexterity | AJ67: Mammals | AL67: secondary | AM67: behavioural (digital dexterity)
A68: Heffner, R., & Masterton, B. (1975). Variation in form of the pyramidal tract and its relationship to digital dexterity. Brain Behav Evol, 12(3), 161-200. https://doi.org/10.1159/000124401 | D68: Table I | E68: =RIGHT(A68,1) | F68: =G68 & IF(H68<>"", "_" & H68, "_") & IF(I68<>"", "_" & I68, "_") & IF(B68<>"", "_" & B68, "") | G68: =SUBSTITUTE(SUBSTITUTE(_xlfn.TEXTBEFORE(A68,","), "-", ""), " ", "") | H68: =_xlfn.LET( _xlpm.authors,_xlfn.TEXTBEFORE(A68," ("&I68&")"), _xlpm.hasAmp,ISNUMBER(SEARCH("&",_xlpm.authors)), _xlpm.commasBeforeAmp,IF(_xlpm.hasAmp,LEN(_xlfn.TEXTBEFORE(_xlpm.authors,"&"))-LEN(SUBSTITUTE(_xlfn.TEXTBEFORE(_xlpm.authors,"&"),",","")),0), IF(NOT(_xlpm.hasAmp),"",IF(_xlpm.commasBeforeAmp>2,"etal",TRIM(_xlfn.TEXTBEFORE(_xlfn.TEXTAFTER(_xlpm.authors,"& "),",")))) ) | I68: =_xlfn.TEXTBEFORE(_xlfn.TEXTAFTER(A68, "("), ")") | J68: =_xlfn.LET( _xlpm.doi,IF(C68<>"",C68,_xlfn.TEXTAFTER(A68,"https://doi.org/")), SUBSTITUTE( SUBSTITUTE( SUBSTITUTE( SUBSTITUTE( _xlpm.doi, "/","%2F"), ":","%3A"), "<","%3C"), ">","%3E") ) | K68: =TRIM(_xlfn.TEXTJOIN("_",FALSE(),F68,(SUBSTITUTE(SUBSTITUTE(D68," ",""), "_", "")))) | L68: =J68 & "_" & SUBSTITUTE(SUBSTITUTE(SUBSTITUTE(D68,CHAR(160),"")," ",""),"_","") | M68: {=IFERROR(INDEX(FileList!$A$1:$A$1000,MATCH(TRUE(),EXACT(L68,IFERROR(_xlfn.TEXTBEFORE(FileList!$A$1:$A$1000,".tsv"),"")),0)),"notfound")} | P68: FINISHED | Q68: added | R68: Heffner_Masterton_1975_TableI_snapshot.xlsx | S68: Y | T68: Heffner_Masterton_1975_TableI.csv | U68: pdf | V68: table | W68: NO - paywall | X68: https://karger.com/bbe/article-pdf/86/3-4/145/2264694/000437413.pdf | AA68: area of pyramidal tract; deepest lamina | AH68: mammals | AI68: digital dexterity | AJ68: Mammals | AK68: mostly secondary | AL68: both | AM68: behavioural (digital dexterity) + corticospinal tract
A69: Heiss, W. D., Habedank, B., Klein, J. C., Herholz, K., Wienhard, K., Lenox, M., & Nutt, R. (2004). Metabolic rates in small brain nuclei determined by high-resolution PET. J Nucl Med, 45(11), 1811-1815. https://www.ncbi.nlm.nih.gov/pubmed/15534048 | C69: PMID:15534048 | D69: TABLE 1 | E69: =RIGHT(A69,1) | F69: =G69 & IF(H69<>"", "_" & H69, "_") & IF(I69<>"", "_" & I69, "_") & IF(B69<>"", "_" & B69, "") | G69: =SUBSTITUTE(SUBSTITUTE(_xlfn.TEXTBEFORE(A69,","), "-", ""), " ", "") | H69: =_xlfn.LET( _xlpm.authors,_xlfn.TEXTBEFORE(A69," ("&I69&")"), _xlpm.hasAmp,ISNUMBER(SEARCH("&",_xlpm.authors)), _xlpm.commasBeforeAmp,IF(_xlpm.hasAmp,LEN(_xlfn.TEXTBEFORE(_xlpm.authors,"&"))-LEN(SUBSTITUTE(_xlfn.TEXTBEFORE(_xlpm.authors,"&"),",","")),0), IF(NOT(_xlpm.hasAmp),"",IF(_xlpm.commasBeforeAmp>2,"etal",TRIM(_xlfn.TEXTBEFORE(_xlfn.TEXTAFTER(_xlpm.authors,"& "),",")))) ) | I69: =_xlfn.TEXTBEFORE(_xlfn.TEXTAFTER(A69, "("), ")") | J69: =_xlfn.LET( _xlpm.doi,IF(C69<>"",C69,_xlfn.TEXTAFTER(A69,"https://doi.org/")), SUBSTITUTE( SUBSTITUTE( SUBSTITUTE( SUBSTITUTE( _xlpm.doi, "/","%2F"), ":","%3A"), "<","%3C"), ">","%3E") ) | K69: =TRIM(_xlfn.TEXTJOIN("_",FALSE(),F69,(SUBSTITUTE(SUBSTITUTE(D69," ",""), "_", "")))) | L69: =J69 & "_" & SUBSTITUTE(SUBSTITUTE(SUBSTITUTE(D69,CHAR(160),"")," ",""),"_","") | M69: {=IFERROR(INDEX(FileList!$A$1:$A$1000,MATCH(TRUE(),EXACT(L69,IFERROR(_xlfn.TEXTBEFORE(FileList!$A$1:$A$1000,".tsv"),"")),0)),"notfound")} | N69: TABLE 1 rCMRGlc Values | X69: https://karger.com/bbe/article-pdf/86/3-4/145/2264694/000437413.pdf | AI69: regional cerebral metabolic rates for glucose | AJ69: Humans | AL69: primary | AM69: metabolic (regional cerebral glucose, PET)
A70: Heldstab, S. A., Kosonen, Z. K., Koski, S. E., Burkart, J. M., van Schaik, C. P., & Isler, K. (2016). Manipulation complexity in primates coevolved with brain size and terrestriality. Sci Rep, 6, 24528. https://doi.org/10.1038/srep24528 | D70: Table S1 | E70: =RIGHT(A70,1) | F70: =G70 & IF(H70<>"", "_" & H70, "_") & IF(I70<>"", "_" & I70, "_") & IF(B70<>"", "_" & B70, "") | G70: =SUBSTITUTE(SUBSTITUTE(_xlfn.TEXTBEFORE(A70,","), "-", ""), " ", "") | H70: =_xlfn.LET( _xlpm.authors,_xlfn.TEXTBEFORE(A70," ("&I70&")"), _xlpm.hasAmp,ISNUMBER(SEARCH("&",_xlpm.authors)), _xlpm.commasBeforeAmp,IF(_xlpm.hasAmp,LEN(_xlfn.TEXTBEFORE(_xlpm.authors,"&"))-LEN(SUBSTITUTE(_xlfn.TEXTBEFORE(_xlpm.authors,"&"),",","")),0), IF(NOT(_xlpm.hasAmp),"",IF(_xlpm.commasBeforeAmp>2,"etal",TRIM(_xlfn.TEXTBEFORE(_xlfn.TEXTAFTER(_xlpm.authors,"& "),",")))) ) | I70: =_xlfn.TEXTBEFORE(_xlfn.TEXTAFTER(A70, "("), ")") | J70: =_xlfn.LET( _xlpm.doi,IF(C70<>"",C70,_xlfn.TEXTAFTER(A70,"https://doi.org/")), SUBSTITUTE( SUBSTITUTE( SUBSTITUTE( SUBSTITUTE( _xlpm.doi, "/","%2F"), ":","%3A"), "<","%3C"), ">","%3E") ) | K70: =TRIM(_xlfn.TEXTJOIN("_",FALSE(),F70,(SUBSTITUTE(SUBSTITUTE(D70," ",""), "_", "")))) | L70: =J70 & "_" & SUBSTITUTE(SUBSTITUTE(SUBSTITUTE(D70,CHAR(160),"")," ",""),"_","") | M70: {=IFERROR(INDEX(FileList!$A$1:$A$1000,MATCH(TRUE(),EXACT(L70,IFERROR(_xlfn.TEXTBEFORE(FileList!$A$1:$A$1000,".tsv"),"")),0)),"notfound")} | P70: NOT STARTED | Q70: NA | T70: =IF(S70="N", R70, "write file name") | U70: pdf | V70: table | X70: https://karger.com/bbe/article-pdf/86/3-4/145/2264694/000437413.pdf | AH70: primates | AI70: manipulation complexity | AJ70: Primates | AL70: secondary | AM70: behavioural (manipulation complexity)
A71: Herculano-Houzel, S. (2015). Decreasing sleep requirement with increasing numbers of neurons as a driver for bigger brains and bodies in mammalian evolution. Proc Biol Sci, 282(1816), 20151853. https://doi.org/10.1098/rspb.2015.1853 | D71: Table 1 | E71: =RIGHT(A71,1) | F71: =G71 & IF(H71<>"", "_" & H71, "_") & IF(I71<>"", "_" & I71, "_") & IF(B71<>"", "_" & B71, "") | G71: =SUBSTITUTE(SUBSTITUTE(_xlfn.TEXTBEFORE(A71,","), "-", ""), " ", "") | H71: =_xlfn.LET( _xlpm.authors,_xlfn.TEXTBEFORE(A71," ("&I71&")"), _xlpm.hasAmp,ISNUMBER(SEARCH("&",_xlpm.authors)), _xlpm.commasBeforeAmp,IF(_xlpm.hasAmp,LEN(_xlfn.TEXTBEFORE(_xlpm.authors,"&"))-LEN(SUBSTITUTE(_xlfn.TEXTBEFORE(_xlpm.authors,"&"),",","")),0), IF(NOT(_xlpm.hasAmp),"",IF(_xlpm.commasBeforeAmp>2,"etal",TRIM(_xlfn.TEXTBEFORE(_xlfn.TEXTAFTER(_xlpm.authors,"& "),",")))) ) | I71: =_xlfn.TEXTBEFORE(_xlfn.TEXTAFTER(A71, "("), ")") | J71: =_xlfn.LET( _xlpm.doi,IF(C71<>"",C71,_xlfn.TEXTAFTER(A71,"https://doi.org/")), SUBSTITUTE( SUBSTITUTE( SUBSTITUTE( SUBSTITUTE( _xlpm.doi, "/","%2F"), ":","%3A"), "<","%3C"), ">","%3E") ) | K71: =TRIM(_xlfn.TEXTJOIN("_",FALSE(),F71,(SUBSTITUTE(SUBSTITUTE(D71," ",""), "_", "")))) | L71: =J71 & "_" & SUBSTITUTE(SUBSTITUTE(SUBSTITUTE(D71,CHAR(160),"")," ",""),"_","") | M71: {=IFERROR(INDEX(FileList!$A$1:$A$1000,MATCH(TRUE(),EXACT(L71,IFERROR(_xlfn.TEXTBEFORE(FileList!$A$1:$A$1000,".tsv"),"")),0)),"notfound")} | U71: pdf | V71: table | AI71: sleep time & neuron density | AJ71: Mammals | AL71: both | AM71: sleep + neuron density
A72: Herculano-Houzel, S. (2015). Decreasing sleep requirement with increasing numbers of neurons as a driver for bigger brains and bodies in mammalian evolution. Proc Biol Sci, 282(1816), 20151853. https://doi.org/10.1098/rspb.2015.1853 | D72: Table 2 | E72: =RIGHT(A72,1) | F72: =G72 & IF(H72<>"", "_" & H72, "_") & IF(I72<>"", "_" & I72, "_") & IF(B72<>"", "_" & B72, "") | G72: =SUBSTITUTE(SUBSTITUTE(_xlfn.TEXTBEFORE(A72,","), "-", ""), " ", "") | H72: =_xlfn.LET( _xlpm.authors,_xlfn.TEXTBEFORE(A72," ("&I72&")"), _xlpm.hasAmp,ISNUMBER(SEARCH("&",_xlpm.authors)), _xlpm.commasBeforeAmp,IF(_xlpm.hasAmp,LEN(_xlfn.TEXTBEFORE(_xlpm.authors,"&"))-LEN(SUBSTITUTE(_xlfn.TEXTBEFORE(_xlpm.authors,"&"),",","")),0), IF(NOT(_xlpm.hasAmp),"",IF(_xlpm.commasBeforeAmp>2,"etal",TRIM(_xlfn.TEXTBEFORE(_xlfn.TEXTAFTER(_xlpm.authors,"& "),",")))) ) | I72: =_xlfn.TEXTBEFORE(_xlfn.TEXTAFTER(A72, "("), ")") | J72: =_xlfn.LET( _xlpm.doi,IF(C72<>"",C72,_xlfn.TEXTAFTER(A72,"https://doi.org/")), SUBSTITUTE( SUBSTITUTE( SUBSTITUTE( SUBSTITUTE( _xlpm.doi, "/","%2F"), ":","%3A"), "<","%3C"), ">","%3E") ) | K72: =TRIM(_xlfn.TEXTJOIN("_",FALSE(),F72,(SUBSTITUTE(SUBSTITUTE(D72," ",""), "_", "")))) | L72: =J72 & "_" & SUBSTITUTE(SUBSTITUTE(SUBSTITUTE(D72,CHAR(160),"")," ",""),"_","") | M72: {=IFERROR(INDEX(FileList!$A$1:$A$1000,MATCH(TRUE(),EXACT(L72,IFERROR(_xlfn.TEXTBEFORE(FileList!$A$1:$A$1000,".tsv"),"")),0)),"notfound")} | N72: Table 2. Dataset on the ontogeny of sleep and cellular composition of the rat brain used in this study. | U72: pdf | V72: table | AI72: Per cent of hours asleep and brain size and composition | AJ72: Mammals | AK72: secondary | AL72: both | AM72: sleep (per cent hours asleep)
A73: Herculano-Houzel, S., Catania, K., Manger, P. R., & Kaas, J. H. (2015). Mammalian brains are made of these: A dataset of the numbers and densities of neuronal and nonneuronal cells in the brain of glires, primates, scandentia, eulipotyphlans, afrotherians and artiodactyls, and their relationship with body mass. Brain Behav Evol, 86(3-4), 145-163. https://doi.org/10.1159/000437413 | D73: Table 1 | E73: =RIGHT(A73,1) | F73: =G73 & IF(H73<>"", "_" & H73, "_") & IF(I73<>"", "_" & I73, "_") & IF(B73<>"", "_" & B73, "") | G73: =SUBSTITUTE(SUBSTITUTE(_xlfn.TEXTBEFORE(A73,","), "-", ""), " ", "") | H73: =_xlfn.LET( _xlpm.authors,_xlfn.TEXTBEFORE(A73," ("&I73&")"), _xlpm.hasAmp,ISNUMBER(SEARCH("&",_xlpm.authors)), _xlpm.commasBeforeAmp,IF(_xlpm.hasAmp,LEN(_xlfn.TEXTBEFORE(_xlpm.authors,"&"))-LEN(SUBSTITUTE(_xlfn.TEXTBEFORE(_xlpm.authors,"&"),",","")),0), IF(NOT(_xlpm.hasAmp),"",IF(_xlpm.commasBeforeAmp>2,"etal",TRIM(_xlfn.TEXTBEFORE(_xlfn.TEXTAFTER(_xlpm.authors,"& "),",")))) ) | I73: =_xlfn.TEXTBEFORE(_xlfn.TEXTAFTER(A73, "("), ")") | J73: =_xlfn.LET( _xlpm.doi,IF(C73<>"",C73,_xlfn.TEXTAFTER(A73,"https://doi.org/")), SUBSTITUTE( SUBSTITUTE( SUBSTITUTE( SUBSTITUTE( _xlpm.doi, "/","%2F"), ":","%3A"), "<","%3C"), ">","%3E") ) | K73: =TRIM(_xlfn.TEXTJOIN("_",FALSE(),F73,(SUBSTITUTE(SUBSTITUTE(D73," ",""), "_", "")))) | L73: =J73 & "_" & SUBSTITUTE(SUBSTITUTE(SUBSTITUTE(D73,CHAR(160),"")," ",""),"_","") | M73: {=IFERROR(INDEX(FileList!$A$1:$A$1000,MATCH(TRUE(),EXACT(L73,IFERROR(_xlfn.TEXTBEFORE(FileList!$A$1:$A$1000,".tsv"),"")),0)),"notfound")} | N73: Table 1. Cerebral cortex | P73: FINISHED | Q73: added | R73: HerculanoHouzel_etal_2015_Table1_snapshot.xlsx | S73: Y | T73: HerculanoHouzel_etal_2015_Table1.csv | U73: pdf | V73: table | W73: YES - but formatting issues | X73: https://karger.com/bbe/article-pdf/86/3-4/145/2264694/000437413.pdf | Y73: HH | Z73: HH | AC73: formatting-fix: ' + ' shown for ' ± ' (Rattus norvegicus, col N,n) corrected in .R script. | AG73: isotropic fractionator | AH73: placental mammals | AI73: Cell numbers, region size | AJ73: Mammals (placental) | AL73: primary | AM73: cell count (isotropic fractionator)
A74: Herculano-Houzel, S., Catania, K., Manger, P. R., & Kaas, J. H. (2015). Mammalian brains are made of these: A dataset of the numbers and densities of neuronal and nonneuronal cells in the brain of glires, primates, scandentia, eulipotyphlans, afrotherians and artiodactyls, and their relationship with body mass. Brain Behav Evol, 86(3-4), 145-163. https://doi.org/10.1159/000437413 | D74: Table 2 | E74: =RIGHT(A74,1) | F74: =G74 & IF(H74<>"", "_" & H74, "_") & IF(I74<>"", "_" & I74, "_") & IF(B74<>"", "_" & B74, "") | G74: =SUBSTITUTE(SUBSTITUTE(_xlfn.TEXTBEFORE(A74,","), "-", ""), " ", "") | H74: =_xlfn.LET( _xlpm.authors,_xlfn.TEXTBEFORE(A74," ("&I74&")"), _xlpm.hasAmp,ISNUMBER(SEARCH("&",_xlpm.authors)), _xlpm.commasBeforeAmp,IF(_xlpm.hasAmp,LEN(_xlfn.TEXTBEFORE(_xlpm.authors,"&"))-LEN(SUBSTITUTE(_xlfn.TEXTBEFORE(_xlpm.authors,"&"),",","")),0), IF(NOT(_xlpm.hasAmp),"",IF(_xlpm.commasBeforeAmp>2,"etal",TRIM(_xlfn.TEXTBEFORE(_xlfn.TEXTAFTER(_xlpm.authors,"& "),",")))) ) | I74: =_xlfn.TEXTBEFORE(_xlfn.TEXTAFTER(A74, "("), ")") | J74: =_xlfn.LET( _xlpm.doi,IF(C74<>"",C74,_xlfn.TEXTAFTER(A74,"https://doi.org/")), SUBSTITUTE( SUBSTITUTE( SUBSTITUTE( SUBSTITUTE( _xlpm.doi, "/","%2F"), ":","%3A"), "<","%3C"), ">","%3E") ) | K74: =TRIM(_xlfn.TEXTJOIN("_",FALSE(),F74,(SUBSTITUTE(SUBSTITUTE(D74," ",""), "_", "")))) | L74: =J74 & "_" & SUBSTITUTE(SUBSTITUTE(SUBSTITUTE(D74,CHAR(160),"")," ",""),"_","") | M74: {=IFERROR(INDEX(FileList!$A$1:$A$1000,MATCH(TRUE(),EXACT(L74,IFERROR(_xlfn.TEXTBEFORE(FileList!$A$1:$A$1000,".tsv"),"")),0)),"notfound")} | N74: Table 2. Cerebellum | P74: FINISHED | Q74: added | R74: HerculanoHouzel_etal_2015_Table2_snapshot.xlsx | S74: Y | T74: HerculanoHouzel_etal_2015_Table2.csv | U74: pdf | V74: table | W74: YES - but formatting issues | X74: https://karger.com/bbe/article-pdf/86/3-4/145/2264694/000437413.pdf | Y74: HH | Z74: HH | AG74: isotropic fractionator | AH74: placental mammals | AI74: Cell numbers, region size | AJ74: Mammals (placental) | AL74: primary | AM74: cell count (isotropic fractionator)
A75: Herculano-Houzel, S., Catania, K., Manger, P. R., & Kaas, J. H. (2015). Mammalian brains are made of these: A dataset of the numbers and densities of neuronal and nonneuronal cells in the brain of glires, primates, scandentia, eulipotyphlans, afrotherians and artiodactyls, and their relationship with body mass. Brain Behav Evol, 86(3-4), 145-163. https://doi.org/10.1159/000437413 | D75: Table 3 | E75: =RIGHT(A75,1) | F75: =G75 & IF(H75<>"", "_" & H75, "_") & IF(I75<>"", "_" & I75, "_") & IF(B75<>"", "_" & B75, "") | G75: =SUBSTITUTE(SUBSTITUTE(_xlfn.TEXTBEFORE(A75,","), "-", ""), " ", "") | H75: =_xlfn.LET( _xlpm.authors,_xlfn.TEXTBEFORE(A75," ("&I75&")"), _xlpm.hasAmp,ISNUMBER(SEARCH("&",_xlpm.authors)), _xlpm.commasBeforeAmp,IF(_xlpm.hasAmp,LEN(_xlfn.TEXTBEFORE(_xlpm.authors,"&"))-LEN(SUBSTITUTE(_xlfn.TEXTBEFORE(_xlpm.authors,"&"),",","")),0), IF(NOT(_xlpm.hasAmp),"",IF(_xlpm.commasBeforeAmp>2,"etal",TRIM(_xlfn.TEXTBEFORE(_xlfn.TEXTAFTER(_xlpm.authors,"& "),",")))) ) | I75: =_xlfn.TEXTBEFORE(_xlfn.TEXTAFTER(A75, "("), ")") | J75: =_xlfn.LET( _xlpm.doi,IF(C75<>"",C75,_xlfn.TEXTAFTER(A75,"https://doi.org/")), SUBSTITUTE( SUBSTITUTE( SUBSTITUTE( SUBSTITUTE( _xlpm.doi, "/","%2F"), ":","%3A"), "<","%3C"), ">","%3E") ) | K75: =TRIM(_xlfn.TEXTJOIN("_",FALSE(),F75,(SUBSTITUTE(SUBSTITUTE(D75," ",""), "_", "")))) | L75: =J75 & "_" & SUBSTITUTE(SUBSTITUTE(SUBSTITUTE(D75,CHAR(160),"")," ",""),"_","") | M75: {=IFERROR(INDEX(FileList!$A$1:$A$1000,MATCH(TRUE(),EXACT(L75,IFERROR(_xlfn.TEXTBEFORE(FileList!$A$1:$A$1000,".tsv"),"")),0)),"notfound")} | N75: Table 3. RoB | P75: FINISHED | Q75: added | R75: HerculanoHouzel_etal_2015_Table3_snapshot.xlsx | S75: Y | T75: HerculanoHouzel_etal_2015_Table3.csv | U75: pdf | V75: table | W75: YES - but formatting issues | X75: https://karger.com/bbe/article-pdf/86/3-4/145/2264694/000437413.pdf | Y75: HH | Z75: HH | AG75: isotropic fractionator | AH75: placental mammals | AI75: Cell numbers, region size | AJ75: Mammals (placental) | AL75: primary | AM75: cell count (isotropic fractionator)
A76: Herculano-Houzel, S., Catania, K., Manger, P. R., & Kaas, J. H. (2015). Mammalian brains are made of these: A dataset of the numbers and densities of neuronal and nonneuronal cells in the brain of glires, primates, scandentia, eulipotyphlans, afrotherians and artiodactyls, and their relationship with body mass. Brain Behav Evol, 86(3-4), 145-163. https://doi.org/10.1159/000437413 | D76: Table 4 | E76: =RIGHT(A76,1) | F76: =G76 & IF(H76<>"", "_" & H76, "_") & IF(I76<>"", "_" & I76, "_") & IF(B76<>"", "_" & B76, "") | G76: =SUBSTITUTE(SUBSTITUTE(_xlfn.TEXTBEFORE(A76,","), "-", ""), " ", "") | H76: =_xlfn.LET( _xlpm.authors,_xlfn.TEXTBEFORE(A76," ("&I76&")"), _xlpm.hasAmp,ISNUMBER(SEARCH("&",_xlpm.authors)), _xlpm.commasBeforeAmp,IF(_xlpm.hasAmp,LEN(_xlfn.TEXTBEFORE(_xlpm.authors,"&"))-LEN(SUBSTITUTE(_xlfn.TEXTBEFORE(_xlpm.authors,"&"),",","")),0), IF(NOT(_xlpm.hasAmp),"",IF(_xlpm.commasBeforeAmp>2,"etal",TRIM(_xlfn.TEXTBEFORE(_xlfn.TEXTAFTER(_xlpm.authors,"& "),",")))) ) | I76: =_xlfn.TEXTBEFORE(_xlfn.TEXTAFTER(A76, "("), ")") | J76: =_xlfn.LET( _xlpm.doi,IF(C76<>"",C76,_xlfn.TEXTAFTER(A76,"https://doi.org/")), SUBSTITUTE( SUBSTITUTE( SUBSTITUTE( SUBSTITUTE( _xlpm.doi, "/","%2F"), ":","%3A"), "<","%3C"), ">","%3E") ) | K76: =TRIM(_xlfn.TEXTJOIN("_",FALSE(),F76,(SUBSTITUTE(SUBSTITUTE(D76," ",""), "_", "")))) | L76: =J76 & "_" & SUBSTITUTE(SUBSTITUTE(SUBSTITUTE(D76,CHAR(160),"")," ",""),"_","") | M76: {=IFERROR(INDEX(FileList!$A$1:$A$1000,MATCH(TRUE(),EXACT(L76,IFERROR(_xlfn.TEXTBEFORE(FileList!$A$1:$A$1000,".tsv"),"")),0)),"notfound")} | N76: Table 4. Olfactory bulb | P76: FINISHED | Q76: added | R76: HerculanoHouzel_etal_2015_Table4_snapshot.xlsx | S76: Y | T76: HerculanoHouzel_etal_2015_Table4.csv | U76: pdf | V76: table | W76: YES - but formatting issues | X76: https://karger.com/bbe/article-pdf/86/3-4/145/2264694/000437413.pdf | Y76: HH | Z76: HH | AG76: isotropic fractionator | AH76: placental mammals | AI76: Cell numbers, region size | AJ76: Mammals (placental) | AL76: primary | AM76: cell count (isotropic fractionator)
A77: Herculano-Houzel, S., Catania, K., Manger, P. R., & Kaas, J. H. (2015). Mammalian brains are made of these: A dataset of the numbers and densities of neuronal and nonneuronal cells in the brain of glires, primates, scandentia, eulipotyphlans, afrotherians and artiodactyls, and their relationship with body mass. Brain Behav Evol, 86(3-4), 145-163. https://doi.org/10.1159/000437413 | D77: Table 5 | E77: =RIGHT(A77,1) | F77: =G77 & IF(H77<>"", "_" & H77, "_") & IF(I77<>"", "_" & I77, "_") & IF(B77<>"", "_" & B77, "") | G77: =SUBSTITUTE(SUBSTITUTE(_xlfn.TEXTBEFORE(A77,","), "-", ""), " ", "") | H77: =_xlfn.LET( _xlpm.authors,_xlfn.TEXTBEFORE(A77," ("&I77&")"), _xlpm.hasAmp,ISNUMBER(SEARCH("&",_xlpm.authors)), _xlpm.commasBeforeAmp,IF(_xlpm.hasAmp,LEN(_xlfn.TEXTBEFORE(_xlpm.authors,"&"))-LEN(SUBSTITUTE(_xlfn.TEXTBEFORE(_xlpm.authors,"&"),",","")),0), IF(NOT(_xlpm.hasAmp),"",IF(_xlpm.commasBeforeAmp>2,"etal",TRIM(_xlfn.TEXTBEFORE(_xlfn.TEXTAFTER(_xlpm.authors,"& "),",")))) ) | I77: =_xlfn.TEXTBEFORE(_xlfn.TEXTAFTER(A77, "("), ")") | J77: =_xlfn.LET( _xlpm.doi,IF(C77<>"",C77,_xlfn.TEXTAFTER(A77,"https://doi.org/")), SUBSTITUTE( SUBSTITUTE( SUBSTITUTE( SUBSTITUTE( _xlpm.doi, "/","%2F"), ":","%3A"), "<","%3C"), ">","%3E") ) | K77: =TRIM(_xlfn.TEXTJOIN("_",FALSE(),F77,(SUBSTITUTE(SUBSTITUTE(D77," ",""), "_", "")))) | L77: =J77 & "_" & SUBSTITUTE(SUBSTITUTE(SUBSTITUTE(D77,CHAR(160),"")," ",""),"_","") | M77: {=IFERROR(INDEX(FileList!$A$1:$A$1000,MATCH(TRUE(),EXACT(L77,IFERROR(_xlfn.TEXTBEFORE(FileList!$A$1:$A$1000,".tsv"),"")),0)),"notfound")} | N77: Table 5. Whole brain | P77: FINISHED | Q77: added | R77: HerculanoHouzel_etal_2015_Table5_snapshot.xlsx | S77: Y | T77: HerculanoHouzel_etal_2015_Table5.csv | U77: pdf | V77: table | W77: YES - but formatting issues | X77: https://karger.com/bbe/article-pdf/86/3-4/145/2264694/000437413.pdf | Y77: HH | Z77: HH | AG77: isotropic fractionator | AH77: placental mammals | AI77: Cell numbers, region size | AJ77: Mammals (placental) | AL77: primary | AM77: cell count (isotropic fractionator)
A78: Herculano-Houzel, S., da Cunha, F. B., Reed, J. L., Kaswera-Kyamakya, C., Gillissen, E., & Manger, P. R. (2020). Microchiropterans have a diminutive cerebral cortex, not an enlarged cerebellum, compared to megachiropterans and other mammals. J Comp Neurol, 528(17), 2978-2993. https://doi.org/10.1002/cne.24985 | D78: TABLE 1 | E78: =RIGHT(A78,1) | F78: =G78 & IF(H78<>"", "_" & H78, "_") & IF(I78<>"", "_" & I78, "_") & IF(B78<>"", "_" & B78, "") | G78: =SUBSTITUTE(SUBSTITUTE(_xlfn.TEXTBEFORE(A78,","), "-", ""), " ", "") | H78: =_xlfn.LET( _xlpm.authors,_xlfn.TEXTBEFORE(A78," ("&I78&")"), _xlpm.hasAmp,ISNUMBER(SEARCH("&",_xlpm.authors)), _xlpm.commasBeforeAmp,IF(_xlpm.hasAmp,LEN(_xlfn.TEXTBEFORE(_xlpm.authors,"&"))-LEN(SUBSTITUTE(_xlfn.TEXTBEFORE(_xlpm.authors,"&"),",","")),0), IF(NOT(_xlpm.hasAmp),"",IF(_xlpm.commasBeforeAmp>2,"etal",TRIM(_xlfn.TEXTBEFORE(_xlfn.TEXTAFTER(_xlpm.authors,"& "),",")))) ) | I78: =_xlfn.TEXTBEFORE(_xlfn.TEXTAFTER(A78, "("), ")") | J78: =_xlfn.LET( _xlpm.doi,IF(C78<>"",C78,_xlfn.TEXTAFTER(A78,"https://doi.org/")), SUBSTITUTE( SUBSTITUTE( SUBSTITUTE( SUBSTITUTE( _xlpm.doi, "/","%2F"), ":","%3A"), "<","%3C"), ">","%3E") ) | K78: =TRIM(_xlfn.TEXTJOIN("_",FALSE(),F78,(SUBSTITUTE(SUBSTITUTE(D78," ",""), "_", "")))) | L78: =J78 & "_" & SUBSTITUTE(SUBSTITUTE(SUBSTITUTE(D78,CHAR(160),"")," ",""),"_","") | M78: {=IFERROR(INDEX(FileList!$A$1:$A$1000,MATCH(TRUE(),EXACT(L78,IFERROR(_xlfn.TEXTBEFORE(FileList!$A$1:$A$1000,".tsv"),"")),0)),"notfound")} | N78: TABLE 1 Dataset | P78: FINISHED | Q78: added | R78: HerculanoHouzel_etal_2020_TABLE1_snapshot.csv | S78: Y | T78: HerculanoHouzel_etal_2020_Table1.csv | U78: pdf | V78: table | W78: NO - paywall | X78: https://doi.org/10.1002/cne.24985 | Y78: HH | Z78: HH | AC78: species-name-error: species-name typo corrected from paper text (in .R script). | AG78: isotropic fractionator | AH78: bats | AI78: region size | AJ78: Bats | AL78: primary | AM78: volume (region size)
A79: Herculano-Houzel, S., da Cunha, F. B., Reed, J. L., Kaswera-Kyamakya, C., Gillissen, E., & Manger, P. R. (2020). Microchiropterans have a diminutive cerebral cortex, not an enlarged cerebellum, compared to megachiropterans and other mammals. J Comp Neurol, 528(17), 2978-2993. https://doi.org/10.1002/cne.24985 | D79: TABLE 2 | E79: =RIGHT(A79,1) | F79: =G79 & IF(H79<>"", "_" & H79, "_") & IF(I79<>"", "_" & I79, "_") & IF(B79<>"", "_" & B79, "") | G79: =SUBSTITUTE(SUBSTITUTE(_xlfn.TEXTBEFORE(A79,","), "-", ""), " ", "") | H79: =_xlfn.LET( _xlpm.authors,_xlfn.TEXTBEFORE(A79," ("&I79&")"), _xlpm.hasAmp,ISNUMBER(SEARCH("&",_xlpm.authors)), _xlpm.commasBeforeAmp,IF(_xlpm.hasAmp,LEN(_xlfn.TEXTBEFORE(_xlpm.authors,"&"))-LEN(SUBSTITUTE(_xlfn.TEXTBEFORE(_xlpm.authors,"&"),",","")),0), IF(NOT(_xlpm.hasAmp),"",IF(_xlpm.commasBeforeAmp>2,"etal",TRIM(_xlfn.TEXTBEFORE(_xlfn.TEXTAFTER(_xlpm.authors,"& "),",")))) ) | I79: =_xlfn.TEXTBEFORE(_xlfn.TEXTAFTER(A79, "("), ")") | J79: =_xlfn.LET( _xlpm.doi,IF(C79<>"",C79,_xlfn.TEXTAFTER(A79,"https://doi.org/")), SUBSTITUTE( SUBSTITUTE( SUBSTITUTE( SUBSTITUTE( _xlpm.doi, "/","%2F"), ":","%3A"), "<","%3C"), ">","%3E") ) | K79: =TRIM(_xlfn.TEXTJOIN("_",FALSE(),F79,(SUBSTITUTE(SUBSTITUTE(D79," ",""), "_", "")))) | L79: =J79 & "_" & SUBSTITUTE(SUBSTITUTE(SUBSTITUTE(D79,CHAR(160),"")," ",""),"_","") | M79: {=IFERROR(INDEX(FileList!$A$1:$A$1000,MATCH(TRUE(),EXACT(L79,IFERROR(_xlfn.TEXTBEFORE(FileList!$A$1:$A$1000,".tsv"),"")),0)),"notfound")} | N79: TABLE 2 Numbers of neurons and neuronal density (neurons/mg) | P79: FINISHED | Q79: added | R79: HerculanoHouzel_etal_2020_TABLE2_snapshot.csv | S79: Y | T79: HerculanoHouzel_etal_2020_Table2.csv | U79: pdf | V79: table | W79: NO - paywall | X79: https://doi.org/10.1002/cne.24985 | Y79: HH | Z79: HH | AC79: species-name-error: species-name typo corrected from paper text (in .R script). | AG79: isotropic fractionator | AH79: bats | AI79: Cell numbers | AJ79: Bats | AL79: primary | AM79: cell count (isotropic fractionator)
A80: Herculano-Houzel, S., Watson, C., & Paxinos, G. (2013). Distribution of neurons in functional areas of the mouse cerebral cortex reveals quantitatively different cortical zones. Front Neuroanat, 7, 35. https://doi.org/10.3389/fnana.2013.00035 | D80: Figure 2 Top Left | E80: =RIGHT(A80,1) | F80: =G80 & IF(H80<>"", "_" & H80, "_") & IF(I80<>"", "_" & I80, "_") & IF(B80<>"", "_" & B80, "") | G80: =SUBSTITUTE(SUBSTITUTE(_xlfn.TEXTBEFORE(A80,","), "-", ""), " ", "") | H80: =_xlfn.LET( _xlpm.authors,_xlfn.TEXTBEFORE(A80," ("&I80&")"), _xlpm.hasAmp,ISNUMBER(SEARCH("&",_xlpm.authors)), _xlpm.commasBeforeAmp,IF(_xlpm.hasAmp,LEN(_xlfn.TEXTBEFORE(_xlpm.authors,"&"))-LEN(SUBSTITUTE(_xlfn.TEXTBEFORE(_xlpm.authors,"&"),",","")),0), IF(NOT(_xlpm.hasAmp),"",IF(_xlpm.commasBeforeAmp>2,"etal",TRIM(_xlfn.TEXTBEFORE(_xlfn.TEXTAFTER(_xlpm.authors,"& "),",")))) ) | I80: =_xlfn.TEXTBEFORE(_xlfn.TEXTAFTER(A80, "("), ")") | J80: =_xlfn.LET( _xlpm.doi,IF(C80<>"",C80,_xlfn.TEXTAFTER(A80,"https://doi.org/")), SUBSTITUTE( SUBSTITUTE( SUBSTITUTE( SUBSTITUTE( _xlpm.doi, "/","%2F"), ":","%3A"), "<","%3C"), ">","%3E") ) | K80: =TRIM(_xlfn.TEXTJOIN("_",FALSE(),F80,(SUBSTITUTE(SUBSTITUTE(D80," ",""), "_", "")))) | L80: =J80 & "_" & SUBSTITUTE(SUBSTITUTE(SUBSTITUTE(D80,CHAR(160),"")," ",""),"_","") | M80: {=IFERROR(INDEX(FileList!$A$1:$A$1000,MATCH(TRUE(),EXACT(L80,IFERROR(_xlfn.TEXTBEFORE(FileList!$A$1:$A$1000,".tsv"),"")),0)),"notfound")} | Q80: already there | Y80: HH | Z80: HH | AG80: isotropic fractionator | AI80: cell numbers | AJ80: Mammals | AL80: primary | AM80: cell count (isotropic fractionator)
A81: Herculano-Houzel, S., Watson, C., & Paxinos, G. (2013). Distribution of neurons in functional areas of the mouse cerebral cortex reveals quantitatively different cortical zones. Front Neuroanat, 7, 35. https://doi.org/10.3389/fnana.2013.00035 | D81: Table 1-a | E81: =RIGHT(A81,1) | F81: =G81 & IF(H81<>"", "_" & H81, "_") & IF(I81<>"", "_" & I81, "_") & IF(B81<>"", "_" & B81, "") | G81: =SUBSTITUTE(SUBSTITUTE(_xlfn.TEXTBEFORE(A81,","), "-", ""), " ", "") | H81: =_xlfn.LET( _xlpm.authors,_xlfn.TEXTBEFORE(A81," ("&I81&")"), _xlpm.hasAmp,ISNUMBER(SEARCH("&",_xlpm.authors)), _xlpm.commasBeforeAmp,IF(_xlpm.hasAmp,LEN(_xlfn.TEXTBEFORE(_xlpm.authors,"&"))-LEN(SUBSTITUTE(_xlfn.TEXTBEFORE(_xlpm.authors,"&"),",","")),0), IF(NOT(_xlpm.hasAmp),"",IF(_xlpm.commasBeforeAmp>2,"etal",TRIM(_xlfn.TEXTBEFORE(_xlfn.TEXTAFTER(_xlpm.authors,"& "),",")))) ) | I81: =_xlfn.TEXTBEFORE(_xlfn.TEXTAFTER(A81, "("), ")") | J81: =_xlfn.LET( _xlpm.doi,IF(C81<>"",C81,_xlfn.TEXTAFTER(A81,"https://doi.org/")), SUBSTITUTE( SUBSTITUTE( SUBSTITUTE( SUBSTITUTE( _xlpm.doi, "/","%2F"), ":","%3A"), "<","%3C"), ">","%3E") ) | K81: =TRIM(_xlfn.TEXTJOIN("_",FALSE(),F81,(SUBSTITUTE(SUBSTITUTE(D81," ",""), "_", "")))) | L81: =J81 & "_" & SUBSTITUTE(SUBSTITUTE(SUBSTITUTE(D81,CHAR(160),"")," ",""),"_","") | M81: {=IFERROR(INDEX(FileList!$A$1:$A$1000,MATCH(TRUE(),EXACT(L81,IFERROR(_xlfn.TEXTBEFORE(FileList!$A$1:$A$1000,".tsv"),"")),0)),"notfound")} | Q81: already there | V81: table | Y81: HH | Z81: HH | AG81: isotropic fractionator | AI81: cell numbers | AJ81: Mammals | AL81: primary | AM81: cell count (isotropic fractionator)
A82: Herculano-Houzel, S., Watson, C., & Paxinos, G. (2013). Distribution of neurons in functional areas of the mouse cerebral cortex reveals quantitatively different cortical zones. Front Neuroanat, 7, 35. https://doi.org/10.3389/fnana.2013.00035 | D82: Table 1-b | E82: =RIGHT(A82,1) | F82: =G82 & IF(H82<>"", "_" & H82, "_") & IF(I82<>"", "_" & I82, "_") & IF(B82<>"", "_" & B82, "") | G82: =SUBSTITUTE(SUBSTITUTE(_xlfn.TEXTBEFORE(A82,","), "-", ""), " ", "") | H82: =_xlfn.LET( _xlpm.authors,_xlfn.TEXTBEFORE(A82," ("&I82&")"), _xlpm.hasAmp,ISNUMBER(SEARCH("&",_xlpm.authors)), _xlpm.commasBeforeAmp,IF(_xlpm.hasAmp,LEN(_xlfn.TEXTBEFORE(_xlpm.authors,"&"))-LEN(SUBSTITUTE(_xlfn.TEXTBEFORE(_xlpm.authors,"&"),",","")),0), IF(NOT(_xlpm.hasAmp),"",IF(_xlpm.commasBeforeAmp>2,"etal",TRIM(_xlfn.TEXTBEFORE(_xlfn.TEXTAFTER(_xlpm.authors,"& "),",")))) ) | I82: =_xlfn.TEXTBEFORE(_xlfn.TEXTAFTER(A82, "("), ")") | J82: =_xlfn.LET( _xlpm.doi,IF(C82<>"",C82,_xlfn.TEXTAFTER(A82,"https://doi.org/")), SUBSTITUTE( SUBSTITUTE( SUBSTITUTE( SUBSTITUTE( _xlpm.doi, "/","%2F"), ":","%3A"), "<","%3C"), ">","%3E") ) | K82: =TRIM(_xlfn.TEXTJOIN("_",FALSE(),F82,(SUBSTITUTE(SUBSTITUTE(D82," ",""), "_", "")))) | L82: =J82 & "_" & SUBSTITUTE(SUBSTITUTE(SUBSTITUTE(D82,CHAR(160),"")," ",""),"_","") | M82: {=IFERROR(INDEX(FileList!$A$1:$A$1000,MATCH(TRUE(),EXACT(L82,IFERROR(_xlfn.TEXTBEFORE(FileList!$A$1:$A$1000,".tsv"),"")),0)),"notfound")} | Q82: already there | V82: table | Y82: HH | Z82: HH | AG82: isotropic fractionator | AI82: cell numbers | AJ82: Mammals | AL82: primary | AM82: cell count (isotropic fractionator)
A83: Isler, K., Christopher Kirk, E., Miller, J. M. A., Albrecht, G. A., Gelvin, B. R., & Martin, R. D. (2008). Endocranial volumes of primate species: scaling analyses using a comprehensive and reliable data set. J Hum Evol, 55(6), 967. https://doi.org/10.1016/j.jhevol.2008.08.004 | D83: Table 2 | E83: =RIGHT(A83,1) | F83: =G83 & IF(H83<>"", "_" & H83, "_") & IF(I83<>"", "_" & I83, "_") & IF(B83<>"", "_" & B83, "") | G83: =SUBSTITUTE(SUBSTITUTE(_xlfn.TEXTBEFORE(A83,","), "-", ""), " ", "") | H83: =_xlfn.LET( _xlpm.authors,_xlfn.TEXTBEFORE(A83," ("&I83&")"), _xlpm.hasAmp,ISNUMBER(SEARCH("&",_xlpm.authors)), _xlpm.commasBeforeAmp,IF(_xlpm.hasAmp,LEN(_xlfn.TEXTBEFORE(_xlpm.authors,"&"))-LEN(SUBSTITUTE(_xlfn.TEXTBEFORE(_xlpm.authors,"&"),",","")),0), IF(NOT(_xlpm.hasAmp),"",IF(_xlpm.commasBeforeAmp>2,"etal",TRIM(_xlfn.TEXTBEFORE(_xlfn.TEXTAFTER(_xlpm.authors,"& "),",")))) ) | I83: =_xlfn.TEXTBEFORE(_xlfn.TEXTAFTER(A83, "("), ")") | J83: =_xlfn.LET( _xlpm.doi,IF(C83<>"",C83,_xlfn.TEXTAFTER(A83,"https://doi.org/")), SUBSTITUTE( SUBSTITUTE( SUBSTITUTE( SUBSTITUTE( _xlpm.doi, "/","%2F"), ":","%3A"), "<","%3C"), ">","%3E") ) | K83: =TRIM(_xlfn.TEXTJOIN("_",FALSE(),F83,(SUBSTITUTE(SUBSTITUTE(D83," ",""), "_", "")))) | L83: =J83 & "_" & SUBSTITUTE(SUBSTITUTE(SUBSTITUTE(D83,CHAR(160),"")," ",""),"_","") | M83: {=IFERROR(INDEX(FileList!$A$1:$A$1000,MATCH(TRUE(),EXACT(L83,IFERROR(_xlfn.TEXTBEFORE(FileList!$A$1:$A$1000,".tsv"),"")),0)),"notfound")} | Q83: already there | V83: table | AI83: endocranial volume | AJ83: Primates | AL83: secondary | AM83: endocranial / brain volume
A84: Isler, K., Christopher Kirk, E., Miller, J. M. A., Albrecht, G. A., Gelvin, B. R., & Martin, R. D. (2008). Endocranial volumes of primate species: scaling analyses using a comprehensive and reliable data set. J Hum Evol, 55(6), 967. https://doi.org/10.1016/j.jhevol.2008.08.004 | D84: Table 7 | E84: =RIGHT(A84,1) | F84: =G84 & IF(H84<>"", "_" & H84, "_") & IF(I84<>"", "_" & I84, "_") & IF(B84<>"", "_" & B84, "") | G84: =SUBSTITUTE(SUBSTITUTE(_xlfn.TEXTBEFORE(A84,","), "-", ""), " ", "") | H84: =_xlfn.LET( _xlpm.authors,_xlfn.TEXTBEFORE(A84," ("&I84&")"), _xlpm.hasAmp,ISNUMBER(SEARCH("&",_xlpm.authors)), _xlpm.commasBeforeAmp,IF(_xlpm.hasAmp,LEN(_xlfn.TEXTBEFORE(_xlpm.authors,"&"))-LEN(SUBSTITUTE(_xlfn.TEXTBEFORE(_xlpm.authors,"&"),",","")),0), IF(NOT(_xlpm.hasAmp),"",IF(_xlpm.commasBeforeAmp>2,"etal",TRIM(_xlfn.TEXTBEFORE(_xlfn.TEXTAFTER(_xlpm.authors,"& "),",")))) ) | I84: =_xlfn.TEXTBEFORE(_xlfn.TEXTAFTER(A84, "("), ")") | J84: =_xlfn.LET( _xlpm.doi,IF(C84<>"",C84,_xlfn.TEXTAFTER(A84,"https://doi.org/")), SUBSTITUTE( SUBSTITUTE( SUBSTITUTE( SUBSTITUTE( _xlpm.doi, "/","%2F"), ":","%3A"), "<","%3C"), ">","%3E") ) | K84: =TRIM(_xlfn.TEXTJOIN("_",FALSE(),F84,(SUBSTITUTE(SUBSTITUTE(D84," ",""), "_", "")))) | L84: =J84 & "_" & SUBSTITUTE(SUBSTITUTE(SUBSTITUTE(D84,CHAR(160),"")," ",""),"_","") | M84: {=IFERROR(INDEX(FileList!$A$1:$A$1000,MATCH(TRUE(),EXACT(L84,IFERROR(_xlfn.TEXTBEFORE(FileList!$A$1:$A$1000,".tsv"),"")),0)),"notfound")} | Q84: already there | V84: table | AI84: endocranial volume | AJ84: Primates | AL84: secondary | AM84: endocranial / brain volume
A85: Isler, K., Christopher Kirk, E., Miller, J. M. A., Albrecht, G. A., Gelvin, B. R., & Martin, R. D. (2008). Endocranial volumes of primate species: scaling analyses using a comprehensive and reliable data set. J Hum Evol, 55(6), 967. https://doi.org/10.1016/j.jhevol.2008.08.004 | D85: Table S1 | E85: =RIGHT(A85,1) | F85: =G85 & IF(H85<>"", "_" & H85, "_") & IF(I85<>"", "_" & I85, "_") & IF(B85<>"", "_" & B85, "") | G85: =SUBSTITUTE(SUBSTITUTE(_xlfn.TEXTBEFORE(A85,","), "-", ""), " ", "") | H85: =_xlfn.LET( _xlpm.authors,_xlfn.TEXTBEFORE(A85," ("&I85&")"), _xlpm.hasAmp,ISNUMBER(SEARCH("&",_xlpm.authors)), _xlpm.commasBeforeAmp,IF(_xlpm.hasAmp,LEN(_xlfn.TEXTBEFORE(_xlpm.authors,"&"))-LEN(SUBSTITUTE(_xlfn.TEXTBEFORE(_xlpm.authors,"&"),",","")),0), IF(NOT(_xlpm.hasAmp),"",IF(_xlpm.commasBeforeAmp>2,"etal",TRIM(_xlfn.TEXTBEFORE(_xlfn.TEXTAFTER(_xlpm.authors,"& "),",")))) ) | I85: =_xlfn.TEXTBEFORE(_xlfn.TEXTAFTER(A85, "("), ")") | J85: =_xlfn.LET( _xlpm.doi,IF(C85<>"",C85,_xlfn.TEXTAFTER(A85,"https://doi.org/")), SUBSTITUTE( SUBSTITUTE( SUBSTITUTE( SUBSTITUTE( _xlpm.doi, "/","%2F"), ":","%3A"), "<","%3C"), ">","%3E") ) | K85: =TRIM(_xlfn.TEXTJOIN("_",FALSE(),F85,(SUBSTITUTE(SUBSTITUTE(D85," ",""), "_", "")))) | L85: =J85 & "_" & SUBSTITUTE(SUBSTITUTE(SUBSTITUTE(D85,CHAR(160),"")," ",""),"_","") | M85: {=IFERROR(INDEX(FileList!$A$1:$A$1000,MATCH(TRUE(),EXACT(L85,IFERROR(_xlfn.TEXTBEFORE(FileList!$A$1:$A$1000,".tsv"),"")),0)),"notfound")} | Q85: already there | V85: table | AI85: endocranial volume | AJ85: Primates | AL85: secondary | AM85: endocranial / brain volume
A86: Isler, K., Christopher Kirk, E., Miller, J. M. A., Albrecht, G. A., Gelvin, B. R., & Martin, R. D. (2008). Endocranial volumes of primate species: scaling analyses using a comprehensive and reliable data set. J Hum Evol, 55(6), 967. https://doi.org/10.1016/j.jhevol.2008.08.004 | D86: Table S2 | E86: =RIGHT(A86,1) | F86: =G86 & IF(H86<>"", "_" & H86, "_") & IF(I86<>"", "_" & I86, "_") & IF(B86<>"", "_" & B86, "") | G86: =SUBSTITUTE(SUBSTITUTE(_xlfn.TEXTBEFORE(A86,","), "-", ""), " ", "") | H86: =_xlfn.LET( _xlpm.authors,_xlfn.TEXTBEFORE(A86," ("&I86&")"), _xlpm.hasAmp,ISNUMBER(SEARCH("&",_xlpm.authors)), _xlpm.commasBeforeAmp,IF(_xlpm.hasAmp,LEN(_xlfn.TEXTBEFORE(_xlpm.authors,"&"))-LEN(SUBSTITUTE(_xlfn.TEXTBEFORE(_xlpm.authors,"&"),",","")),0), IF(NOT(_xlpm.hasAmp),"",IF(_xlpm.commasBeforeAmp>2,"etal",TRIM(_xlfn.TEXTBEFORE(_xlfn.TEXTAFTER(_xlpm.authors,"& "),",")))) ) | I86: =_xlfn.TEXTBEFORE(_xlfn.TEXTAFTER(A86, "("), ")") | J86: =_xlfn.LET( _xlpm.doi,IF(C86<>"",C86,_xlfn.TEXTAFTER(A86,"https://doi.org/")), SUBSTITUTE( SUBSTITUTE( SUBSTITUTE( SUBSTITUTE( _xlpm.doi, "/","%2F"), ":","%3A"), "<","%3C"), ">","%3E") ) | K86: =TRIM(_xlfn.TEXTJOIN("_",FALSE(),F86,(SUBSTITUTE(SUBSTITUTE(D86," ",""), "_", "")))) | L86: =J86 & "_" & SUBSTITUTE(SUBSTITUTE(SUBSTITUTE(D86,CHAR(160),"")," ",""),"_","") | M86: {=IFERROR(INDEX(FileList!$A$1:$A$1000,MATCH(TRUE(),EXACT(L86,IFERROR(_xlfn.TEXTBEFORE(FileList!$A$1:$A$1000,".tsv"),"")),0)),"notfound")} | Q86: already there | V86: table | AI86: endocranial volume | AJ86: Primates | AL86: secondary | AM86: endocranial / brain volume
A87: Isler, K., Christopher Kirk, E., Miller, J. M. A., Albrecht, G. A., Gelvin, B. R., & Martin, R. D. (2008). Endocranial volumes of primate species: scaling analyses using a comprehensive and reliable data set. J Hum Evol, 55(6), 967. https://doi.org/10.1016/j.jhevol.2008.08.004 | D87: Table S3 | E87: =RIGHT(A87,1) | F87: =G87 & IF(H87<>"", "_" & H87, "_") & IF(I87<>"", "_" & I87, "_") & IF(B87<>"", "_" & B87, "") | G87: =SUBSTITUTE(SUBSTITUTE(_xlfn.TEXTBEFORE(A87,","), "-", ""), " ", "") | H87: =_xlfn.LET( _xlpm.authors,_xlfn.TEXTBEFORE(A87," ("&I87&")"), _xlpm.hasAmp,ISNUMBER(SEARCH("&",_xlpm.authors)), _xlpm.commasBeforeAmp,IF(_xlpm.hasAmp,LEN(_xlfn.TEXTBEFORE(_xlpm.authors,"&"))-LEN(SUBSTITUTE(_xlfn.TEXTBEFORE(_xlpm.authors,"&"),",","")),0), IF(NOT(_xlpm.hasAmp),"",IF(_xlpm.commasBeforeAmp>2,"etal",TRIM(_xlfn.TEXTBEFORE(_xlfn.TEXTAFTER(_xlpm.authors,"& "),",")))) ) | I87: =_xlfn.TEXTBEFORE(_xlfn.TEXTAFTER(A87, "("), ")") | J87: =_xlfn.LET( _xlpm.doi,IF(C87<>"",C87,_xlfn.TEXTAFTER(A87,"https://doi.org/")), SUBSTITUTE( SUBSTITUTE( SUBSTITUTE( SUBSTITUTE( _xlpm.doi, "/","%2F"), ":","%3A"), "<","%3C"), ">","%3E") ) | K87: =TRIM(_xlfn.TEXTJOIN("_",FALSE(),F87,(SUBSTITUTE(SUBSTITUTE(D87," ",""), "_", "")))) | L87: =J87 & "_" & SUBSTITUTE(SUBSTITUTE(SUBSTITUTE(D87,CHAR(160),"")," ",""),"_","") | M87: {=IFERROR(INDEX(FileList!$A$1:$A$1000,MATCH(TRUE(),EXACT(L87,IFERROR(_xlfn.TEXTBEFORE(FileList!$A$1:$A$1000,".tsv"),"")),0)),"notfound")} | Q87: already there | V87: table | AI87: endocranial volume | AJ87: Primates | AL87: secondary | AM87: endocranial / brain volume
A88: Isler, K., Christopher Kirk, E., Miller, J. M. A., Albrecht, G. A., Gelvin, B. R., & Martin, R. D. (2008). Endocranial volumes of primate species: scaling analyses using a comprehensive and reliable data set. J Hum Evol, 55(6), 967. https://doi.org/10.1016/j.jhevol.2008.08.004 | D88: Tree.nex | E88: =RIGHT(A88,1) | F88: =G88 & IF(H88<>"", "_" & H88, "_") & IF(I88<>"", "_" & I88, "_") & IF(B88<>"", "_" & B88, "") | G88: =SUBSTITUTE(SUBSTITUTE(_xlfn.TEXTBEFORE(A88,","), "-", ""), " ", "") | H88: =_xlfn.LET( _xlpm.authors,_xlfn.TEXTBEFORE(A88," ("&I88&")"), _xlpm.hasAmp,ISNUMBER(SEARCH("&",_xlpm.authors)), _xlpm.commasBeforeAmp,IF(_xlpm.hasAmp,LEN(_xlfn.TEXTBEFORE(_xlpm.authors,"&"))-LEN(SUBSTITUTE(_xlfn.TEXTBEFORE(_xlpm.authors,"&"),",","")),0), IF(NOT(_xlpm.hasAmp),"",IF(_xlpm.commasBeforeAmp>2,"etal",TRIM(_xlfn.TEXTBEFORE(_xlfn.TEXTAFTER(_xlpm.authors,"& "),",")))) ) | I88: =_xlfn.TEXTBEFORE(_xlfn.TEXTAFTER(A88, "("), ")") | J88: =_xlfn.LET( _xlpm.doi,IF(C88<>"",C88,_xlfn.TEXTAFTER(A88,"https://doi.org/")), SUBSTITUTE( SUBSTITUTE( SUBSTITUTE( SUBSTITUTE( _xlpm.doi, "/","%2F"), ":","%3A"), "<","%3C"), ">","%3E") ) | K88: =TRIM(_xlfn.TEXTJOIN("_",FALSE(),F88,(SUBSTITUTE(SUBSTITUTE(D88," ",""), "_", "")))) | L88: =J88 & "_" & SUBSTITUTE(SUBSTITUTE(SUBSTITUTE(D88,CHAR(160),"")," ",""),"_","") | M88: {=IFERROR(INDEX(FileList!$A$1:$A$1000,MATCH(TRUE(),EXACT(L88,IFERROR(_xlfn.TEXTBEFORE(FileList!$A$1:$A$1000,".tsv"),"")),0)),"notfound")} | Q88: already there | V88: tree | AI88: phylogenetic tree | AJ88: Primates | AL88: secondary | AM88: phylogeny (tree)
A89: Iwaniuk, A. N., Nelson, J. E., & Pellis, S. M. (2001). Do big-brained animals play more? Comparative analyses of play and relative brain size in mammals. J Comp Psychol, 115(1), 29-41. https://doi.org/10.1037/0735-7036.115.1.29 | D89: Table 1 | E89: =RIGHT(A89,1) | F89: =G89 & IF(H89<>"", "_" & H89, "_") & IF(I89<>"", "_" & I89, "_") & IF(B89<>"", "_" & B89, "") | G89: =SUBSTITUTE(SUBSTITUTE(_xlfn.TEXTBEFORE(A89,","), "-", ""), " ", "") | H89: =_xlfn.LET( _xlpm.authors,_xlfn.TEXTBEFORE(A89," ("&I89&")"), _xlpm.hasAmp,ISNUMBER(SEARCH("&",_xlpm.authors)), _xlpm.commasBeforeAmp,IF(_xlpm.hasAmp,LEN(_xlfn.TEXTBEFORE(_xlpm.authors,"&"))-LEN(SUBSTITUTE(_xlfn.TEXTBEFORE(_xlpm.authors,"&"),",","")),0), IF(NOT(_xlpm.hasAmp),"",IF(_xlpm.commasBeforeAmp>2,"etal",TRIM(_xlfn.TEXTBEFORE(_xlfn.TEXTAFTER(_xlpm.authors,"& "),",")))) ) | I89: =_xlfn.TEXTBEFORE(_xlfn.TEXTAFTER(A89, "("), ")") | J89: =_xlfn.LET( _xlpm.doi,IF(C89<>"",C89,_xlfn.TEXTAFTER(A89,"https://doi.org/")), SUBSTITUTE( SUBSTITUTE( SUBSTITUTE( SUBSTITUTE( _xlpm.doi, "/","%2F"), ":","%3A"), "<","%3C"), ">","%3E") ) | K89: =TRIM(_xlfn.TEXTJOIN("_",FALSE(),F89,(SUBSTITUTE(SUBSTITUTE(D89," ",""), "_", "")))) | L89: =J89 & "_" & SUBSTITUTE(SUBSTITUTE(SUBSTITUTE(D89,CHAR(160),"")," ",""),"_","") | M89: {=IFERROR(INDEX(FileList!$A$1:$A$1000,MATCH(TRUE(),EXACT(L89,IFERROR(_xlfn.TEXTBEFORE(FileList!$A$1:$A$1000,".tsv"),"")),0)),"notfound")} | N89: Table 1 Encephalization Quotients (EQs) and Play Scores for 15 Mammalian Orders | P89: only manually added M1 species; do all species and record steps | Q89: NA | T89: =IF(S89="N", R89, "write file name") | U89: pdf | V89: table | AH89: mammal clades | AI89: play | AJ89: Mammals | AL89: secondary | AM89: behavioural (play)
A90: Iwaniuk, A. N., Nelson, J. E., & Pellis, S. M. (2001). Do big-brained animals play more? Comparative analyses of play and relative brain size in mammals. J Comp Psychol, 115(1), 29-41. https://doi.org/10.1037/0735-7036.115.1.29 | D90: Table 2 | E90: =RIGHT(A90,1) | F90: =G90 & IF(H90<>"", "_" & H90, "_") & IF(I90<>"", "_" & I90, "_") & IF(B90<>"", "_" & B90, "") | G90: =SUBSTITUTE(SUBSTITUTE(_xlfn.TEXTBEFORE(A90,","), "-", ""), " ", "") | H90: =_xlfn.LET( _xlpm.authors,_xlfn.TEXTBEFORE(A90," ("&I90&")"), _xlpm.hasAmp,ISNUMBER(SEARCH("&",_xlpm.authors)), _xlpm.commasBeforeAmp,IF(_xlpm.hasAmp,LEN(_xlfn.TEXTBEFORE(_xlpm.authors,"&"))-LEN(SUBSTITUTE(_xlfn.TEXTBEFORE(_xlpm.authors,"&"),",","")),0), IF(NOT(_xlpm.hasAmp),"",IF(_xlpm.commasBeforeAmp>2,"etal",TRIM(_xlfn.TEXTBEFORE(_xlfn.TEXTAFTER(_xlpm.authors,"& "),",")))) ) | I90: =_xlfn.TEXTBEFORE(_xlfn.TEXTAFTER(A90, "("), ")") | J90: =_xlfn.LET( _xlpm.doi,IF(C90<>"",C90,_xlfn.TEXTAFTER(A90,"https://doi.org/")), SUBSTITUTE( SUBSTITUTE( SUBSTITUTE( SUBSTITUTE( _xlpm.doi, "/","%2F"), ":","%3A"), "<","%3C"), ">","%3E") ) | K90: =TRIM(_xlfn.TEXTJOIN("_",FALSE(),F90,(SUBSTITUTE(SUBSTITUTE(D90," ",""), "_", "")))) | L90: =J90 & "_" & SUBSTITUTE(SUBSTITUTE(SUBSTITUTE(D90,CHAR(160),"")," ",""),"_","") | M90: {=IFERROR(INDEX(FileList!$A$1:$A$1000,MATCH(TRUE(),EXACT(L90,IFERROR(_xlfn.TEXTBEFORE(FileList!$A$1:$A$1000,".tsv"),"")),0)),"notfound")} | N90: Table 2 The Five Play Scores and Relative Brain Sizes for the Species of Muroid Rodents Examined | P90: only manually added M1 species; do all species and record steps | Q90: NA | T90: =IF(S90="N", R90, "write file name") | U90: pdf | V90: table | AH90: mammal clades | AI90: play | AJ90: Mammals | AL90: secondary | AM90: behavioural (play)
A91: Iwaniuk, A. N., Nelson, J. E., & Pellis, S. M. (2001). Do big-brained animals play more? Comparative analyses of play and relative brain size in mammals. J Comp Psychol, 115(1), 29-41. https://doi.org/10.1037/0735-7036.115.1.29 | D91: Table 3 | E91: =RIGHT(A91,1) | F91: =G91 & IF(H91<>"", "_" & H91, "_") & IF(I91<>"", "_" & I91, "_") & IF(B91<>"", "_" & B91, "") | G91: =SUBSTITUTE(SUBSTITUTE(_xlfn.TEXTBEFORE(A91,","), "-", ""), " ", "") | H91: =_xlfn.LET( _xlpm.authors,_xlfn.TEXTBEFORE(A91," ("&I91&")"), _xlpm.hasAmp,ISNUMBER(SEARCH("&",_xlpm.authors)), _xlpm.commasBeforeAmp,IF(_xlpm.hasAmp,LEN(_xlfn.TEXTBEFORE(_xlpm.authors,"&"))-LEN(SUBSTITUTE(_xlfn.TEXTBEFORE(_xlpm.authors,"&"),",","")),0), IF(NOT(_xlpm.hasAmp),"",IF(_xlpm.commasBeforeAmp>2,"etal",TRIM(_xlfn.TEXTBEFORE(_xlfn.TEXTAFTER(_xlpm.authors,"& "),",")))) ) | I91: =_xlfn.TEXTBEFORE(_xlfn.TEXTAFTER(A91, "("), ")") | J91: =_xlfn.LET( _xlpm.doi,IF(C91<>"",C91,_xlfn.TEXTAFTER(A91,"https://doi.org/")), SUBSTITUTE( SUBSTITUTE( SUBSTITUTE( SUBSTITUTE( _xlpm.doi, "/","%2F"), ":","%3A"), "<","%3C"), ">","%3E") ) | K91: =TRIM(_xlfn.TEXTJOIN("_",FALSE(),F91,(SUBSTITUTE(SUBSTITUTE(D91," ",""), "_", "")))) | L91: =J91 & "_" & SUBSTITUTE(SUBSTITUTE(SUBSTITUTE(D91,CHAR(160),"")," ",""),"_","") | M91: {=IFERROR(INDEX(FileList!$A$1:$A$1000,MATCH(TRUE(),EXACT(L91,IFERROR(_xlfn.TEXTBEFORE(FileList!$A$1:$A$1000,".tsv"),"")),0)),"notfound")} | N91: Table 3 The Play Scores and Relative Brain ( EQ) and Neocortex Sizes for the Marsupials Examined | P91: only manually added M1 species; do all species and record steps | Q91: NA | T91: =IF(S91="N", R91, "write file name") | U91: pdf | V91: table | AH91: mammal clades | AI91: play | AJ91: Mammals | AL91: secondary | AM91: behavioural (play)
A92: Iwaniuk, A. N., Nelson, J. E., & Pellis, S. M. (2001). Do big-brained animals play more? Comparative analyses of play and relative brain size in mammals. J Comp Psychol, 115(1), 29-41. https://doi.org/10.1037/0735-7036.115.1.29 | D92: Table 4 | E92: =RIGHT(A92,1) | F92: =G92 & IF(H92<>"", "_" & H92, "_") & IF(I92<>"", "_" & I92, "_") & IF(B92<>"", "_" & B92, "") | G92: =SUBSTITUTE(SUBSTITUTE(_xlfn.TEXTBEFORE(A92,","), "-", ""), " ", "") | H92: =_xlfn.LET( _xlpm.authors,_xlfn.TEXTBEFORE(A92," ("&I92&")"), _xlpm.hasAmp,ISNUMBER(SEARCH("&",_xlpm.authors)), _xlpm.commasBeforeAmp,IF(_xlpm.hasAmp,LEN(_xlfn.TEXTBEFORE(_xlpm.authors,"&"))-LEN(SUBSTITUTE(_xlfn.TEXTBEFORE(_xlpm.authors,"&"),",","")),0), IF(NOT(_xlpm.hasAmp),"",IF(_xlpm.commasBeforeAmp>2,"etal",TRIM(_xlfn.TEXTBEFORE(_xlfn.TEXTAFTER(_xlpm.authors,"& "),",")))) ) | I92: =_xlfn.TEXTBEFORE(_xlfn.TEXTAFTER(A92, "("), ")") | J92: =_xlfn.LET( _xlpm.doi,IF(C92<>"",C92,_xlfn.TEXTAFTER(A92,"https://doi.org/")), SUBSTITUTE( SUBSTITUTE( SUBSTITUTE( SUBSTITUTE( _xlpm.doi, "/","%2F"), ":","%3A"), "<","%3C"), ">","%3E") ) | K92: =TRIM(_xlfn.TEXTJOIN("_",FALSE(),F92,(SUBSTITUTE(SUBSTITUTE(D92," ",""), "_", "")))) | L92: =J92 & "_" & SUBSTITUTE(SUBSTITUTE(SUBSTITUTE(D92,CHAR(160),"")," ",""),"_","") | M92: {=IFERROR(INDEX(FileList!$A$1:$A$1000,MATCH(TRUE(),EXACT(L92,IFERROR(_xlfn.TEXTBEFORE(FileList!$A$1:$A$1000,".tsv"),"")),0)),"notfound")} | N92: Table 4 Play Scores and Relative Brain and Neocortex Sizes for the Primates Examined | P92: only manually added M1 species; do all species and record steps | Q92: NA | T92: =IF(S92="N", R92, "write file name") | U92: pdf | V92: table | AH92: mammal clades | AI92: play | AJ92: Mammals | AL92: secondary | AM92: behavioural (play)
A93: Iwaniuk, A. N., Pellis, S. M., & Whishaw, I. Q. (1999). Is digital dexterity really related to corticospinal projections?: a re-analysis of the Heffner and Masterton data set using modern comparative statistics. Behav Brain Res, 101(2), 173-187. https://doi.org/10.1016/s0166-4328(98)00151-x | D93: References | E93: =RIGHT(A93,1) | F93: =G93 & IF(H93<>"", "_" & H93, "_") & IF(I93<>"", "_" & I93, "_") & IF(B93<>"", "_" & B93, "") | G93: =SUBSTITUTE(SUBSTITUTE(_xlfn.TEXTBEFORE(A93,","), "-", ""), " ", "") | H93: =_xlfn.LET( _xlpm.authors,_xlfn.TEXTBEFORE(A93," ("&I93&")"), _xlpm.hasAmp,ISNUMBER(SEARCH("&",_xlpm.authors)), _xlpm.commasBeforeAmp,IF(_xlpm.hasAmp,LEN(_xlfn.TEXTBEFORE(_xlpm.authors,"&"))-LEN(SUBSTITUTE(_xlfn.TEXTBEFORE(_xlpm.authors,"&"),",","")),0), IF(NOT(_xlpm.hasAmp),"",IF(_xlpm.commasBeforeAmp>2,"etal",TRIM(_xlfn.TEXTBEFORE(_xlfn.TEXTAFTER(_xlpm.authors,"& "),",")))) ) | I93: =_xlfn.TEXTBEFORE(_xlfn.TEXTAFTER(A93, "("), ")") | J93: =_xlfn.LET( _xlpm.doi,IF(C93<>"",C93,_xlfn.TEXTAFTER(A93,"https://doi.org/")), SUBSTITUTE( SUBSTITUTE( SUBSTITUTE( SUBSTITUTE( _xlpm.doi, "/","%2F"), ":","%3A"), "<","%3C"), ">","%3E") ) | K93: =TRIM(_xlfn.TEXTJOIN("_",FALSE(),F93,(SUBSTITUTE(SUBSTITUTE(D93," ",""), "_", "")))) | L93: =J93 & "_" & SUBSTITUTE(SUBSTITUTE(SUBSTITUTE(D93,CHAR(160),"")," ",""),"_","") | M93: {=IFERROR(INDEX(FileList!$A$1:$A$1000,MATCH(TRUE(),EXACT(L93,IFERROR(_xlfn.TEXTBEFORE(FileList!$A$1:$A$1000,".tsv"),"")),0)),"notfound")} | N93: References | P93: NOT STARTED | V93: reference list | W93: NO - paywall | AI93: forelimb use / dexterity | AJ93: Mammals | AL93: secondary | AM93: behavioural (forelimb use)
A94: Iwaniuk, A. N., Pellis, S. M., & Whishaw, I. Q. (1999). Is digital dexterity really related to corticospinal projections?: a re-analysis of the Heffner and Masterton data set using modern comparative statistics. Behav Brain Res, 101(2), 173-187. https://doi.org/10.1016/s0166-4328(98)00151-x | D94: Table 1 | E94: =RIGHT(A94,1) | F94: =G94 & IF(H94<>"", "_" & H94, "_") & IF(I94<>"", "_" & I94, "_") & IF(B94<>"", "_" & B94, "") | G94: =SUBSTITUTE(SUBSTITUTE(_xlfn.TEXTBEFORE(A94,","), "-", ""), " ", "") | H94: =_xlfn.LET( _xlpm.authors,_xlfn.TEXTBEFORE(A94," ("&I94&")"), _xlpm.hasAmp,ISNUMBER(SEARCH("&",_xlpm.authors)), _xlpm.commasBeforeAmp,IF(_xlpm.hasAmp,LEN(_xlfn.TEXTBEFORE(_xlpm.authors,"&"))-LEN(SUBSTITUTE(_xlfn.TEXTBEFORE(_xlpm.authors,"&"),",","")),0), IF(NOT(_xlpm.hasAmp),"",IF(_xlpm.commasBeforeAmp>2,"etal",TRIM(_xlfn.TEXTBEFORE(_xlfn.TEXTAFTER(_xlpm.authors,"& "),",")))) ) | I94: =_xlfn.TEXTBEFORE(_xlfn.TEXTAFTER(A94, "("), ")") | J94: =_xlfn.LET( _xlpm.doi,IF(C94<>"",C94,_xlfn.TEXTAFTER(A94,"https://doi.org/")), SUBSTITUTE( SUBSTITUTE( SUBSTITUTE( SUBSTITUTE( _xlpm.doi, "/","%2F"), ":","%3A"), "<","%3C"), ">","%3E") ) | K94: =TRIM(_xlfn.TEXTJOIN("_",FALSE(),F94,(SUBSTITUTE(SUBSTITUTE(D94," ",""), "_", "")))) | L94: =J94 & "_" & SUBSTITUTE(SUBSTITUTE(SUBSTITUTE(D94,CHAR(160),"")," ",""),"_","") | M94: {=IFERROR(INDEX(FileList!$A$1:$A$1000,MATCH(TRUE(),EXACT(L94,IFERROR(_xlfn.TEXTBEFORE(FileList!$A$1:$A$1000,".tsv"),"")),0)),"notfound")} | N94: Table 1 The anatomical and behavioural traits used the comparative analysis | P94: NOT STARTED | V94: table | W94: NO - paywall | AI94: forelimb use / dexterity | AJ94: Mammals | AL94: secondary | AM94: behavioural (forelimb use)
A95: Jardim-Messeder, D., Lambert, K., Noctor, S., Pestana, F. M., de Castro Leal, M. E., Bertelsen, M. F., Alagaili, A. N., Mohammad, O. B., Manger, P. R., & Herculano-Houzel, S. (2017). Dogs Have the Most Neurons, Though Not the Largest Brain: Trade-Off between Body Mass and Number of Neurons in the Cerebral Cortex of Large Carnivoran Species. Front Neuroanat, 11, 118. https://doi.org/10.3389/fnana.2017.00118 | D95: Table 1 | E95: =RIGHT(A95,1) | F95: =G95 & IF(H95<>"", "_" & H95, "_") & IF(I95<>"", "_" & I95, "_") & IF(B95<>"", "_" & B95, "") | G95: =SUBSTITUTE(SUBSTITUTE(_xlfn.TEXTBEFORE(A95,","), "-", ""), " ", "") | H95: =_xlfn.LET( _xlpm.authors,_xlfn.TEXTBEFORE(A95," ("&I95&")"), _xlpm.hasAmp,ISNUMBER(SEARCH("&",_xlpm.authors)), _xlpm.commasBeforeAmp,IF(_xlpm.hasAmp,LEN(_xlfn.TEXTBEFORE(_xlpm.authors,"&"))-LEN(SUBSTITUTE(_xlfn.TEXTBEFORE(_xlpm.authors,"&"),",","")),0), IF(NOT(_xlpm.hasAmp),"",IF(_xlpm.commasBeforeAmp>2,"etal",TRIM(_xlfn.TEXTBEFORE(_xlfn.TEXTAFTER(_xlpm.authors,"& "),",")))) ) | I95: =_xlfn.TEXTBEFORE(_xlfn.TEXTAFTER(A95, "("), ")") | J95: =_xlfn.LET( _xlpm.doi,IF(C95<>"",C95,_xlfn.TEXTAFTER(A95,"https://doi.org/")), SUBSTITUTE( SUBSTITUTE( SUBSTITUTE( SUBSTITUTE( _xlpm.doi, "/","%2F"), ":","%3A"), "<","%3C"), ">","%3E") ) | K95: =TRIM(_xlfn.TEXTJOIN("_",FALSE(),F95,(SUBSTITUTE(SUBSTITUTE(D95," ",""), "_", "")))) | L95: =J95 & "_" & SUBSTITUTE(SUBSTITUTE(SUBSTITUTE(D95,CHAR(160),"")," ",""),"_","") | M95: {=IFERROR(INDEX(FileList!$A$1:$A$1000,MATCH(TRUE(),EXACT(L95,IFERROR(_xlfn.TEXTBEFORE(FileList!$A$1:$A$1000,".tsv"),"")),0)),"notfound")} | N95: TABLE 1 | Summary of the cellular composition of the major brain structures of eight carnivoran species. | P95: FINISHED | Q95: added | R95: JardimMesseder_etal_2017_Table1_snapshot.csv | S95: Y | T95: JardimMesseder_etal_2017_Table1.csv | U95: pdf | V95: table | W95: YES - but formatting issues | X95: https://doi.org/10.3389/fnana.2017.00118 | Y95: HH | Z95: HH | AG95: isotropic fractionator | AH95: companion animals | AI95: Cell numbers, region size | AJ95: Carnivores & other companion mammals | AK95: primary | AL95: primary | AM95: cell count (isotropic fractionator)
A96: Johansen, A., Beliveau, V., Colliander, E., Raval, N. R., Dam, V. H., Gillings, N., Aznar, S., Svarer, C., Plaven-Sigray, P., & Knudsen, G. M. (2024). An In Vivo High-Resolution Human Brain Atlas of Synaptic Density. J Neurosci, 44(33). https://doi.org/10.1523/JNEUROSCI.1750-23.2024 | D96: Table 2 | E96: =RIGHT(A96,1) | F96: =G96 & IF(H96<>"", "_" & H96, "_") & IF(I96<>"", "_" & I96, "_") & IF(B96<>"", "_" & B96, "") | G96: =SUBSTITUTE(SUBSTITUTE(_xlfn.TEXTBEFORE(A96,","), "-", ""), " ", "") | H96: =_xlfn.LET( _xlpm.authors,_xlfn.TEXTBEFORE(A96," ("&I96&")"), _xlpm.hasAmp,ISNUMBER(SEARCH("&",_xlpm.authors)), _xlpm.commasBeforeAmp,IF(_xlpm.hasAmp,LEN(_xlfn.TEXTBEFORE(_xlpm.authors,"&"))-LEN(SUBSTITUTE(_xlfn.TEXTBEFORE(_xlpm.authors,"&"),",","")),0), IF(NOT(_xlpm.hasAmp),"",IF(_xlpm.commasBeforeAmp>2,"etal",TRIM(_xlfn.TEXTBEFORE(_xlfn.TEXTAFTER(_xlpm.authors,"& "),",")))) ) | I96: =_xlfn.TEXTBEFORE(_xlfn.TEXTAFTER(A96, "("), ")") | J96: =_xlfn.LET( _xlpm.doi,IF(C96<>"",C96,_xlfn.TEXTAFTER(A96,"https://doi.org/")), SUBSTITUTE( SUBSTITUTE( SUBSTITUTE( SUBSTITUTE( _xlpm.doi, "/","%2F"), ":","%3A"), "<","%3C"), ">","%3E") ) | K96: =TRIM(_xlfn.TEXTJOIN("_",FALSE(),F96,(SUBSTITUTE(SUBSTITUTE(D96," ",""), "_", "")))) | L96: =J96 & "_" & SUBSTITUTE(SUBSTITUTE(SUBSTITUTE(D96,CHAR(160),"")," ",""),"_","") | M96: {=IFERROR(INDEX(FileList!$A$1:$A$1000,MATCH(TRUE(),EXACT(L96,IFERROR(_xlfn.TEXTBEFORE(FileList!$A$1:$A$1000,".tsv"),"")),0)),"notfound")} | N96: Table 2. Summary of SV2A Bmax (pmol/mL) in individual regions in the left and right hemisphere and for a weighted average (total) | V96: table | AI96: the synaptic marker Synaptic Vesicle glycoprotein 2A (SV2A) | AJ96: Humans (+ primates) | AL96: primary | AM96: synaptic density (SV2A)
A97: Karbowski, J. (2007). Global and regional brain metabolic scaling and its functional consequences. BMC Biol, 5, 18. https://doi.org/10.1186/1741-7007-5-18 | D97: Table 1 | E97: =RIGHT(A97,1) | F97: =G97 & IF(H97<>"", "_" & H97, "_") & IF(I97<>"", "_" & I97, "_") & IF(B97<>"", "_" & B97, "") | G97: =SUBSTITUTE(SUBSTITUTE(_xlfn.TEXTBEFORE(A97,","), "-", ""), " ", "") | H97: =_xlfn.LET( _xlpm.authors,_xlfn.TEXTBEFORE(A97," ("&I97&")"), _xlpm.hasAmp,ISNUMBER(SEARCH("&",_xlpm.authors)), _xlpm.commasBeforeAmp,IF(_xlpm.hasAmp,LEN(_xlfn.TEXTBEFORE(_xlpm.authors,"&"))-LEN(SUBSTITUTE(_xlfn.TEXTBEFORE(_xlpm.authors,"&"),",","")),0), IF(NOT(_xlpm.hasAmp),"",IF(_xlpm.commasBeforeAmp>2,"etal",TRIM(_xlfn.TEXTBEFORE(_xlfn.TEXTAFTER(_xlpm.authors,"& "),",")))) ) | I97: =_xlfn.TEXTBEFORE(_xlfn.TEXTAFTER(A97, "("), ")") | J97: =_xlfn.LET( _xlpm.doi,IF(C97<>"",C97,_xlfn.TEXTAFTER(A97,"https://doi.org/")), SUBSTITUTE( SUBSTITUTE( SUBSTITUTE( SUBSTITUTE( _xlpm.doi, "/","%2F"), ":","%3A"), "<","%3C"), ">","%3E") ) | K97: =TRIM(_xlfn.TEXTJOIN("_",FALSE(),F97,(SUBSTITUTE(SUBSTITUTE(D97," ",""), "_", "")))) | L97: =J97 & "_" & SUBSTITUTE(SUBSTITUTE(SUBSTITUTE(D97,CHAR(160),"")," ",""),"_","") | M97: {=IFERROR(INDEX(FileList!$A$1:$A$1000,MATCH(TRUE(),EXACT(L97,IFERROR(_xlfn.TEXTBEFORE(FileList!$A$1:$A$1000,".tsv"),"")),0)),"notfound")} | N97: Global and regional brain metabolic scaling (Table 1) | V97: table | AG97: meta-analysis | AI97: brain metabolic scaling | AJ97: Mammals | AK97: primary | AL97: secondary | AM97: metabolic scaling
A98: Karbowski, J. (2007). Global and regional brain metabolic scaling and its functional consequences. BMC Biol, 5, 18. https://doi.org/10.1186/1741-7007-5-18 | D98: Table S1 | E98: =RIGHT(A98,1) | F98: =G98 & IF(H98<>"", "_" & H98, "_") & IF(I98<>"", "_" & I98, "_") & IF(B98<>"", "_" & B98, "") | G98: =SUBSTITUTE(SUBSTITUTE(_xlfn.TEXTBEFORE(A98,","), "-", ""), " ", "") | H98: =_xlfn.LET( _xlpm.authors,_xlfn.TEXTBEFORE(A98," ("&I98&")"), _xlpm.hasAmp,ISNUMBER(SEARCH("&",_xlpm.authors)), _xlpm.commasBeforeAmp,IF(_xlpm.hasAmp,LEN(_xlfn.TEXTBEFORE(_xlpm.authors,"&"))-LEN(SUBSTITUTE(_xlfn.TEXTBEFORE(_xlpm.authors,"&"),",","")),0), IF(NOT(_xlpm.hasAmp),"",IF(_xlpm.commasBeforeAmp>2,"etal",TRIM(_xlfn.TEXTBEFORE(_xlfn.TEXTAFTER(_xlpm.authors,"& "),",")))) ) | I98: =_xlfn.TEXTBEFORE(_xlfn.TEXTAFTER(A98, "("), ")") | J98: =_xlfn.LET( _xlpm.doi,IF(C98<>"",C98,_xlfn.TEXTAFTER(A98,"https://doi.org/")), SUBSTITUTE( SUBSTITUTE( SUBSTITUTE( SUBSTITUTE( _xlpm.doi, "/","%2F"), ":","%3A"), "<","%3C"), ">","%3E") ) | K98: =TRIM(_xlfn.TEXTJOIN("_",FALSE(),F98,(SUBSTITUTE(SUBSTITUTE(D98," ",""), "_", "")))) | L98: =J98 & "_" & SUBSTITUTE(SUBSTITUTE(SUBSTITUTE(D98,CHAR(160),"")," ",""),"_","") | M98: {=IFERROR(INDEX(FileList!$A$1:$A$1000,MATCH(TRUE(),EXACT(L98,IFERROR(_xlfn.TEXTBEFORE(FileList!$A$1:$A$1000,".tsv"),"")),0)),"notfound")} | N98: Table S1. Brain oxygen consumption data in adult awake unanesthetized animals. | V98: table | AG98: meta-analysis | AI98: brain oxygen metabolism | AJ98: Mammals | AK98: secondary compilation | AL98: secondary | AM98: metabolic rate
A99: Karbowski, J. (2007). Global and regional brain metabolic scaling and its functional consequences. BMC Biol, 5, 18. https://doi.org/10.1186/1741-7007-5-18 | D99: Table S2 | E99: =RIGHT(A99,1) | F99: =G99 & IF(H99<>"", "_" & H99, "_") & IF(I99<>"", "_" & I99, "_") & IF(B99<>"", "_" & B99, "") | G99: =SUBSTITUTE(SUBSTITUTE(_xlfn.TEXTBEFORE(A99,","), "-", ""), " ", "") | H99: =_xlfn.LET( _xlpm.authors,_xlfn.TEXTBEFORE(A99," ("&I99&")"), _xlpm.hasAmp,ISNUMBER(SEARCH("&",_xlpm.authors)), _xlpm.commasBeforeAmp,IF(_xlpm.hasAmp,LEN(_xlfn.TEXTBEFORE(_xlpm.authors,"&"))-LEN(SUBSTITUTE(_xlfn.TEXTBEFORE(_xlpm.authors,"&"),",","")),0), IF(NOT(_xlpm.hasAmp),"",IF(_xlpm.commasBeforeAmp>2,"etal",TRIM(_xlfn.TEXTBEFORE(_xlfn.TEXTAFTER(_xlpm.authors,"& "),",")))) ) | I99: =_xlfn.TEXTBEFORE(_xlfn.TEXTAFTER(A99, "("), ")") | J99: =_xlfn.LET( _xlpm.doi,IF(C99<>"",C99,_xlfn.TEXTAFTER(A99,"https://doi.org/")), SUBSTITUTE( SUBSTITUTE( SUBSTITUTE( SUBSTITUTE( _xlpm.doi, "/","%2F"), ":","%3A"), "<","%3C"), ">","%3E") ) | K99: =TRIM(_xlfn.TEXTJOIN("_",FALSE(),F99,(SUBSTITUTE(SUBSTITUTE(D99," ",""), "_", "")))) | L99: =J99 & "_" & SUBSTITUTE(SUBSTITUTE(SUBSTITUTE(D99,CHAR(160),"")," ",""),"_","") | M99: {=IFERROR(INDEX(FileList!$A$1:$A$1000,MATCH(TRUE(),EXACT(L99,IFERROR(_xlfn.TEXTBEFORE(FileList!$A$1:$A$1000,".tsv"),"")),0)),"notfound")} | N99: Table S2. Brain glucose utilization data in adult awake unanesthetized animals. | V99: table | AG99: meta-analysis | AI99: brain glucose metabolism | AJ99: Mammals | AK99: secondary compilation | AL99: secondary | AM99: metabolic rate
A100: Karbowski, J. (2007). Global and regional brain metabolic scaling and its functional consequences. BMC Biol, 5, 18. https://doi.org/10.1186/1741-7007-5-18 | D100: Table S3 | E100: =RIGHT(A100,1) | F100: =G100 & IF(H100<>"", "_" & H100, "_") & IF(I100<>"", "_" & I100, "_") & IF(B100<>"", "_" & B100, "") | G100: =SUBSTITUTE(SUBSTITUTE(_xlfn.TEXTBEFORE(A100,","), "-", ""), " ", "") | H100: =_xlfn.LET( _xlpm.authors,_xlfn.TEXTBEFORE(A100," ("&I100&")"), _xlpm.hasAmp,ISNUMBER(SEARCH("&",_xlpm.authors)), _xlpm.commasBeforeAmp,IF(_xlpm.hasAmp,LEN(_xlfn.TEXTBEFORE(_xlpm.authors,"&"))-LEN(SUBSTITUTE(_xlfn.TEXTBEFORE(_xlpm.authors,"&"),",","")),0), IF(NOT(_xlpm.hasAmp),"",IF(_xlpm.commasBeforeAmp>2,"etal",TRIM(_xlfn.TEXTBEFORE(_xlfn.TEXTAFTER(_xlpm.authors,"& "),",")))) ) | I100: =_xlfn.TEXTBEFORE(_xlfn.TEXTAFTER(A100, "("), ")") | J100: =_xlfn.LET( _xlpm.doi,IF(C100<>"",C100,_xlfn.TEXTAFTER(A100,"https://doi.org/")), SUBSTITUTE( SUBSTITUTE( SUBSTITUTE( SUBSTITUTE( _xlpm.doi, "/","%2F"), ":","%3A"), "<","%3C"), ">","%3E") ) | K100: =TRIM(_xlfn.TEXTJOIN("_",FALSE(),F100,(SUBSTITUTE(SUBSTITUTE(D100," ",""), "_", "")))) | L100: =J100 & "_" & SUBSTITUTE(SUBSTITUTE(SUBSTITUTE(D100,CHAR(160),"")," ",""),"_","") | M100: {=IFERROR(INDEX(FileList!$A$1:$A$1000,MATCH(TRUE(),EXACT(L100,IFERROR(_xlfn.TEXTBEFORE(FileList!$A$1:$A$1000,".tsv"),"")),0)),"notfound")} | N100: Table S3. Visual cortex glucose utilization rate in mammals. | V100: table | AG100: meta-analysis | AI100: brain glucose metabolism | AJ100: Mammals | AK100: secondary compilation | AL100: secondary | AM100: metabolic rate
...

Sheet FileList
A1: 10.1002%2F(SICI)1096-8644(199806)106%3A2%3C129%3A%3AAID-AJPA3%3E3.0.CO;2-L_TABLE2.tsv
A2: 10.1002%2F1096-8644(200102)114%3A2%3C163%3A%3AAID-AJPA1016%3E3.0.CO;2-F_TABLE2.tsv
A3: 10.1002%2F1096-8644(200103)114%3A3%3C224%3A%3AAID-AJPA1022%3E3.0.CO;2-I_TABLE2.tsv
A4: 10.1002%2Fajp.20048_TABLEI.tsv
A5: 10.1002%2Fajp.20048_unpublishedviaDeCasien.tsv
A6: 10.1002%2Fajpa.20684_TABLE1.tsv
A7: 10.1002%2Fajpa.22646_Fig4A.tsv
A8: 10.1002%2Fajpa.22646_Fig5A.tsv
A9: 10.1002%2Fajpa.22646_TABLE1.tsv
A10: 10.1002%2Fajpa.22646_TABLE2.tsv
A11: 10.1002%2Fajpa.22646_unpublishedviaDeCasien.tsv
A12: 10.1002%2Far.a.20114_TABLE1.tsv
... A198: UMI%3A3147447_TableA9.tsv
