Workbook

Sheet Sheet1
A1: Citation (APA 7th-Annotated) | B1: sequence | C1: DOI if different from article or doi Alt | D1: Item number | E1: end | F1: Publication name | G1: 1st Author | H1: other author(s) | I1: year | J1: DOI (or Alt) | K1: Item name | L1: Item encoded | M1: Public TSV match from AUTO_Public_TSV_FileList (generated by _tools/__file_list.R; do not edit manually) | N1: Item full original title | O1: Note about item | P1: Progress stage | Q1: Online Database | R1: Snapshot | S1: Adjustment made | T1: Data readable file, can use this | U1: Source Type | V1: Source format | W1: Source URL direct access | X1: Source URL link | Y1: Team | Z1: Collection | AA1: Possible Traits | AB1: Note | AC1: Flags pre-addressed | AD1: Flags possible | AE1: Flags active (skips) | AF1: Sample type | AG1: Method | AH1: Subcategory | AI1: Main Trait(s) | AJ1: Taxon group | AK1: Source type | AL1: Data role (primary/secondary/both) | AM1: Measure type
A2: Andelin, A. K., Olavarria, J. F., Fine, I., Taber, E. N., Schwartz, D., Kroenke, C. D., & Stevens, A. A. (2019). The Effect of Onset Age of Visual Deprivation on Visual Cortex Surface Area Across-Species. Cereb Cortex, 29(10), 4321-4333. https://doi.org/10.1093/cercor/bhy315 | D2: Table 4 | E2: =RIGHT(A2,1) -> 5 | F2: =G2 & IF(H2<>"", "_" & H2, "_") & IF(I2<>"", "_" & I2, "_") & IF(B2<>"", "_" & B2, "") -> Andelin_etal_2019 | G2: =SUBSTITUTE(SUBSTITUTE(_xlfn.TEXTBEFORE(A2,","), "-", ""), " ", "") -> Andelin | H2: =_xlfn.LET( _xlpm.authors,_xlfn.TEXTBEFORE(A2," ("&I2&")"), _xlpm.hasAmp,ISNUMBER(SEARCH("&",_xlpm.authors)), _xlpm.commasBeforeAmp,IF(_xlpm.hasAmp,LEN(_xlfn.TEXTBEFORE(_xlpm.authors,"&"))-LEN(SUBSTITUTE(_xlfn.TEXTBEFORE(_xlpm.authors,"&"),",","")),0), IF(NOT(_xlpm.hasAmp),"",IF(_xlpm.commasBeforeAmp>2,"etal",TRIM(_xlfn.TEXTBEFORE(_xlfn.TEXTAFTER(_xlpm.authors,"& "),",")))) ) -> etal | I2: =_xlfn.TEXTBEFORE(_xlfn.TEXTAFTER(A2, "("), ")") -> 2019 | J2: =_xlfn.LET( _xlpm.doi,IF(C2<>"",C2,_xlfn.TEXTAFTER(A2,"https://doi.org/")), SUBSTITUTE( SUBSTITUTE( SUBSTITUTE( SUBSTITUTE( _xlpm.doi, "/","%2F"), ":","%3A"), "<","%3C"), ">","%3E") ) -> 10.1093%2Fcercor%2Fbhy315 | K2: =TRIM(_xlfn.TEXTJOIN("_",FALSE(),F2,(SUBSTITUTE(SUBSTITUTE(D2," ",""), "_", "")))) -> Andelin_etal_2019_Table4 | L2: =J2 & "_" & SUBSTITUTE(SUBSTITUTE(SUBSTITUTE(D2,CHAR(160),"")," ",""),"_","") -> 10.1093%2Fcercor%2Fbhy315_Table4 | M2: {=IFERROR(INDEX(AUTO_Public_TSV_FileList!$A$1:$A$1000,MATCH(TRUE(),EXACT(L2,IFERROR(_xlfn.TEXTBEFORE(AUTO_Public_TSV_FileList!$A$1:$A$1000,".tsv"),"")),0)),"notfound")} -> 10.1093%2Fcercor%2Fbhy315_Table4.tsv | P2: FINISHED | V2: table | AJ2: review | AL2: review | AM2: review
A3: Ashwell, K. W. S. (2020). Quantitative analysis of cerebellar morphology in monotreme, metatherian and eutherian mammals. Zoology (Jena), 139, 125753. https://doi.org/10.1016/j.zool.2020.125753 | D3: Supplementary Table | E3: =RIGHT(A3,1) -> 3 | F3: =G3 & IF(H3<>"", "_" & H3, "_") & IF(I3<>"", "_" & I3, "_") & IF(B3<>"", "_" & B3, "") -> Ashwell__2020 | G3: =SUBSTITUTE(SUBSTITUTE(_xlfn.TEXTBEFORE(A3,","), "-", ""), " ", "") -> Ashwell | H3: =_xlfn.LET( _xlpm.authors,_xlfn.TEXTBEFORE(A3," ("&I3&")"), _xlpm.hasAmp,ISNUMBER(SEARCH("&",_xlpm.authors)), _xlpm.commasBeforeAmp,IF(_xlpm.hasAmp,LEN(_xlfn.TEXTBEFORE(_xlpm.authors,"&"))-LEN(SUBSTITUTE(_xlfn.TEXTBEFORE(_xlpm.authors,"&"),",","")),0), IF(NOT(_xlpm.hasAmp),"",IF(_xlpm.commasBeforeAmp>2,"etal",TRIM(_xlfn.TEXTBEFORE(_xlfn.TEXTAFTER(_xlpm.authors,"& "),",")))) ) | I3: =_xlfn.TEXTBEFORE(_xlfn.TEXTAFTER(A3, "("), ")") -> 2020 | J3: =_xlfn.LET( _xlpm.doi,IF(C3<>"",C3,_xlfn.TEXTAFTER(A3,"https://doi.org/")), SUBSTITUTE( SUBSTITUTE( SUBSTITUTE( SUBSTITUTE( _xlpm.doi, "/","%2F"), ":","%3A"), "<","%3C"), ">","%3E") ) -> 10.1016%2Fj.zool.2020.125753 | K3: =TRIM(_xlfn.TEXTJOIN("_",FALSE(),F3,(SUBSTITUTE(SUBSTITUTE(D3," ",""), "_", "")))) -> Ashwell__2020_SupplementaryTable | L3: =J3 & "_" & SUBSTITUTE(SUBSTITUTE(SUBSTITUTE(D3,CHAR(160),"")," ",""),"_","") -> 10.1016%2Fj.zool.2020.125753_SupplementaryTable | M3: {=IFERROR(INDEX(AUTO_Public_TSV_FileList!$A$1:$A$1000,MATCH(TRUE(),EXACT(L3,IFERROR(_xlfn.TEXTBEFORE(AUTO_Public_TSV_FileList!$A$1:$A$1000,".tsv"),"")),0)),"notfound")} -> 10.1016%2Fj.zool.2020.125753_SupplementaryTable.tsv | N3: Supplementary Table. Cerebellar Morphology Data | P3: FINISHED | Y3: Ashwell
A4: Avelino-de-Souza, K., Patzke, N., Karlsson, K. A. E., Manger, P. R., & Herculano-Houzel, S. (2025). Cellular Composition of the Brain of a Northern Minke Whale. J Comp Neurol, 533(9), e70089. https://doi.org/10.1002/cne.70089 | D4: TABLE 1 | E4: =RIGHT(A4,1) -> 9 | F4: =G4 & IF(H4<>"", "_" & H4, "_") & IF(I4<>"", "_" & I4, "_") & IF(B4<>"", "_" & B4, "") -> AvelinodeSouza_etal_2025 | G4: =SUBSTITUTE(SUBSTITUTE(_xlfn.TEXTBEFORE(A4,","), "-", ""), " ", "") -> AvelinodeSouza | H4: =_xlfn.LET( _xlpm.authors,_xlfn.TEXTBEFORE(A4," ("&I4&")"), _xlpm.hasAmp,ISNUMBER(SEARCH("&",_xlpm.authors)), _xlpm.commasBeforeAmp,IF(_xlpm.hasAmp,LEN(_xlfn.TEXTBEFORE(_xlpm.authors,"&"))-LEN(SUBSTITUTE(_xlfn.TEXTBEFORE(_xlpm.authors,"&"),",","")),0), IF(NOT(_xlpm.hasAmp),"",IF(_xlpm.commasBeforeAmp>2,"etal",TRIM(_xlfn.TEXTBEFORE(_xlfn.TEXTAFTER(_xlpm.authors,"& "),",")))) ) -> etal | I4: =_xlfn.TEXTBEFORE(_xlfn.TEXTAFTER(A4, "("), ")") -> 2025 | J4: =_xlfn.LET( _xlpm.doi,IF(C4<>"",C4,_xlfn.TEXTAFTER(A4,"https://doi.org/")), SUBSTITUTE( SUBSTITUTE( SUBSTITUTE( SUBSTITUTE( _xlpm.doi, "/","%2F"), ":","%3A"), "<","%3C"), ">","%3E") ) -> 10.1002%2Fcne.70089 | K4: =TRIM(_xlfn.TEXTJOIN("_",FALSE(),F4,(SUBSTITUTE(SUBSTITUTE(D4," ",""), "_", "")))) -> AvelinodeSouza_etal_2025_TABLE1 | L4: =J4 & "_" & SUBSTITUTE(SUBSTITUTE(SUBSTITUTE(D4,CHAR(160),"")," ",""),"_","") -> 10.1002%2Fcne.70089_TABLE1 | M4: {=IFERROR(INDEX(AUTO_Public_TSV_FileList!$A$1:$A$1000,MATCH(TRUE(),EXACT(L4,IFERROR(_xlfn.TEXTBEFORE(AUTO_Public_TSV_FileList!$A$1:$A$1000,".tsv"),"")),0)),"notfound")} -> 10.1002%2Fcne.70089_TABLE1.tsv | N4: Table 1. Cellular composition of the brain of a Northern minke whale (Balaenoptera acutorostrata) | P4: FINISHED | Q4: added | R4: AvelinodeSouza_etal_2025_TABLE1_snapshot.csv | S4: Y | T4: AvelinodeSouza_etal_2025_TABLE1.csv | U4: pdf | V4: table | W4: https://onlinelibrary.wiley.com/doi/10.1002/cne.70089 | X4: https://doi.org/10.1002/cne.70089 | Y4: HH | AG4: isotropic fractionator | AH4: placental mammals | AI4: neuron number | AJ4: Cetaceans & other placental mammals | AK4: primary | AL4: primary | AM4: cell count (isotropic fractionator)
A5: Baker, J., Barton, R. A., & Venditti, C. (2025). Human dexterity and brains evolved hand in hand. Communications Biology, 8(1). https://doi.org/10.1038/s42003-025-08686-5 | D5: Supplementary Data 1 | E5: =RIGHT(A5,1) -> 5 | F5: =G5 & IF(H5<>"", "_" & H5, "_") & IF(I5<>"", "_" & I5, "_") & IF(B5<>"", "_" & B5, "") -> Baker_etal_2025 | G5: =SUBSTITUTE(SUBSTITUTE(_xlfn.TEXTBEFORE(A5,","), "-", ""), " ", "") -> Baker | H5: =_xlfn.LET( _xlpm.authors,_xlfn.TEXTBEFORE(A5," ("&I5&")"), _xlpm.hasAmp,ISNUMBER(SEARCH("&",_xlpm.authors)), _xlpm.commasBeforeAmp,IF(_xlpm.hasAmp,LEN(_xlfn.TEXTBEFORE(_xlpm.authors,"&"))-LEN(SUBSTITUTE(_xlfn.TEXTBEFORE(_xlpm.authors,"&"),",","")),0), IF(NOT(_xlpm.hasAmp),"",IF(_xlpm.commasBeforeAmp>2,"etal",TRIM(_xlfn.TEXTBEFORE(_xlfn.TEXTAFTER(_xlpm.authors,"& "),",")))) ) -> etal | I5: =_xlfn.TEXTBEFORE(_xlfn.TEXTAFTER(A5, "("), ")") -> 2025 | J5: =_xlfn.LET( _xlpm.doi,IF(C5<>"",C5,_xlfn.TEXTAFTER(A5,"https://doi.org/")), SUBSTITUTE( SUBSTITUTE( SUBSTITUTE( SUBSTITUTE( _xlpm.doi, "/","%2F"), ":","%3A"), "<","%3C"), ">","%3E") ) -> 10.1038%2Fs42003-025-08686-5 | K5: =TRIM(_xlfn.TEXTJOIN("_",FALSE(),F5,(SUBSTITUTE(SUBSTITUTE(D5," ",""), "_", "")))) -> Baker_etal_2025_SupplementaryData1 | L5: =J5 & "_" & SUBSTITUTE(SUBSTITUTE(SUBSTITUTE(D5,CHAR(160),"")," ",""),"_","") -> 10.1038%2Fs42003-025-08686-5_SupplementaryData1 | M5: {=IFERROR(INDEX(AUTO_Public_TSV_FileList!$A$1:$A$1000,MATCH(TRUE(),EXACT(L5,IFERROR(_xlfn.TEXTBEFORE(AUTO_Public_TSV_FileList!$A$1:$A$1000,".tsv"),"")),0)),"notfound")} -> 10.1038%2Fs42003-025-08686-5_SupplementaryData1.tsv
A6: Balzeau, A., Holloway, R. L., & Grimaud-Herve, D. (2012). Variations and asymmetries in regional brain surface in the genus Homo. J Hum Evol, 62(6), 696-706. https://doi.org/10.1016/j.jhevol.2012.03.007 | D6: Table 2 | E6: =RIGHT(A6,1) -> 7 | F6: =G6 & IF(H6<>"", "_" & H6, "_") & IF(I6<>"", "_" & I6, "_") & IF(B6<>"", "_" & B6, "") -> Balzeau_etal_2012 | G6: =SUBSTITUTE(SUBSTITUTE(_xlfn.TEXTBEFORE(A6,","), "-", ""), " ", "") -> Balzeau | H6: =_xlfn.LET( _xlpm.authors,_xlfn.TEXTBEFORE(A6," ("&I6&")"), _xlpm.hasAmp,ISNUMBER(SEARCH("&",_xlpm.authors)), _xlpm.commasBeforeAmp,IF(_xlpm.hasAmp,LEN(_xlfn.TEXTBEFORE(_xlpm.authors,"&"))-LEN(SUBSTITUTE(_xlfn.TEXTBEFORE(_xlpm.authors,"&"),",","")),0), IF(NOT(_xlpm.hasAmp),"",IF(_xlpm.commasBeforeAmp>2,"etal",TRIM(_xlfn.TEXTBEFORE(_xlfn.TEXTAFTER(_xlpm.authors,"& "),",")))) ) -> etal | I6: =_xlfn.TEXTBEFORE(_xlfn.TEXTAFTER(A6, "("), ")") -> 2012 | J6: =_xlfn.LET( _xlpm.doi,IF(C6<>"",C6,_xlfn.TEXTAFTER(A6,"https://doi.org/")), SUBSTITUTE( SUBSTITUTE( SUBSTITUTE( SUBSTITUTE( _xlpm.doi, "/","%2F"), ":","%3A"), "<","%3C"), ">","%3E") ) -> 10.1016%2Fj.jhevol.2012.03.007 | K6: =TRIM(_xlfn.TEXTJOIN("_",FALSE(),F6,(SUBSTITUTE(SUBSTITUTE(D6," ",""), "_", "")))) -> Balzeau_etal_2012_Table2 | L6: =J6 & "_" & SUBSTITUTE(SUBSTITUTE(SUBSTITUTE(D6,CHAR(160),"")," ",""),"_","") -> 10.1016%2Fj.jhevol.2012.03.007_Table2 | M6: {=IFERROR(INDEX(AUTO_Public_TSV_FileList!$A$1:$A$1000,MATCH(TRUE(),EXACT(L6,IFERROR(_xlfn.TEXTBEFORE(AUTO_Public_TSV_FileList!$A$1:$A$1000,".tsv"),"")),0)),"notfound")} -> 10.1016%2Fj.jhevol.2012.03.007_Table2.tsv | N6: Table 2. Regression results for the relationship between endocranial volume and the surface of the frontal, parieto-temporal and occipital lobes.
A7: Balzeau, A., Holloway, R. L., & Grimaud-Herve, D. (2012). Variations and asymmetries in regional brain surface in the genus Homo. J Hum Evol, 62(6), 696-706. https://doi.org/10.1016/j.jhevol.2012.03.007 | D7: Table 3 | E7: =RIGHT(A7,1) -> 7 | F7: =G7 & IF(H7<>"", "_" & H7, "_") & IF(I7<>"", "_" & I7, "_") & IF(B7<>"", "_" & B7, "") -> Balzeau_etal_2012 | G7: =SUBSTITUTE(SUBSTITUTE(_xlfn.TEXTBEFORE(A7,","), "-", ""), " ", "") -> Balzeau | H7: =_xlfn.LET( _xlpm.authors,_xlfn.TEXTBEFORE(A7," ("&I7&")"), _xlpm.hasAmp,ISNUMBER(SEARCH("&",_xlpm.authors)), _xlpm.commasBeforeAmp,IF(_xlpm.hasAmp,LEN(_xlfn.TEXTBEFORE(_xlpm.authors,"&"))-LEN(SUBSTITUTE(_xlfn.TEXTBEFORE(_xlpm.authors,"&"),",","")),0), IF(NOT(_xlpm.hasAmp),"",IF(_xlpm.commasBeforeAmp>2,"etal",TRIM(_xlfn.TEXTBEFORE(_xlfn.TEXTAFTER(_xlpm.authors,"& "),",")))) ) -> etal | I7: =_xlfn.TEXTBEFORE(_xlfn.TEXTAFTER(A7, "("), ")") -> 2012 | J7: =_xlfn.LET( _xlpm.doi,IF(C7<>"",C7,_xlfn.TEXTAFTER(A7,"https://doi.org/")), SUBSTITUTE( SUBSTITUTE( SUBSTITUTE( SUBSTITUTE( _xlpm.doi, "/","%2F"), ":","%3A"), "<","%3C"), ">","%3E") ) -> 10.1016%2Fj.jhevol.2012.03.007 | K7: =TRIM(_xlfn.TEXTJOIN("_",FALSE(),F7,(SUBSTITUTE(SUBSTITUTE(D7," ",""), "_", "")))) -> Balzeau_etal_2012_Table3 | L7: =J7 & "_" & SUBSTITUTE(SUBSTITUTE(SUBSTITUTE(D7,CHAR(160),"")," ",""),"_","") -> 10.1016%2Fj.jhevol.2012.03.007_Table3 | M7: {=IFERROR(INDEX(AUTO_Public_TSV_FileList!$A$1:$A$1000,MATCH(TRUE(),EXACT(L7,IFERROR(_xlfn.TEXTBEFORE(AUTO_Public_TSV_FileList!$A$1:$A$1000,".tsv"),"")),0)),"notfound")} -> 10.1016%2Fj.jhevol.2012.03.007_Table3.tsv | N7: Table 3 Size-corrected dimensions for the surface of the frontal, parieto-temporal and occipital lobes in the different analysed samples.
A8: Balzeau, A., Holloway, R. L., & Grimaud-Herve, D. (2012). Variations and asymmetries in regional brain surface in the genus Homo. J Hum Evol, 62(6), 696-706. https://doi.org/10.1016/j.jhevol.2012.03.007 | D8: Table 5 | E8: =RIGHT(A8,1) -> 7 | F8: =G8 & IF(H8<>"", "_" & H8, "_") & IF(I8<>"", "_" & I8, "_") & IF(B8<>"", "_" & B8, "") -> Balzeau_etal_2012 | G8: =SUBSTITUTE(SUBSTITUTE(_xlfn.TEXTBEFORE(A8,","), "-", ""), " ", "") -> Balzeau | H8: =_xlfn.LET( _xlpm.authors,_xlfn.TEXTBEFORE(A8," ("&I8&")"), _xlpm.hasAmp,ISNUMBER(SEARCH("&",_xlpm.authors)), _xlpm.commasBeforeAmp,IF(_xlpm.hasAmp,LEN(_xlfn.TEXTBEFORE(_xlpm.authors,"&"))-LEN(SUBSTITUTE(_xlfn.TEXTBEFORE(_xlpm.authors,"&"),",","")),0), IF(NOT(_xlpm.hasAmp),"",IF(_xlpm.commasBeforeAmp>2,"etal",TRIM(_xlfn.TEXTBEFORE(_xlfn.TEXTAFTER(_xlpm.authors,"& "),",")))) ) -> etal | I8: =_xlfn.TEXTBEFORE(_xlfn.TEXTAFTER(A8, "("), ")") -> 2012 | J8: =_xlfn.LET( _xlpm.doi,IF(C8<>"",C8,_xlfn.TEXTAFTER(A8,"https://doi.org/")), SUBSTITUTE( SUBSTITUTE( SUBSTITUTE( SUBSTITUTE( _xlpm.doi, "/","%2F"), ":","%3A"), "<","%3C"), ">","%3E") ) -> 10.1016%2Fj.jhevol.2012.03.007 | K8: =TRIM(_xlfn.TEXTJOIN("_",FALSE(),F8,(SUBSTITUTE(SUBSTITUTE(D8," ",""), "_", "")))) -> Balzeau_etal_2012_Table5 | L8: =J8 & "_" & SUBSTITUTE(SUBSTITUTE(SUBSTITUTE(D8,CHAR(160),"")," ",""),"_","") -> 10.1016%2Fj.jhevol.2012.03.007_Table5 | M8: {=IFERROR(INDEX(AUTO_Public_TSV_FileList!$A$1:$A$1000,MATCH(TRUE(),EXACT(L8,IFERROR(_xlfn.TEXTBEFORE(AUTO_Public_TSV_FileList!$A$1:$A$1000,".tsv"),"")),0)),"notfound")} -> 10.1016%2Fj.jhevol.2012.03.007_Table5.tsv | N8: Table 5 Percentage contribution of frontal, parieto-temporal and occipital lobes to the hemispheres.
A9: Barbeito-Andres, J., Castro-Fonseca, E., Qiu, L. R., Bernal, V., Lent, R., Henkelman, M., Lukowiak, K., Gleiser, P. M., Hallgrimsson, B., & Gonzalez, P. N. (2019). Region-specific changes in Mus musculus brain size and cell composition under chronic nutrient restriction. J Exp Biol, 222(Pt 17). https://doi.org/10.1242/jeb.204651 | D9: cell density | E9: =RIGHT(A9,1) -> 1 | F9: =G9 & IF(H9<>"", "_" & H9, "_") & IF(I9<>"", "_" & I9, "_") & IF(B9<>"", "_" & B9, "") -> BarbeitoAndres_etal_2019 | G9: =SUBSTITUTE(SUBSTITUTE(_xlfn.TEXTBEFORE(A9,","), "-", ""), " ", "") -> BarbeitoAndres | H9: =_xlfn.LET( _xlpm.authors,_xlfn.TEXTBEFORE(A9," ("&I9&")"), _xlpm.hasAmp,ISNUMBER(SEARCH("&",_xlpm.authors)), _xlpm.commasBeforeAmp,IF(_xlpm.hasAmp,LEN(_xlfn.TEXTBEFORE(_xlpm.authors,"&"))-LEN(SUBSTITUTE(_xlfn.TEXTBEFORE(_xlpm.authors,"&"),",","")),0), IF(NOT(_xlpm.hasAmp),"",IF(_xlpm.commasBeforeAmp>2,"etal",TRIM(_xlfn.TEXTBEFORE(_xlfn.TEXTAFTER(_xlpm.authors,"& "),",")))) ) -> etal | I9: =_xlfn.TEXTBEFORE(_xlfn.TEXTAFTER(A9, "("), ")") -> 2019 | J9: =_xlfn.LET( _xlpm.doi,IF(C9<>"",C9,_xlfn.TEXTAFTER(A9,"https://doi.org/")), SUBSTITUTE( SUBSTITUTE( SUBSTITUTE( SUBSTITUTE( _xlpm.doi, "/","%2F"), ":","%3A"), "<","%3C"), ">","%3E") ) -> 10.1242%2Fjeb.204651 | K9: =TRIM(_xlfn.TEXTJOIN("_",FALSE(),F9,(SUBSTITUTE(SUBSTITUTE(D9," ",""), "_", "")))) -> BarbeitoAndres_etal_2019_celldensity | L9: =J9 & "_" & SUBSTITUTE(SUBSTITUTE(SUBSTITUTE(D9,CHAR(160),"")," ",""),"_","") -> 10.1242%2Fjeb.204651_celldensity | M9: {=IFERROR(INDEX(AUTO_Public_TSV_FileList!$A$1:$A$1000,MATCH(TRUE(),EXACT(L9,IFERROR(_xlfn.TEXTBEFORE(AUTO_Public_TSV_FileList!$A$1:$A$1000,".tsv"),"")),0)),"notfound")} -> 10.1242%2Fjeb.204651_celldensity.tsv | AG9: isotropic fractionator | AJ9: review | AL9: review | AM9: review
A10: Barbeito-Andres, J., Castro-Fonseca, E., Qiu, L. R., Bernal, V., Lent, R., Henkelman, M., Lukowiak, K., Gleiser, P. M., Hallgrimsson, B., & Gonzalez, P. N. (2019). Region-specific changes in Mus musculus brain size and cell composition under chronic nutrient restriction. J Exp Biol, 222(Pt 17). https://doi.org/10.1242/jeb.204651 | D10: cell number | E10: =RIGHT(A10,1) -> 1 | F10: =G10 & IF(H10<>"", "_" & H10, "_") & IF(I10<>"", "_" & I10, "_") & IF(B10<>"", "_" & B10, "") -> BarbeitoAndres_etal_2019 | G10: =SUBSTITUTE(SUBSTITUTE(_xlfn.TEXTBEFORE(A10,","), "-", ""), " ", "") -> BarbeitoAndres | H10: =_xlfn.LET( _xlpm.authors,_xlfn.TEXTBEFORE(A10," ("&I10&")"), _xlpm.hasAmp,ISNUMBER(SEARCH("&",_xlpm.authors)), _xlpm.commasBeforeAmp,IF(_xlpm.hasAmp,LEN(_xlfn.TEXTBEFORE(_xlpm.authors,"&"))-LEN(SUBSTITUTE(_xlfn.TEXTBEFORE(_xlpm.authors,"&"),",","")),0), IF(NOT(_xlpm.hasAmp),"",IF(_xlpm.commasBeforeAmp>2,"etal",TRIM(_xlfn.TEXTBEFORE(_xlfn.TEXTAFTER(_xlpm.authors,"& "),",")))) ) -> etal | I10: =_xlfn.TEXTBEFORE(_xlfn.TEXTAFTER(A10, "("), ")") -> 2019 | J10: =_xlfn.LET( _xlpm.doi,IF(C10<>"",C10,_xlfn.TEXTAFTER(A10,"https://doi.org/")), SUBSTITUTE( SUBSTITUTE( SUBSTITUTE( SUBSTITUTE( _xlpm.doi, "/","%2F"), ":","%3A"), "<","%3C"), ">","%3E") ) -> 10.1242%2Fjeb.204651 | K10: =TRIM(_xlfn.TEXTJOIN("_",FALSE(),F10,(SUBSTITUTE(SUBSTITUTE(D10," ",""), "_", "")))) -> BarbeitoAndres_etal_2019_cellnumber | L10: =J10 & "_" & SUBSTITUTE(SUBSTITUTE(SUBSTITUTE(D10,CHAR(160),"")," ",""),"_","") -> 10.1242%2Fjeb.204651_cellnumber | M10: {=IFERROR(INDEX(AUTO_Public_TSV_FileList!$A$1:$A$1000,MATCH(TRUE(),EXACT(L10,IFERROR(_xlfn.TEXTBEFORE(AUTO_Public_TSV_FileList!$A$1:$A$1000,".tsv"),"")),0)),"notfound")} -> 10.1242%2Fjeb.204651_cellnumber.tsv | AG10: isotropic fractionator | AJ10: review | AL10: review | AM10: review
A11: Barbeito-Andres, J., Castro-Fonseca, E., Qiu, L. R., Bernal, V., Lent, R., Henkelman, M., Lukowiak, K., Gleiser, P. M., Hallgrimsson, B., & Gonzalez, P. N. (2019). Region-specific changes in Mus musculus brain size and cell composition under chronic nutrient restriction. J Exp Biol, 222(Pt 17). https://doi.org/10.1242/jeb.204651 | D11: volumes | E11: =RIGHT(A11,1) -> 1 | F11: =G11 & IF(H11<>"", "_" & H11, "_") & IF(I11<>"", "_" & I11, "_") & IF(B11<>"", "_" & B11, "") -> BarbeitoAndres_etal_2019 | G11: =SUBSTITUTE(SUBSTITUTE(_xlfn.TEXTBEFORE(A11,","), "-", ""), " ", "") -> BarbeitoAndres | H11: =_xlfn.LET( _xlpm.authors,_xlfn.TEXTBEFORE(A11," ("&I11&")"), _xlpm.hasAmp,ISNUMBER(SEARCH("&",_xlpm.authors)), _xlpm.commasBeforeAmp,IF(_xlpm.hasAmp,LEN(_xlfn.TEXTBEFORE(_xlpm.authors,"&"))-LEN(SUBSTITUTE(_xlfn.TEXTBEFORE(_xlpm.authors,"&"),",","")),0), IF(NOT(_xlpm.hasAmp),"",IF(_xlpm.commasBeforeAmp>2,"etal",TRIM(_xlfn.TEXTBEFORE(_xlfn.TEXTAFTER(_xlpm.authors,"& "),",")))) ) -> etal | I11: =_xlfn.TEXTBEFORE(_xlfn.TEXTAFTER(A11, "("), ")") -> 2019 | J11: =_xlfn.LET( _xlpm.doi,IF(C11<>"",C11,_xlfn.TEXTAFTER(A11,"https://doi.org/")), SUBSTITUTE( SUBSTITUTE( SUBSTITUTE( SUBSTITUTE( _xlpm.doi, "/","%2F"), ":","%3A"), "<","%3C"), ">","%3E") ) -> 10.1242%2Fjeb.204651 | K11: =TRIM(_xlfn.TEXTJOIN("_",FALSE(),F11,(SUBSTITUTE(SUBSTITUTE(D11," ",""), "_", "")))) -> BarbeitoAndres_etal_2019_volumes | L11: =J11 & "_" & SUBSTITUTE(SUBSTITUTE(SUBSTITUTE(D11,CHAR(160),"")," ",""),"_","") -> 10.1242%2Fjeb.204651_volumes | M11: {=IFERROR(INDEX(AUTO_Public_TSV_FileList!$A$1:$A$1000,MATCH(TRUE(),EXACT(L11,IFERROR(_xlfn.TEXTBEFORE(AUTO_Public_TSV_FileList!$A$1:$A$1000,".tsv"),"")),0)),"notfound")} -> 10.1242%2Fjeb.204651_volumes.tsv | AG11: isotropic fractionator | AJ11: review | AL11: review | AM11: review
A12: Barger, N., Hanson, K. L., Teffer, K., Schenker-Ahmed, N. M., & Semendeferi, K. (2014). Evidence for evolutionary specialization in human limbic structures. Front Hum Neurosci, 8, 277. https://doi.org/10.3389/fnhum.2014.00277 | D12: Table 1 | E12: =RIGHT(A12,1) -> 7 | F12: =G12 & IF(H12<>"", "_" & H12, "_") & IF(I12<>"", "_" & I12, "_") & IF(B12<>"", "_" & B12, "") -> Barger_etal_2014 | G12: =SUBSTITUTE(SUBSTITUTE(_xlfn.TEXTBEFORE(A12,","), "-", ""), " ", "") -> Barger | H12: =_xlfn.LET( _xlpm.authors,_xlfn.TEXTBEFORE(A12," ("&I12&")"), _xlpm.hasAmp,ISNUMBER(SEARCH("&",_xlpm.authors)), _xlpm.commasBeforeAmp,IF(_xlpm.hasAmp,LEN(_xlfn.TEXTBEFORE(_xlpm.authors,"&"))-LEN(SUBSTITUTE(_xlfn.TEXTBEFORE(_xlpm.authors,"&"),",","")),0), IF(NOT(_xlpm.hasAmp),"",IF(_xlpm.commasBeforeAmp>2,"etal",TRIM(_xlfn.TEXTBEFORE(_xlfn.TEXTAFTER(_xlpm.authors,"& "),",")))) ) -> etal | I12: =_xlfn.TEXTBEFORE(_xlfn.TEXTAFTER(A12, "("), ")") -> 2014 | J12: =_xlfn.LET( _xlpm.doi,IF(C12<>"",C12,_xlfn.TEXTAFTER(A12,"https://doi.org/")), SUBSTITUTE( SUBSTITUTE( SUBSTITUTE( SUBSTITUTE( _xlpm.doi, "/","%2F"), ":","%3A"), "<","%3C"), ">","%3E") ) -> 10.3389%2Ffnhum.2014.00277 | K12: =TRIM(_xlfn.TEXTJOIN("_",FALSE(),F12,(SUBSTITUTE(SUBSTITUTE(D12," ",""), "_", "")))) -> Barger_etal_2014_Table1 | L12: =J12 & "_" & SUBSTITUTE(SUBSTITUTE(SUBSTITUTE(D12,CHAR(160),"")," ",""),"_","") -> 10.3389%2Ffnhum.2014.00277_Table1 | M12: {=IFERROR(INDEX(AUTO_Public_TSV_FileList!$A$1:$A$1000,MATCH(TRUE(),EXACT(L12,IFERROR(_xlfn.TEXTBEFORE(AUTO_Public_TSV_FileList!$A$1:$A$1000,".tsv"),"")),0)),"notfound")} -> 10.3389%2Ffnhum.2014.00277_Table1.tsv | N12: Table 1 | Volume of amygdala, hippocampus, and striatum in hominoid species collected with stereological methods. | Z12: Zilles | AF12: histological sections | AG12: Zilles
A13: Barger, N., Stefanacci, L., & Semendeferi, K. (2007). A comparative volumetric analysis of the amygdaloid complex and basolateral division in the human and ape brain. Am J Phys Anthropol, 134(3), 392-403. https://doi.org/10.1002/ajpa.20684 | D13: TABLE 1 | E13: =RIGHT(A13,1) -> 4 | F13: =G13 & IF(H13<>"", "_" & H13, "_") & IF(I13<>"", "_" & I13, "_") & IF(B13<>"", "_" & B13, "") -> Barger_etal_2007 | G13: =SUBSTITUTE(SUBSTITUTE(_xlfn.TEXTBEFORE(A13,","), "-", ""), " ", "") -> Barger | H13: =_xlfn.LET( _xlpm.authors,_xlfn.TEXTBEFORE(A13," ("&I13&")"), _xlpm.hasAmp,ISNUMBER(SEARCH("&",_xlpm.authors)), _xlpm.commasBeforeAmp,IF(_xlpm.hasAmp,LEN(_xlfn.TEXTBEFORE(_xlpm.authors,"&"))-LEN(SUBSTITUTE(_xlfn.TEXTBEFORE(_xlpm.authors,"&"),",","")),0), IF(NOT(_xlpm.hasAmp),"",IF(_xlpm.commasBeforeAmp>2,"etal",TRIM(_xlfn.TEXTBEFORE(_xlfn.TEXTAFTER(_xlpm.authors,"& "),",")))) ) -> etal | I13: =_xlfn.TEXTBEFORE(_xlfn.TEXTAFTER(A13, "("), ")") -> 2007 | J13: =_xlfn.LET( _xlpm.doi,IF(C13<>"",C13,_xlfn.TEXTAFTER(A13,"https://doi.org/")), SUBSTITUTE( SUBSTITUTE( SUBSTITUTE( SUBSTITUTE( _xlpm.doi, "/","%2F"), ":","%3A"), "<","%3C"), ">","%3E") ) -> 10.1002%2Fajpa.20684 | K13: =TRIM(_xlfn.TEXTJOIN("_",FALSE(),F13,(SUBSTITUTE(SUBSTITUTE(D13," ",""), "_", "")))) -> Barger_etal_2007_TABLE1 | L13: =J13 & "_" & SUBSTITUTE(SUBSTITUTE(SUBSTITUTE(D13,CHAR(160),"")," ",""),"_","") -> 10.1002%2Fajpa.20684_TABLE1 | M13: {=IFERROR(INDEX(AUTO_Public_TSV_FileList!$A$1:$A$1000,MATCH(TRUE(),EXACT(L13,IFERROR(_xlfn.TEXTBEFORE(AUTO_Public_TSV_FileList!$A$1:$A$1000,".tsv"),"")),0)),"notfound")} -> 10.1002%2Fajpa.20684_TABLE1.tsv | N13: TABLE 1. Volumetric estimates of the amygdaloid complex and the basolateral division | P13: FINISHED | Z13: Zilles | AG13: Zilles | AI13: amygdala subdivision volumes | AJ13: Apes & humans | AL13: primary | AM13: volume
A14: Barger, N., Stefanacci, L., Schumann, C. M., Sherwood, C. C., Annese, J., Allman, J. M., Buckwalter, J. A., Hof, P. R., & Semendeferi, K. (2012). Neuronal populations in the basolateral nuclei of the amygdala are differentially increased in humans compared with apes: A stereological study. J Comp Neurol, 520(13), 3035-3054. https://doi.org/10.1002/cne.23118 | D14: Table 3 | E14: =RIGHT(A14,1) -> 8 | F14: =G14 & IF(H14<>"", "_" & H14, "_") & IF(I14<>"", "_" & I14, "_") & IF(B14<>"", "_" & B14, "") -> Barger_etal_2012 | G14: =SUBSTITUTE(SUBSTITUTE(_xlfn.TEXTBEFORE(A14,","), "-", ""), " ", "") -> Barger | H14: =_xlfn.LET( _xlpm.authors,_xlfn.TEXTBEFORE(A14," ("&I14&")"), _xlpm.hasAmp,ISNUMBER(SEARCH("&",_xlpm.authors)), _xlpm.commasBeforeAmp,IF(_xlpm.hasAmp,LEN(_xlfn.TEXTBEFORE(_xlpm.authors,"&"))-LEN(SUBSTITUTE(_xlfn.TEXTBEFORE(_xlpm.authors,"&"),",","")),0), IF(NOT(_xlpm.hasAmp),"",IF(_xlpm.commasBeforeAmp>2,"etal",TRIM(_xlfn.TEXTBEFORE(_xlfn.TEXTAFTER(_xlpm.authors,"& "),",")))) ) -> etal | I14: =_xlfn.TEXTBEFORE(_xlfn.TEXTAFTER(A14, "("), ")") -> 2012 | J14: =_xlfn.LET( _xlpm.doi,IF(C14<>"",C14,_xlfn.TEXTAFTER(A14,"https://doi.org/")), SUBSTITUTE( SUBSTITUTE( SUBSTITUTE( SUBSTITUTE( _xlpm.doi, "/","%2F"), ":","%3A"), "<","%3C"), ">","%3E") ) -> 10.1002%2Fcne.23118 | K14: =TRIM(_xlfn.TEXTJOIN("_",FALSE(),F14,(SUBSTITUTE(SUBSTITUTE(D14," ",""), "_", "")))) -> Barger_etal_2012_Table3 | L14: =J14 & "_" & SUBSTITUTE(SUBSTITUTE(SUBSTITUTE(D14,CHAR(160),"")," ",""),"_","") -> 10.1002%2Fcne.23118_Table3 | M14: {=IFERROR(INDEX(AUTO_Public_TSV_FileList!$A$1:$A$1000,MATCH(TRUE(),EXACT(L14,IFERROR(_xlfn.TEXTBEFORE(AUTO_Public_TSV_FileList!$A$1:$A$1000,".tsv"),"")),0)),"notfound")} -> 10.1002%2Fcne.23118_Table3.tsv | N14: Table 3. Average Neuron Number x10^6 (SD) for each nucleus in each species | P14: FINISHED | AI14: amygdala neuron numbers (basolateral + central nuclei) | AJ14: Primates | AK14: primary | AL14: primary | AM14: neuron count (stereology)
A15: Barks, S. K., Calhoun, M. E., Hopkins, W. D., Cranfield, M. R., Mudakikwa, A., Stoinski, T. S., Patterson, F. G., Erwin, J. M., Hecht, E. E., Hof, P. R., & Sherwood, C. C. (2014). Brain organization of gorillas reflects species differences in ecology. Am J Phys Anthropol. https://doi.org/10.1002/ajpa.22646 | D15: Fig 4 A | E15: =RIGHT(A15,1) -> 6 | F15: =G15 & IF(H15<>"", "_" & H15, "_") & IF(I15<>"", "_" & I15, "_") & IF(B15<>"", "_" & B15, "") -> Barks_etal_2014 | G15: =SUBSTITUTE(SUBSTITUTE(_xlfn.TEXTBEFORE(A15,","), "-", ""), " ", "") -> Barks | H15: =_xlfn.LET( _xlpm.authors,_xlfn.TEXTBEFORE(A15," ("&I15&")"), _xlpm.hasAmp,ISNUMBER(SEARCH("&",_xlpm.authors)), _xlpm.commasBeforeAmp,IF(_xlpm.hasAmp,LEN(_xlfn.TEXTBEFORE(_xlpm.authors,"&"))-LEN(SUBSTITUTE(_xlfn.TEXTBEFORE(_xlpm.authors,"&"),",","")),0), IF(NOT(_xlpm.hasAmp),"",IF(_xlpm.commasBeforeAmp>2,"etal",TRIM(_xlfn.TEXTBEFORE(_xlfn.TEXTAFTER(_xlpm.authors,"& "),",")))) ) -> etal | I15: =_xlfn.TEXTBEFORE(_xlfn.TEXTAFTER(A15, "("), ")") -> 2014 | J15: =_xlfn.LET( _xlpm.doi,IF(C15<>"",C15,_xlfn.TEXTAFTER(A15,"https://doi.org/")), SUBSTITUTE( SUBSTITUTE( SUBSTITUTE( SUBSTITUTE( _xlpm.doi, "/","%2F"), ":","%3A"), "<","%3C"), ">","%3E") ) -> 10.1002%2Fajpa.22646 | K15: =TRIM(_xlfn.TEXTJOIN("_",FALSE(),F15,(SUBSTITUTE(SUBSTITUTE(D15," ",""), "_", "")))) -> Barks_etal_2014_Fig4A | L15: =J15 & "_" & SUBSTITUTE(SUBSTITUTE(SUBSTITUTE(D15,CHAR(160),"")," ",""),"_","") -> 10.1002%2Fajpa.22646_Fig4A | M15: {=IFERROR(INDEX(AUTO_Public_TSV_FileList!$A$1:$A$1000,MATCH(TRUE(),EXACT(L15,IFERROR(_xlfn.TEXTBEFORE(AUTO_Public_TSV_FileList!$A$1:$A$1000,".tsv"),"")),0)),"notfound")} -> 10.1002%2Fajpa.22646_Fig4A.tsv | O15: Fig4A_allsubjects_volumes | P15: FINISHED | Y15: Barks
A16: Barks, S. K., Calhoun, M. E., Hopkins, W. D., Cranfield, M. R., Mudakikwa, A., Stoinski, T. S., Patterson, F. G., Erwin, J. M., Hecht, E. E., Hof, P. R., & Sherwood, C. C. (2014). Brain organization of gorillas reflects species differences in ecology. Am J Phys Anthropol. https://doi.org/10.1002/ajpa.22646 | D16: Fig 5 A | E16: =RIGHT(A16,1) -> 6 | F16: =G16 & IF(H16<>"", "_" & H16, "_") & IF(I16<>"", "_" & I16, "_") & IF(B16<>"", "_" & B16, "") -> Barks_etal_2014 | G16: =SUBSTITUTE(SUBSTITUTE(_xlfn.TEXTBEFORE(A16,","), "-", ""), " ", "") -> Barks | H16: =_xlfn.LET( _xlpm.authors,_xlfn.TEXTBEFORE(A16," ("&I16&")"), _xlpm.hasAmp,ISNUMBER(SEARCH("&",_xlpm.authors)), _xlpm.commasBeforeAmp,IF(_xlpm.hasAmp,LEN(_xlfn.TEXTBEFORE(_xlpm.authors,"&"))-LEN(SUBSTITUTE(_xlfn.TEXTBEFORE(_xlpm.authors,"&"),",","")),0), IF(NOT(_xlpm.hasAmp),"",IF(_xlpm.commasBeforeAmp>2,"etal",TRIM(_xlfn.TEXTBEFORE(_xlfn.TEXTAFTER(_xlpm.authors,"& "),",")))) ) -> etal | I16: =_xlfn.TEXTBEFORE(_xlfn.TEXTAFTER(A16, "("), ")") -> 2014 | J16: =_xlfn.LET( _xlpm.doi,IF(C16<>"",C16,_xlfn.TEXTAFTER(A16,"https://doi.org/")), SUBSTITUTE( SUBSTITUTE( SUBSTITUTE( SUBSTITUTE( _xlpm.doi, "/","%2F"), ":","%3A"), "<","%3C"), ">","%3E") ) -> 10.1002%2Fajpa.22646 | K16: =TRIM(_xlfn.TEXTJOIN("_",FALSE(),F16,(SUBSTITUTE(SUBSTITUTE(D16," ",""), "_", "")))) -> Barks_etal_2014_Fig5A | L16: =J16 & "_" & SUBSTITUTE(SUBSTITUTE(SUBSTITUTE(D16,CHAR(160),"")," ",""),"_","") -> 10.1002%2Fajpa.22646_Fig5A | M16: {=IFERROR(INDEX(AUTO_Public_TSV_FileList!$A$1:$A$1000,MATCH(TRUE(),EXACT(L16,IFERROR(_xlfn.TEXTBEFORE(AUTO_Public_TSV_FileList!$A$1:$A$1000,".tsv"),"")),0)),"notfound")} -> 10.1002%2Fajpa.22646_Fig5A.tsv | O16: Fig5A_adultsonly_volumes | P16: FINISHED
A17: Barks, S. K., Calhoun, M. E., Hopkins, W. D., Cranfield, M. R., Mudakikwa, A., Stoinski, T. S., Patterson, F. G., Erwin, J. M., Hecht, E. E., Hof, P. R., & Sherwood, C. C. (2014). Brain organization of gorillas reflects species differences in ecology. Am J Phys Anthropol. https://doi.org/10.1002/ajpa.22646 | D17: TABLE 1 | E17: =RIGHT(A17,1) -> 6 | F17: =G17 & IF(H17<>"", "_" & H17, "_") & IF(I17<>"", "_" & I17, "_") & IF(B17<>"", "_" & B17, "") -> Barks_etal_2014 | G17: =SUBSTITUTE(SUBSTITUTE(_xlfn.TEXTBEFORE(A17,","), "-", ""), " ", "") -> Barks | H17: =_xlfn.LET( _xlpm.authors,_xlfn.TEXTBEFORE(A17," ("&I17&")"), _xlpm.hasAmp,ISNUMBER(SEARCH("&",_xlpm.authors)), _xlpm.commasBeforeAmp,IF(_xlpm.hasAmp,LEN(_xlfn.TEXTBEFORE(_xlpm.authors,"&"))-LEN(SUBSTITUTE(_xlfn.TEXTBEFORE(_xlpm.authors,"&"),",","")),0), IF(NOT(_xlpm.hasAmp),"",IF(_xlpm.commasBeforeAmp>2,"etal",TRIM(_xlfn.TEXTBEFORE(_xlfn.TEXTAFTER(_xlpm.authors,"& "),",")))) ) -> etal | I17: =_xlfn.TEXTBEFORE(_xlfn.TEXTAFTER(A17, "("), ")") -> 2014 | J17: =_xlfn.LET( _xlpm.doi,IF(C17<>"",C17,_xlfn.TEXTAFTER(A17,"https://doi.org/")), SUBSTITUTE( SUBSTITUTE( SUBSTITUTE( SUBSTITUTE( _xlpm.doi, "/","%2F"), ":","%3A"), "<","%3C"), ">","%3E") ) -> 10.1002%2Fajpa.22646 | K17: =TRIM(_xlfn.TEXTJOIN("_",FALSE(),F17,(SUBSTITUTE(SUBSTITUTE(D17," ",""), "_", "")))) -> Barks_etal_2014_TABLE1 | L17: =J17 & "_" & SUBSTITUTE(SUBSTITUTE(SUBSTITUTE(D17,CHAR(160),"")," ",""),"_","") -> 10.1002%2Fajpa.22646_TABLE1 | M17: {=IFERROR(INDEX(AUTO_Public_TSV_FileList!$A$1:$A$1000,MATCH(TRUE(),EXACT(L17,IFERROR(_xlfn.TEXTBEFORE(AUTO_Public_TSV_FileList!$A$1:$A$1000,".tsv"),"")),0)),"notfound")} -> 10.1002%2Fajpa.22646_TABLE1.tsv | N17: TABLE 1. Individual data | P17: FINISHED | Y17: Barks
A18: Barks, S. K., Calhoun, M. E., Hopkins, W. D., Cranfield, M. R., Mudakikwa, A., Stoinski, T. S., Patterson, F. G., Erwin, J. M., Hecht, E. E., Hof, P. R., & Sherwood, C. C. (2014). Brain organization of gorillas reflects species differences in ecology. Am J Phys Anthropol. https://doi.org/10.1002/ajpa.22646 | D18: TABLE 2 | E18: =RIGHT(A18,1) -> 6 | F18: =G18 & IF(H18<>"", "_" & H18, "_") & IF(I18<>"", "_" & I18, "_") & IF(B18<>"", "_" & B18, "") -> Barks_etal_2014 | G18: =SUBSTITUTE(SUBSTITUTE(_xlfn.TEXTBEFORE(A18,","), "-", ""), " ", "") -> Barks | H18: =_xlfn.LET( _xlpm.authors,_xlfn.TEXTBEFORE(A18," ("&I18&")"), _xlpm.hasAmp,ISNUMBER(SEARCH("&",_xlpm.authors)), _xlpm.commasBeforeAmp,IF(_xlpm.hasAmp,LEN(_xlfn.TEXTBEFORE(_xlpm.authors,"&"))-LEN(SUBSTITUTE(_xlfn.TEXTBEFORE(_xlpm.authors,"&"),",","")),0), IF(NOT(_xlpm.hasAmp),"",IF(_xlpm.commasBeforeAmp>2,"etal",TRIM(_xlfn.TEXTBEFORE(_xlfn.TEXTAFTER(_xlpm.authors,"& "),",")))) ) -> etal | I18: =_xlfn.TEXTBEFORE(_xlfn.TEXTAFTER(A18, "("), ")") -> 2014 | J18: =_xlfn.LET( _xlpm.doi,IF(C18<>"",C18,_xlfn.TEXTAFTER(A18,"https://doi.org/")), SUBSTITUTE( SUBSTITUTE( SUBSTITUTE( SUBSTITUTE( _xlpm.doi, "/","%2F"), ":","%3A"), "<","%3C"), ">","%3E") ) -> 10.1002%2Fajpa.22646 | K18: =TRIM(_xlfn.TEXTJOIN("_",FALSE(),F18,(SUBSTITUTE(SUBSTITUTE(D18," ",""), "_", "")))) -> Barks_etal_2014_TABLE2 | L18: =J18 & "_" & SUBSTITUTE(SUBSTITUTE(SUBSTITUTE(D18,CHAR(160),"")," ",""),"_","") -> 10.1002%2Fajpa.22646_TABLE2 | M18: {=IFERROR(INDEX(AUTO_Public_TSV_FileList!$A$1:$A$1000,MATCH(TRUE(),EXACT(L18,IFERROR(_xlfn.TEXTBEFORE(AUTO_Public_TSV_FileList!$A$1:$A$1000,".tsv"),"")),0)),"notfound")} -> 10.1002%2Fajpa.22646_TABLE2.tsv | N18: TABLE 2. Stereological sampling of brains | P18: FINISHED
A19: Barks, S. K., Calhoun, M. E., Hopkins, W. D., Cranfield, M. R., Mudakikwa, A., Stoinski, T. S., Patterson, F. G., Erwin, J. M., Hecht, E. E., Hof, P. R., & Sherwood, C. C. (2014). Brain organization of gorillas reflects species differences in ecology. Am J Phys Anthropol. https://doi.org/10.1002/ajpa.22646 | D19: unpublishedviaDeCasien | E19: =RIGHT(A19,1) -> 6 | F19: =G19 & IF(H19<>"", "_" & H19, "_") & IF(I19<>"", "_" & I19, "_") & IF(B19<>"", "_" & B19, "") -> Barks_etal_2014 | G19: =SUBSTITUTE(SUBSTITUTE(_xlfn.TEXTBEFORE(A19,","), "-", ""), " ", "") -> Barks | H19: =_xlfn.LET( _xlpm.authors,_xlfn.TEXTBEFORE(A19," ("&I19&")"), _xlpm.hasAmp,ISNUMBER(SEARCH("&",_xlpm.authors)), _xlpm.commasBeforeAmp,IF(_xlpm.hasAmp,LEN(_xlfn.TEXTBEFORE(_xlpm.authors,"&"))-LEN(SUBSTITUTE(_xlfn.TEXTBEFORE(_xlpm.authors,"&"),",","")),0), IF(NOT(_xlpm.hasAmp),"",IF(_xlpm.commasBeforeAmp>2,"etal",TRIM(_xlfn.TEXTBEFORE(_xlfn.TEXTAFTER(_xlpm.authors,"& "),",")))) ) -> etal | I19: =_xlfn.TEXTBEFORE(_xlfn.TEXTAFTER(A19, "("), ")") -> 2014 | J19: =_xlfn.LET( _xlpm.doi,IF(C19<>"",C19,_xlfn.TEXTAFTER(A19,"https://doi.org/")), SUBSTITUTE( SUBSTITUTE( SUBSTITUTE( SUBSTITUTE( _xlpm.doi, "/","%2F"), ":","%3A"), "<","%3C"), ">","%3E") ) -> 10.1002%2Fajpa.22646 | K19: =TRIM(_xlfn.TEXTJOIN("_",FALSE(),F19,(SUBSTITUTE(SUBSTITUTE(D19," ",""), "_", "")))) -> Barks_etal_2014_unpublishedviaDeCasien | L19: =J19 & "_" & SUBSTITUTE(SUBSTITUTE(SUBSTITUTE(D19,CHAR(160),"")," ",""),"_","") -> 10.1002%2Fajpa.22646_unpublishedviaDeCasien | M19: {=IFERROR(INDEX(AUTO_Public_TSV_FileList!$A$1:$A$1000,MATCH(TRUE(),EXACT(L19,IFERROR(_xlfn.TEXTBEFORE(AUTO_Public_TSV_FileList!$A$1:$A$1000,".tsv"),"")),0)),"notfound")} -> 10.1002%2Fajpa.22646_unpublishedviaDeCasien.tsv | O19: "Sherwood et al.64 and Barks et al.65 provided neocortex, hippocampus, striatum, thalamus, cerebellum, amygdala and insula measures for multiple gorilla species (Gorilla gorilla gorilla, G. g. graueri and G. beringei) from post-mortem MRI scans" (DeCasien and Higham 2019)
A20: Baron, G., Frahm, H. D., & Stephan, H. (1988). Comparison of brain structure volumes in Insectivora and Primates. VIII. Vestibular complex. J Hirnforsch, 29(5), 509-523. http://www.ncbi.nlm.nih.gov/pubmed/3216099 | C20: PMID:3216099 | D20: Table 1 | E20: =RIGHT(A20,1) -> 9 | F20: =G20 & IF(H20<>"", "_" & H20, "_") & IF(I20<>"", "_" & I20, "_") & IF(B20<>"", "_" & B20, "") -> Baron_etal_1988 | G20: =SUBSTITUTE(SUBSTITUTE(_xlfn.TEXTBEFORE(A20,","), "-", ""), " ", "") -> Baron | H20: =_xlfn.LET( _xlpm.authors,_xlfn.TEXTBEFORE(A20," ("&I20&")"), _xlpm.hasAmp,ISNUMBER(SEARCH("&",_xlpm.authors)), _xlpm.commasBeforeAmp,IF(_xlpm.hasAmp,LEN(_xlfn.TEXTBEFORE(_xlpm.authors,"&"))-LEN(SUBSTITUTE(_xlfn.TEXTBEFORE(_xlpm.authors,"&"),",","")),0), IF(NOT(_xlpm.hasAmp),"",IF(_xlpm.commasBeforeAmp>2,"etal",TRIM(_xlfn.TEXTBEFORE(_xlfn.TEXTAFTER(_xlpm.authors,"& "),",")))) ) -> etal | I20: =_xlfn.TEXTBEFORE(_xlfn.TEXTAFTER(A20, "("), ")") -> 1988 | J20: =_xlfn.LET( _xlpm.doi,IF(C20<>"",C20,_xlfn.TEXTAFTER(A20,"https://doi.org/")), SUBSTITUTE( SUBSTITUTE( SUBSTITUTE( SUBSTITUTE( _xlpm.doi, "/","%2F"), ":","%3A"), "<","%3C"), ">","%3E") ) -> PMID%3A3216099 | K20: =TRIM(_xlfn.TEXTJOIN("_",FALSE(),F20,(SUBSTITUTE(SUBSTITUTE(D20," ",""), "_", "")))) -> Baron_etal_1988_Table1 | L20: =J20 & "_" & SUBSTITUTE(SUBSTITUTE(SUBSTITUTE(D20,CHAR(160),"")," ",""),"_","") -> PMID%3A3216099_Table1 | M20: {=IFERROR(INDEX(AUTO_Public_TSV_FileList!$A$1:$A$1000,MATCH(TRUE(),EXACT(L20,IFERROR(_xlfn.TEXTBEFORE(AUTO_Public_TSV_FileList!$A$1:$A$1000,".tsv"),"")),0)),"notfound")} -> PMID%3A3216099_Table1.tsv | N20: Table 1. Volumes and indices of the vestibular complex (VC) and its main components (VM, V1, VL, VS) in Insectivora and Scadentia | P20: FINISHED | Y20: Stephan | Z20: Stephan | AF20: histological sections | AG20: Stephan | AI20: vestibular nuclear complex volume | AJ20: Insectivora, Scandentia & Primates | AL20: primary | AM20: volume
A21: Baron, G., Frahm, H. D., Bhatnagar, K. P., & Stephan, H. (1983). Comparison of brain structure volumes in Insectivora and Primates. III. Main olfactory bulb (MOB). J Hirnforsch, 24(5), 551-568. https://www.ncbi.nlm.nih.gov/pubmed/6663055 | C21: PMID:6663055 | D21: Table 1 | E21: =RIGHT(A21,1) -> 5 | F21: =G21 & IF(H21<>"", "_" & H21, "_") & IF(I21<>"", "_" & I21, "_") & IF(B21<>"", "_" & B21, "") -> Baron_etal_1983 | G21: =SUBSTITUTE(SUBSTITUTE(_xlfn.TEXTBEFORE(A21,","), "-", ""), " ", "") -> Baron | H21: =_xlfn.LET( _xlpm.authors,_xlfn.TEXTBEFORE(A21," ("&I21&")"), _xlpm.hasAmp,ISNUMBER(SEARCH("&",_xlpm.authors)), _xlpm.commasBeforeAmp,IF(_xlpm.hasAmp,LEN(_xlfn.TEXTBEFORE(_xlpm.authors,"&"))-LEN(SUBSTITUTE(_xlfn.TEXTBEFORE(_xlpm.authors,"&"),",","")),0), IF(NOT(_xlpm.hasAmp),"",IF(_xlpm.commasBeforeAmp>2,"etal",TRIM(_xlfn.TEXTBEFORE(_xlfn.TEXTAFTER(_xlpm.authors,"& "),",")))) ) -> etal | I21: =_xlfn.TEXTBEFORE(_xlfn.TEXTAFTER(A21, "("), ")") -> 1983 | J21: =_xlfn.LET( _xlpm.doi,IF(C21<>"",C21,_xlfn.TEXTAFTER(A21,"https://doi.org/")), SUBSTITUTE( SUBSTITUTE( SUBSTITUTE( SUBSTITUTE( _xlpm.doi, "/","%2F"), ":","%3A"), "<","%3C"), ">","%3E") ) -> PMID%3A6663055 | K21: =TRIM(_xlfn.TEXTJOIN("_",FALSE(),F21,(SUBSTITUTE(SUBSTITUTE(D21," ",""), "_", "")))) -> Baron_etal_1983_Table1 | L21: =J21 & "_" & SUBSTITUTE(SUBSTITUTE(SUBSTITUTE(D21,CHAR(160),"")," ",""),"_","") -> PMID%3A6663055_Table1 | M21: {=IFERROR(INDEX(AUTO_Public_TSV_FileList!$A$1:$A$1000,MATCH(TRUE(),EXACT(L21,IFERROR(_xlfn.TEXTBEFORE(AUTO_Public_TSV_FileList!$A$1:$A$1000,".tsv"),"")),0)),"notfound")} -> PMID%3A6663055_Table1.tsv | P21: FINISHED | V21: table | W21: NO - not digitized | Y21: Stephan | Z21: Stephan | AF21: histological sections | AG21: Stephan | AI21: main olfactory bulb (MOB) volume | AJ21: Insectivora, Scandentia & Primates | AK21: primary | AL21: primary | AM21: volume
A22: Baron, G., Stephan, H., & Frahm, H. D. (1987). Comparison of brain structure volumes in Insectivora and Primates. VI. Paleocortical components. J Hirnforsch, 28(4), 463-477. http://www.ncbi.nlm.nih.gov/pubmed/3116076 | C22: PMID:3116076 | D22: Table 1 | E22: =RIGHT(A22,1) -> 6 | F22: =G22 & IF(H22<>"", "_" & H22, "_") & IF(I22<>"", "_" & I22, "_") & IF(B22<>"", "_" & B22, "") -> Baron_etal_1987 | G22: =SUBSTITUTE(SUBSTITUTE(_xlfn.TEXTBEFORE(A22,","), "-", ""), " ", "") -> Baron | H22: =_xlfn.LET( _xlpm.authors,_xlfn.TEXTBEFORE(A22," ("&I22&")"), _xlpm.hasAmp,ISNUMBER(SEARCH("&",_xlpm.authors)), _xlpm.commasBeforeAmp,IF(_xlpm.hasAmp,LEN(_xlfn.TEXTBEFORE(_xlpm.authors,"&"))-LEN(SUBSTITUTE(_xlfn.TEXTBEFORE(_xlpm.authors,"&"),",","")),0), IF(NOT(_xlpm.hasAmp),"",IF(_xlpm.commasBeforeAmp>2,"etal",TRIM(_xlfn.TEXTBEFORE(_xlfn.TEXTAFTER(_xlpm.authors,"& "),",")))) ) -> etal | I22: =_xlfn.TEXTBEFORE(_xlfn.TEXTAFTER(A22, "("), ")") -> 1987 | J22: =_xlfn.LET( _xlpm.doi,IF(C22<>"",C22,_xlfn.TEXTAFTER(A22,"https://doi.org/")), SUBSTITUTE( SUBSTITUTE( SUBSTITUTE( SUBSTITUTE( _xlpm.doi, "/","%2F"), ":","%3A"), "<","%3C"), ">","%3E") ) -> PMID%3A3116076 | K22: =TRIM(_xlfn.TEXTJOIN("_",FALSE(),F22,(SUBSTITUTE(SUBSTITUTE(D22," ",""), "_", "")))) -> Baron_etal_1987_Table1 | L22: =J22 & "_" & SUBSTITUTE(SUBSTITUTE(SUBSTITUTE(D22,CHAR(160),"")," ",""),"_","") -> PMID%3A3116076_Table1 | M22: {=IFERROR(INDEX(AUTO_Public_TSV_FileList!$A$1:$A$1000,MATCH(TRUE(),EXACT(L22,IFERROR(_xlfn.TEXTBEFORE(AUTO_Public_TSV_FileList!$A$1:$A$1000,".tsv"),"")),0)),"notfound")} -> PMID%3A3116076_Table1.tsv | P22: FINISHED | V22: table | W22: NO - not digitized | Y22: Stephan | Z22: Stephan | AF22: histological sections | AG22: Stephan | AI22: brain-structure volume (Comparison series, Part) | AJ22: Insectivora, Scandentia & Primates | AK22: primary | AL22: primary | AM22: volume
A23: Baron, G., Stephan, H., & Frahm, H. D. (1990). Comparison of brain structure volumes in Insectivora and primates. IX. Trigeminal complex. J Hirnforsch, 31(2), 193-200. https://www.ncbi.nlm.nih.gov/pubmed/2358663 | C23: PMID:2358663 | D23: Table 1 | E23: =RIGHT(A23,1) -> 3 | F23: =G23 & IF(H23<>"", "_" & H23, "_") & IF(I23<>"", "_" & I23, "_") & IF(B23<>"", "_" & B23, "") -> Baron_etal_1990 | G23: =SUBSTITUTE(SUBSTITUTE(_xlfn.TEXTBEFORE(A23,","), "-", ""), " ", "") -> Baron | H23: =_xlfn.LET( _xlpm.authors,_xlfn.TEXTBEFORE(A23," ("&I23&")"), _xlpm.hasAmp,ISNUMBER(SEARCH("&",_xlpm.authors)), _xlpm.commasBeforeAmp,IF(_xlpm.hasAmp,LEN(_xlfn.TEXTBEFORE(_xlpm.authors,"&"))-LEN(SUBSTITUTE(_xlfn.TEXTBEFORE(_xlpm.authors,"&"),",","")),0), IF(NOT(_xlpm.hasAmp),"",IF(_xlpm.commasBeforeAmp>2,"etal",TRIM(_xlfn.TEXTBEFORE(_xlfn.TEXTAFTER(_xlpm.authors,"& "),",")))) ) -> etal | I23: =_xlfn.TEXTBEFORE(_xlfn.TEXTAFTER(A23, "("), ")") -> 1990 | J23: =_xlfn.LET( _xlpm.doi,IF(C23<>"",C23,_xlfn.TEXTAFTER(A23,"https://doi.org/")), SUBSTITUTE( SUBSTITUTE( SUBSTITUTE( SUBSTITUTE( _xlpm.doi, "/","%2F"), ":","%3A"), "<","%3C"), ">","%3E") ) -> PMID%3A2358663 | K23: =TRIM(_xlfn.TEXTJOIN("_",FALSE(),F23,(SUBSTITUTE(SUBSTITUTE(D23," ",""), "_", "")))) -> Baron_etal_1990_Table1 | L23: =J23 & "_" & SUBSTITUTE(SUBSTITUTE(SUBSTITUTE(D23,CHAR(160),"")," ",""),"_","") -> PMID%3A2358663_Table1 | M23: {=IFERROR(INDEX(AUTO_Public_TSV_FileList!$A$1:$A$1000,MATCH(TRUE(),EXACT(L23,IFERROR(_xlfn.TEXTBEFORE(AUTO_Public_TSV_FileList!$A$1:$A$1000,".tsv"),"")),0)),"notfound")} -> PMID%3A2358663_Table1.tsv | N23: Table 1 .IX. Trigeminal complex | P23: FINISHED | V23: table | W23: NO - not digitized | Y23: Stephan | Z23: Stephan | AF23: histological sections | AG23: volumetry | AI23: trigeminal complex volume | AJ23: Insectivora, Scandentia & Primates | AK23: primary | AL23: primary | AM23: volume
A24: Baron, G., Stephan, H., & Frahm, H. D. (1996). Comparative Neurobiology in Chiroptera: Macromorphology, Brain Structures, Tables, and Atlases. Birkhaeuser. | C24: ISBN:9783764353704 | D24: Table 10 | E24: =RIGHT(A24,1) -> . | F24: =G24 & IF(H24<>"", "_" & H24, "_") & IF(I24<>"", "_" & I24, "_") & IF(B24<>"", "_" & B24, "") -> Baron_etal_1996 | G24: =SUBSTITUTE(SUBSTITUTE(_xlfn.TEXTBEFORE(A24,","), "-", ""), " ", "") -> Baron | H24: =_xlfn.LET( _xlpm.authors,_xlfn.TEXTBEFORE(A24," ("&I24&")"), _xlpm.hasAmp,ISNUMBER(SEARCH("&",_xlpm.authors)), _xlpm.commasBeforeAmp,IF(_xlpm.hasAmp,LEN(_xlfn.TEXTBEFORE(_xlpm.authors,"&"))-LEN(SUBSTITUTE(_xlfn.TEXTBEFORE(_xlpm.authors,"&"),",","")),0), IF(NOT(_xlpm.hasAmp),"",IF(_xlpm.commasBeforeAmp>2,"etal",TRIM(_xlfn.TEXTBEFORE(_xlfn.TEXTAFTER(_xlpm.authors,"& "),",")))) ) -> etal | I24: =_xlfn.TEXTBEFORE(_xlfn.TEXTAFTER(A24, "("), ")") -> 1996 | J24: =_xlfn.LET( _xlpm.doi,IF(C24<>"",C24,_xlfn.TEXTAFTER(A24,"https://doi.org/")), SUBSTITUTE( SUBSTITUTE( SUBSTITUTE( SUBSTITUTE( _xlpm.doi, "/","%2F"), ":","%3A"), "<","%3C"), ">","%3E") ) -> ISBN%3A9783764353704 | K24: =TRIM(_xlfn.TEXTJOIN("_",FALSE(),F24,(SUBSTITUTE(SUBSTITUTE(D24," ",""), "_", "")))) -> Baron_etal_1996_Table10 | L24: =J24 & "_" & SUBSTITUTE(SUBSTITUTE(SUBSTITUTE(D24,CHAR(160),"")," ",""),"_","") -> ISBN%3A9783764353704_Table10 | M24: {=IFERROR(INDEX(AUTO_Public_TSV_FileList!$A$1:$A$1000,MATCH(TRUE(),EXACT(L24,IFERROR(_xlfn.TEXTBEFORE(AUTO_Public_TSV_FileList!$A$1:$A$1000,".tsv"),"")),0)),"notfound")} -> ISBN%3A9783764353704_Table10.tsv | N24: Table 10. Volumes of five fundamental brain parts | O24: BUILT 2026-08-15: 272 species; five fundamental brain-part volumes. | P24: FINISHED | R24: Baron_etal_1996_Table10_snapshot.csv | S24: Source values preserved; seven blank n values retained as missing. | T24: Baron_etal_1996_Table10.csv | AL24: primary
A25: Baron, G., Stephan, H., & Frahm, H. D. (1996). Comparative Neurobiology in Chiroptera: Macromorphology, Brain Structures, Tables, and Atlases. Birkhaeuser. | C25: ISBN:9783764353704 | D25: Table 32 | E25: =RIGHT(A25,1) -> . | F25: =G25 & IF(H25<>"", "_" & H25, "_") & IF(I25<>"", "_" & I25, "_") & IF(B25<>"", "_" & B25, "") -> Baron_etal_1996 | G25: =SUBSTITUTE(SUBSTITUTE(_xlfn.TEXTBEFORE(A25,","), "-", ""), " ", "") -> Baron | H25: =_xlfn.LET( _xlpm.authors,_xlfn.TEXTBEFORE(A25," ("&I25&")"), _xlpm.hasAmp,ISNUMBER(SEARCH("&",_xlpm.authors)), _xlpm.commasBeforeAmp,IF(_xlpm.hasAmp,LEN(_xlfn.TEXTBEFORE(_xlpm.authors,"&"))-LEN(SUBSTITUTE(_xlfn.TEXTBEFORE(_xlpm.authors,"&"),",","")),0), IF(NOT(_xlpm.hasAmp),"",IF(_xlpm.commasBeforeAmp>2,"etal",TRIM(_xlfn.TEXTBEFORE(_xlfn.TEXTAFTER(_xlpm.authors,"& "),",")))) ) -> etal | I25: =_xlfn.TEXTBEFORE(_xlfn.TEXTAFTER(A25, "("), ")") -> 1996 | J25: =_xlfn.LET( _xlpm.doi,IF(C25<>"",C25,_xlfn.TEXTAFTER(A25,"https://doi.org/")), SUBSTITUTE( SUBSTITUTE( SUBSTITUTE( SUBSTITUTE( _xlpm.doi, "/","%2F"), ":","%3A"), "<","%3C"), ">","%3E") ) -> ISBN%3A9783764353704 | K25: =TRIM(_xlfn.TEXTJOIN("_",FALSE(),F25,(SUBSTITUTE(SUBSTITUTE(D25," ",""), "_", "")))) -> Baron_etal_1996_Table32 | L25: =J25 & "_" & SUBSTITUTE(SUBSTITUTE(SUBSTITUTE(D25,CHAR(160),"")," ",""),"_","") -> ISBN%3A9783764353704_Table32 | M25: {=IFERROR(INDEX(AUTO_Public_TSV_FileList!$A$1:$A$1000,MATCH(TRUE(),EXACT(L25,IFERROR(_xlfn.TEXTBEFORE(AUTO_Public_TSV_FileList!$A$1:$A$1000,".tsv"),"")),0)),"notfound")} -> ISBN%3A9783764353704_Table32.tsv | N25: Table 32. Volumes of telencephalic components | O25: BUILT 2026-08-15: 272 species; telencephalic component volumes. Two source-level component-sum conflicts are retained and reported. | P25: FINISHED | R25: Baron_etal_1996_Table32_snapshot.csv | S25: Source values preserved; two Table 32 versus Table 10 component-sum conflicts flagged, not corrected. | T25: Baron_etal_1996_Table32.csv | AL25: primary
A26: Bauernfeind, A. L., de Sousa, A. A., Avasthi, T., Dobson, S. D., Raghanti, M. A., Lewandowski, A. H., Zilles, K., Semendeferi, K., Allman, J. M., Craig, A. D., Hof, P. R., & Sherwood, C. C. (2013). A volumetric comparison of the insular cortex and its subregions in primates. J Hum Evol, 64(4), 263-279. https://doi.org/10.1016/j.jhevol.2012.12.003 | D26: Table 1 | E26: =RIGHT(A26,1) -> 3 | F26: =G26 & IF(H26<>"", "_" & H26, "_") & IF(I26<>"", "_" & I26, "_") & IF(B26<>"", "_" & B26, "") -> Bauernfeind_etal_2013 | G26: =SUBSTITUTE(SUBSTITUTE(_xlfn.TEXTBEFORE(A26,","), "-", ""), " ", "") -> Bauernfeind | H26: =_xlfn.LET( _xlpm.authors,_xlfn.TEXTBEFORE(A26," ("&I26&")"), _xlpm.hasAmp,ISNUMBER(SEARCH("&",_xlpm.authors)), _xlpm.commasBeforeAmp,IF(_xlpm.hasAmp,LEN(_xlfn.TEXTBEFORE(_xlpm.authors,"&"))-LEN(SUBSTITUTE(_xlfn.TEXTBEFORE(_xlpm.authors,"&"),",","")),0), IF(NOT(_xlpm.hasAmp),"",IF(_xlpm.commasBeforeAmp>2,"etal",TRIM(_xlfn.TEXTBEFORE(_xlfn.TEXTAFTER(_xlpm.authors,"& "),",")))) ) -> etal | I26: =_xlfn.TEXTBEFORE(_xlfn.TEXTAFTER(A26, "("), ")") -> 2013 | J26: =_xlfn.LET( _xlpm.doi,IF(C26<>"",C26,_xlfn.TEXTAFTER(A26,"https://doi.org/")), SUBSTITUTE( SUBSTITUTE( SUBSTITUTE( SUBSTITUTE( _xlpm.doi, "/","%2F"), ":","%3A"), "<","%3C"), ">","%3E") ) -> 10.1016%2Fj.jhevol.2012.12.003 | K26: =TRIM(_xlfn.TEXTJOIN("_",FALSE(),F26,(SUBSTITUTE(SUBSTITUTE(D26," ",""), "_", "")))) -> Bauernfeind_etal_2013_Table1 | L26: =J26 & "_" & SUBSTITUTE(SUBSTITUTE(SUBSTITUTE(D26,CHAR(160),"")," ",""),"_","") -> 10.1016%2Fj.jhevol.2012.12.003_Table1 | M26: {=IFERROR(INDEX(AUTO_Public_TSV_FileList!$A$1:$A$1000,MATCH(TRUE(),EXACT(L26,IFERROR(_xlfn.TEXTBEFORE(AUTO_Public_TSV_FileList!$A$1:$A$1000,".tsv"),"")),0)),"notfound")} -> 10.1016%2Fj.jhevol.2012.12.003_Table1.tsv | N26: Volumetric comparison of the insular cortex (Table 1) | P26: FINISHED | V26: table | Y26: Stephan, Sherwood | AF26: histological sections | AG26: volumetry | AI26: insular cortex volumes | AJ26: Primates | AK26: primary | AL26: primary | AM26: volume
A27: Bauernfeind, A. L., de Sousa, A. A., Avasthi, T., Dobson, S. D., Raghanti, M. A., Lewandowski, A. H., Zilles, K., Semendeferi, K., Allman, J. M., Craig, A. D., Hof, P. R., & Sherwood, C. C. (2013). A volumetric comparison of the insular cortex and its subregions in primates. J Hum Evol, 64(4), 263-279. https://doi.org/10.1016/j.jhevol.2012.12.003 | D27: Table 2 | E27: =RIGHT(A27,1) -> 3 | F27: =G27 & IF(H27<>"", "_" & H27, "_") & IF(I27<>"", "_" & I27, "_") & IF(B27<>"", "_" & B27, "") -> Bauernfeind_etal_2013 | G27: =SUBSTITUTE(SUBSTITUTE(_xlfn.TEXTBEFORE(A27,","), "-", ""), " ", "") -> Bauernfeind | H27: =_xlfn.LET( _xlpm.authors,_xlfn.TEXTBEFORE(A27," ("&I27&")"), _xlpm.hasAmp,ISNUMBER(SEARCH("&",_xlpm.authors)), _xlpm.commasBeforeAmp,IF(_xlpm.hasAmp,LEN(_xlfn.TEXTBEFORE(_xlpm.authors,"&"))-LEN(SUBSTITUTE(_xlfn.TEXTBEFORE(_xlpm.authors,"&"),",","")),0), IF(NOT(_xlpm.hasAmp),"",IF(_xlpm.commasBeforeAmp>2,"etal",TRIM(_xlfn.TEXTBEFORE(_xlfn.TEXTAFTER(_xlpm.authors,"& "),",")))) ) -> etal | I27: =_xlfn.TEXTBEFORE(_xlfn.TEXTAFTER(A27, "("), ")") -> 2013 | J27: =_xlfn.LET( _xlpm.doi,IF(C27<>"",C27,_xlfn.TEXTAFTER(A27,"https://doi.org/")), SUBSTITUTE( SUBSTITUTE( SUBSTITUTE( SUBSTITUTE( _xlpm.doi, "/","%2F"), ":","%3A"), "<","%3C"), ">","%3E") ) -> 10.1016%2Fj.jhevol.2012.12.003 | K27: =TRIM(_xlfn.TEXTJOIN("_",FALSE(),F27,(SUBSTITUTE(SUBSTITUTE(D27," ",""), "_", "")))) -> Bauernfeind_etal_2013_Table2 | L27: =J27 & "_" & SUBSTITUTE(SUBSTITUTE(SUBSTITUTE(D27,CHAR(160),"")," ",""),"_","") -> 10.1016%2Fj.jhevol.2012.12.003_Table2 | M27: {=IFERROR(INDEX(AUTO_Public_TSV_FileList!$A$1:$A$1000,MATCH(TRUE(),EXACT(L27,IFERROR(_xlfn.TEXTBEFORE(AUTO_Public_TSV_FileList!$A$1:$A$1000,".tsv"),"")),0)),"notfound")} -> 10.1016%2Fj.jhevol.2012.12.003_Table2.tsv | P27: FINISHED | V27: table | Y27: Stephan, Sherwood | AF27: histological sections | AG27: volumetry | AI27: insular cortex volumes | AJ27: Primates | AK27: primary | AL27: primary | AM27: volume
A28: Bauernfeind, A. L., de Sousa, A. A., Avasthi, T., Dobson, S. D., Raghanti, M. A., Lewandowski, A. H., Zilles, K., Semendeferi, K., Allman, J. M., Craig, A. D., Hof, P. R., & Sherwood, C. C. (2013). A volumetric comparison of the insular cortex and its subregions in primates. J Hum Evol, 64(4), 263-279. https://doi.org/10.1016/j.jhevol.2012.12.003 | D28: Table 3 | E28: =RIGHT(A28,1) -> 3 | F28: =G28 & IF(H28<>"", "_" & H28, "_") & IF(I28<>"", "_" & I28, "_") & IF(B28<>"", "_" & B28, "") -> Bauernfeind_etal_2013 | G28: =SUBSTITUTE(SUBSTITUTE(_xlfn.TEXTBEFORE(A28,","), "-", ""), " ", "") -> Bauernfeind | H28: =_xlfn.LET( _xlpm.authors,_xlfn.TEXTBEFORE(A28," ("&I28&")"), _xlpm.hasAmp,ISNUMBER(SEARCH("&",_xlpm.authors)), _xlpm.commasBeforeAmp,IF(_xlpm.hasAmp,LEN(_xlfn.TEXTBEFORE(_xlpm.authors,"&"))-LEN(SUBSTITUTE(_xlfn.TEXTBEFORE(_xlpm.authors,"&"),",","")),0), IF(NOT(_xlpm.hasAmp),"",IF(_xlpm.commasBeforeAmp>2,"etal",TRIM(_xlfn.TEXTBEFORE(_xlfn.TEXTAFTER(_xlpm.authors,"& "),",")))) ) -> etal | I28: =_xlfn.TEXTBEFORE(_xlfn.TEXTAFTER(A28, "("), ")") -> 2013 | J28: =_xlfn.LET( _xlpm.doi,IF(C28<>"",C28,_xlfn.TEXTAFTER(A28,"https://doi.org/")), SUBSTITUTE( SUBSTITUTE( SUBSTITUTE( SUBSTITUTE( _xlpm.doi, "/","%2F"), ":","%3A"), "<","%3C"), ">","%3E") ) -> 10.1016%2Fj.jhevol.2012.12.003 | K28: =TRIM(_xlfn.TEXTJOIN("_",FALSE(),F28,(SUBSTITUTE(SUBSTITUTE(D28," ",""), "_", "")))) -> Bauernfeind_etal_2013_Table3 | L28: =J28 & "_" & SUBSTITUTE(SUBSTITUTE(SUBSTITUTE(D28,CHAR(160),"")," ",""),"_","") -> 10.1016%2Fj.jhevol.2012.12.003_Table3 | M28: {=IFERROR(INDEX(AUTO_Public_TSV_FileList!$A$1:$A$1000,MATCH(TRUE(),EXACT(L28,IFERROR(_xlfn.TEXTBEFORE(AUTO_Public_TSV_FileList!$A$1:$A$1000,".tsv"),"")),0)),"notfound")} -> 10.1016%2Fj.jhevol.2012.12.003_Table3.tsv | V28: table | Y28: Stephan, Sherwood | AF28: histological sections | AG28: volumetry | AI28: insular cortex volumes | AJ28: Primates | AK28: primary | AL28: primary | AM28: volume
A29: Bortoff, G. A., & Strick, P. L. (1993). Corticospinal terminations in two New-World primates: Further evidence that corticomotoneuronal connections provide part of the neural substrate for manual dexterity. The Journal of Neuroscience, 13(12), 5105–5118. https://doi.org/10.1523/JNEUROSCI.13-12-05105.1993 | D29: Table 1 | E29: =RIGHT(A29,1) -> 3 | F29: =G29 & IF(H29<>"", "_" & H29, "_") & IF(I29<>"", "_" & I29, "_") & IF(B29<>"", "_" & B29, "") -> Bortoff_Strick_1993 | G29: =SUBSTITUTE(SUBSTITUTE(_xlfn.TEXTBEFORE(A29,","), "-", ""), " ", "") -> Bortoff | H29: =_xlfn.LET( _xlpm.authors,_xlfn.TEXTBEFORE(A29," ("&I29&")"), _xlpm.hasAmp,ISNUMBER(SEARCH("&",_xlpm.authors)), _xlpm.commasBeforeAmp,IF(_xlpm.hasAmp,LEN(_xlfn.TEXTBEFORE(_xlpm.authors,"&"))-LEN(SUBSTITUTE(_xlfn.TEXTBEFORE(_xlpm.authors,"&"),",","")),0), IF(NOT(_xlpm.hasAmp),"",IF(_xlpm.commasBeforeAmp>2,"etal",TRIM(_xlfn.TEXTBEFORE(_xlfn.TEXTAFTER(_xlpm.authors,"& "),",")))) ) -> Strick | I29: =_xlfn.TEXTBEFORE(_xlfn.TEXTAFTER(A29, "("), ")") -> 1993 | J29: =_xlfn.LET( _xlpm.doi,IF(C29<>"",C29,_xlfn.TEXTAFTER(A29,"https://doi.org/")), SUBSTITUTE( SUBSTITUTE( SUBSTITUTE( SUBSTITUTE( _xlpm.doi, "/","%2F"), ":","%3A"), "<","%3C"), ">","%3E") ) -> 10.1523%2FJNEUROSCI.13-12-05105.1993 | K29: =TRIM(_xlfn.TEXTJOIN("_",FALSE(),F29,(SUBSTITUTE(SUBSTITUTE(D29," ",""), "_", "")))) -> Bortoff_Strick_1993_Table1 | L29: =J29 & "_" & SUBSTITUTE(SUBSTITUTE(SUBSTITUTE(D29,CHAR(160),"")," ",""),"_","") -> 10.1523%2FJNEUROSCI.13-12-05105.1993_Table1 | M29: {=IFERROR(INDEX(AUTO_Public_TSV_FileList!$A$1:$A$1000,MATCH(TRUE(),EXACT(L29,IFERROR(_xlfn.TEXTBEFORE(AUTO_Public_TSV_FileList!$A$1:$A$1000,".tsv"),"")),0)),"notfound")} -> 10.1523%2FJNEUROSCI.13-12-05105.1993_Table1.tsv | N29: Curated Table 1. Species-specific corticospinal termination extent and CM-connection inference | O29: Conservative curatorial compilation from Bortoff & Strick (1993) primary tract-tracing evidence. | P29: FINISHED | Q29: Europe PMC | R29: Bortoff_Strick_1993_Table1_snapshot.xlsx | S29: Y | T29: Bortoff_Strick_1993_Table1.csv | U29: pdf + curated snapshot | V29: table | W29: https://europepmc.org/articles/PMC6575756?pdf=render | X29: https://doi.org/10.1523/JNEUROSCI.13-12-05105.1993 | Y29: Bortoff/Strick | AA29: CST ventral-horn / lamina IX termination extent; CM-connection inference | AB29: Two New-World primate species. Grade 0–2 is coded only from explicit species-level terminal-field evidence. CM_monosynaptic remains blank because light microscopy cannot establish direct monosynaptic presence or absence; likely/against is retained separately as inference. Data role = PRIMARY: the WGA-HRP result is Bortoff & Strick’s own, only the 0–2 grading is curatorial (see reference_tables/..._definitions.csv, Method:coding). Keyed on the article DOI — the earlier COMPILATION:Corticospinal_terminations override was removed 2026-08-15; a second CST paper gets its own folder and is pooled in __merging_behaviour, not appended to this table. | AF29: two New-World primate species | AG29: WGA-HRP anterograde tract tracing from primary motor cortex | AH29: spinal cord / M1 output | AI29: corticospinal termination extent and corticomotoneuronal inference | AJ29: Primates | AK29: primary (own WGA-HRP tract tracing); ordinal grade is curated | AL29: primary | AM29: ordinal anatomical grade + qualitative inference
A30: Boyer, D. M., & Harrington, A. R. (2018). Scaling of bony canals for encephalic vessels in euarchontans: Implications for the role of the vertebral artery and brain metabolism. J Hum Evol, 114, 85-101. https://doi.org/10.1016/j.jhevol.2017.09.003 | D30: Table 1 | E30: =RIGHT(A30,1) -> 3 | F30: =G30 & IF(H30<>"", "_" & H30, "_") & IF(I30<>"", "_" & I30, "_") & IF(B30<>"", "_" & B30, "") -> Boyer_Harrington_2018 | G30: =SUBSTITUTE(SUBSTITUTE(_xlfn.TEXTBEFORE(A30,","), "-", ""), " ", "") -> Boyer | H30: =_xlfn.LET( _xlpm.authors,_xlfn.TEXTBEFORE(A30," ("&I30&")"), _xlpm.hasAmp,ISNUMBER(SEARCH("&",_xlpm.authors)), _xlpm.commasBeforeAmp,IF(_xlpm.hasAmp,LEN(_xlfn.TEXTBEFORE(_xlpm.authors,"&"))-LEN(SUBSTITUTE(_xlfn.TEXTBEFORE(_xlpm.authors,"&"),",","")),0), IF(NOT(_xlpm.hasAmp),"",IF(_xlpm.commasBeforeAmp>2,"etal",TRIM(_xlfn.TEXTBEFORE(_xlfn.TEXTAFTER(_xlpm.authors,"& "),",")))) ) -> Harrington | I30: =_xlfn.TEXTBEFORE(_xlfn.TEXTAFTER(A30, "("), ")") -> 2018 | J30: =_xlfn.LET( _xlpm.doi,IF(C30<>"",C30,_xlfn.TEXTAFTER(A30,"https://doi.org/")), SUBSTITUTE( SUBSTITUTE( SUBSTITUTE( SUBSTITUTE( _xlpm.doi, "/","%2F"), ":","%3A"), "<","%3C"), ">","%3E") ) -> 10.1016%2Fj.jhevol.2017.09.003 | K30: =TRIM(_xlfn.TEXTJOIN("_",FALSE(),F30,(SUBSTITUTE(SUBSTITUTE(D30," ",""), "_", "")))) -> Boyer_Harrington_2018_Table1 | L30: =J30 & "_" & SUBSTITUTE(SUBSTITUTE(SUBSTITUTE(D30,CHAR(160),"")," ",""),"_","") -> 10.1016%2Fj.jhevol.2017.09.003_Table1 | M30: {=IFERROR(INDEX(AUTO_Public_TSV_FileList!$A$1:$A$1000,MATCH(TRUE(),EXACT(L30,IFERROR(_xlfn.TEXTBEFORE(AUTO_Public_TSV_FileList!$A$1:$A$1000,".tsv"),"")),0)),"notfound")} -> 10.1016%2Fj.jhevol.2017.09.003_Table1.tsv | N30: Table 1 Taxon list and species mean values.
A31: Boyer, D. M., & Harrington, A. R. (2019). New estimates of blood flow rates in the vertebral artery of euarchontans and their implications for encephalic blood flow scaling: A response to Seymour and Snelling (2018). J Hum Evol, 128, 93-98. https://doi.org/10.1016/j.jhevol.2018.10.002 | D31: SOM Table S6 | E31: =RIGHT(A31,1) -> 2 | F31: =G31 & IF(H31<>"", "_" & H31, "_") & IF(I31<>"", "_" & I31, "_") & IF(B31<>"", "_" & B31, "") -> Boyer_Harrington_2019 | G31: =SUBSTITUTE(SUBSTITUTE(_xlfn.TEXTBEFORE(A31,","), "-", ""), " ", "") -> Boyer | H31: =_xlfn.LET( _xlpm.authors,_xlfn.TEXTBEFORE(A31," ("&I31&")"), _xlpm.hasAmp,ISNUMBER(SEARCH("&",_xlpm.authors)), _xlpm.commasBeforeAmp,IF(_xlpm.hasAmp,LEN(_xlfn.TEXTBEFORE(_xlpm.authors,"&"))-LEN(SUBSTITUTE(_xlfn.TEXTBEFORE(_xlpm.authors,"&"),",","")),0), IF(NOT(_xlpm.hasAmp),"",IF(_xlpm.commasBeforeAmp>2,"etal",TRIM(_xlfn.TEXTBEFORE(_xlfn.TEXTAFTER(_xlpm.authors,"& "),",")))) ) -> Harrington | I31: =_xlfn.TEXTBEFORE(_xlfn.TEXTAFTER(A31, "("), ")") -> 2019 | J31: =_xlfn.LET( _xlpm.doi,IF(C31<>"",C31,_xlfn.TEXTAFTER(A31,"https://doi.org/")), SUBSTITUTE( SUBSTITUTE( SUBSTITUTE( SUBSTITUTE( _xlpm.doi, "/","%2F"), ":","%3A"), "<","%3C"), ">","%3E") ) -> 10.1016%2Fj.jhevol.2018.10.002 | K31: =TRIM(_xlfn.TEXTJOIN("_",FALSE(),F31,(SUBSTITUTE(SUBSTITUTE(D31," ",""), "_", "")))) -> Boyer_Harrington_2019_SOMTableS6 | L31: =J31 & "_" & SUBSTITUTE(SUBSTITUTE(SUBSTITUTE(D31,CHAR(160),"")," ",""),"_","") -> 10.1016%2Fj.jhevol.2018.10.002_SOMTableS6 | M31: {=IFERROR(INDEX(AUTO_Public_TSV_FileList!$A$1:$A$1000,MATCH(TRUE(),EXACT(L31,IFERROR(_xlfn.TEXTBEFORE(AUTO_Public_TSV_FileList!$A$1:$A$1000,".tsv"),"")),0)),"notfound")} -> 10.1016%2Fj.jhevol.2018.10.002_SOMTableS6.tsv
A32: Brodmann, K. (1913). Neue Ergebnisse über die vergleichende histologische Lokalisation der Grosshirnrinde mit besonderer Berücksichtigung des Stirnhirns. Verhandlungen der Anatomischen Gesellschaft, 41, 157-216. | C32: OCLC:8777719 | D32: Table 1 | E32: =RIGHT(A32,1) -> . | F32: =G32 & IF(H32<>"", "_" & H32, "_") & IF(I32<>"", "_" & I32, "_") & IF(B32<>"", "_" & B32, "") -> Brodmann__1913 | G32: =SUBSTITUTE(SUBSTITUTE(_xlfn.TEXTBEFORE(A32,","), "-", ""), " ", "") -> Brodmann | H32: =_xlfn.LET( _xlpm.authors,_xlfn.TEXTBEFORE(A32," ("&I32&")"), _xlpm.hasAmp,ISNUMBER(SEARCH("&",_xlpm.authors)), _xlpm.commasBeforeAmp,IF(_xlpm.hasAmp,LEN(_xlfn.TEXTBEFORE(_xlpm.authors,"&"))-LEN(SUBSTITUTE(_xlfn.TEXTBEFORE(_xlpm.authors,"&"),",","")),0), IF(NOT(_xlpm.hasAmp),"",IF(_xlpm.commasBeforeAmp>2,"etal",TRIM(_xlfn.TEXTBEFORE(_xlfn.TEXTAFTER(_xlpm.authors,"& "),",")))) ) | I32: =_xlfn.TEXTBEFORE(_xlfn.TEXTAFTER(A32, "("), ")") -> 1913 | J32: =_xlfn.LET( _xlpm.doi,IF(C32<>"",C32,_xlfn.TEXTAFTER(A32,"https://doi.org/")), SUBSTITUTE( SUBSTITUTE( SUBSTITUTE( SUBSTITUTE( _xlpm.doi, "/","%2F"), ":","%3A"), "<","%3C"), ">","%3E") ) -> OCLC%3A8777719 | K32: =TRIM(_xlfn.TEXTJOIN("_",FALSE(),F32,(SUBSTITUTE(SUBSTITUTE(D32," ",""), "_", "")))) -> Brodmann__1913_Table1 | L32: =J32 & "_" & SUBSTITUTE(SUBSTITUTE(SUBSTITUTE(D32,CHAR(160),"")," ",""),"_","") -> OCLC%3A8777719_Table1 | M32: {=IFERROR(INDEX(AUTO_Public_TSV_FileList!$A$1:$A$1000,MATCH(TRUE(),EXACT(L32,IFERROR(_xlfn.TEXTBEFORE(AUTO_Public_TSV_FileList!$A$1:$A$1000,".tsv"),"")),0)),"notfound")} -> OCLC%3A8777719_Table1.tsv | N32: Tabelle 1. Gesamtrindenfläche, Furchenrinde und Hirngewicht bei verschiedenen Säugetieren | P32: FINISHED | AI32: total cortical surface area; sulcal cortex; brain weight | AJ32: Mammalia (all orders) | AK32: primary | AL32: primary | AM32: surface area (mm2) + mass (g)
A33: Brodmann, K. (1913). Neue Forschungsergebnisse der Großhirnrindenanatomie mit besonderer Berücksichtigung anthropologischer Fragen. Verhandlungen der Gesellschaft Deutscher Naturforscher und Ärzte, 85(1), 200-240 | C33: 10.0000/placeholder | D33: Tabelle 1 | E33: =RIGHT(A33,1) -> 0 | F33: =G33 & IF(H33<>"", "_" & H33, "_") & IF(I33<>"", "_" & I33, "_") & IF(B33<>"", "_" & B33, "") -> Brodmann__1913 | G33: =SUBSTITUTE(SUBSTITUTE(_xlfn.TEXTBEFORE(A33,","), "-", ""), " ", "") -> Brodmann | H33: =_xlfn.LET( _xlpm.authors,_xlfn.TEXTBEFORE(A33," ("&I33&")"), _xlpm.hasAmp,ISNUMBER(SEARCH("&",_xlpm.authors)), _xlpm.commasBeforeAmp,IF(_xlpm.hasAmp,LEN(_xlfn.TEXTBEFORE(_xlpm.authors,"&"))-LEN(SUBSTITUTE(_xlfn.TEXTBEFORE(_xlpm.authors,"&"),",","")),0), IF(NOT(_xlpm.hasAmp),"",IF(_xlpm.commasBeforeAmp>2,"etal",TRIM(_xlfn.TEXTBEFORE(_xlfn.TEXTAFTER(_xlpm.authors,"& "),",")))) ) | I33: =_xlfn.TEXTBEFORE(_xlfn.TEXTAFTER(A33, "("), ")") -> 1913 | J33: =_xlfn.LET( _xlpm.doi,IF(C33<>"",C33,_xlfn.TEXTAFTER(A33,"https://doi.org/")), SUBSTITUTE( SUBSTITUTE( SUBSTITUTE( SUBSTITUTE( _xlpm.doi, "/","%2F"), ":","%3A"), "<","%3C"), ">","%3E") ) -> 10.0000%2Fplaceholder | K33: =TRIM(_xlfn.TEXTJOIN("_",FALSE(),F33,(SUBSTITUTE(SUBSTITUTE(D33," ",""), "_", "")))) -> Brodmann__1913_Tabelle1 | L33: =J33 & "_" & SUBSTITUTE(SUBSTITUTE(SUBSTITUTE(D33,CHAR(160),"")," ",""),"_","") -> 10.0000%2Fplaceholder_Tabelle1 | M33: {=IFERROR(INDEX(AUTO_Public_TSV_FileList!$A$1:$A$1000,MATCH(TRUE(),EXACT(L33,IFERROR(_xlfn.TEXTBEFORE(AUTO_Public_TSV_FileList!$A$1:$A$1000,".tsv"),"")),0)),"notfound")} -> notfound | AI33: cortical surface area | AJ33: Mammals (various) | AL33: primary | AM33: cortical surface area
A34: Burger, J. R., George, M. A., Leadbetter, C., & Shaikh, F. (2019). The allometry of brain size in mammals. J Mammal, 100(2), 276-283. https://doi.org/10.1093/jmammal/gyz043 | D34: Supplementary Data SD1 | E34: =RIGHT(A34,1) -> 3 | F34: =G34 & IF(H34<>"", "_" & H34, "_") & IF(I34<>"", "_" & I34, "_") & IF(B34<>"", "_" & B34, "") -> Burger_etal_2019 | G34: =SUBSTITUTE(SUBSTITUTE(_xlfn.TEXTBEFORE(A34,","), "-", ""), " ", "") -> Burger | H34: =_xlfn.LET( _xlpm.authors,_xlfn.TEXTBEFORE(A34," ("&I34&")"), _xlpm.hasAmp,ISNUMBER(SEARCH("&",_xlpm.authors)), _xlpm.commasBeforeAmp,IF(_xlpm.hasAmp,LEN(_xlfn.TEXTBEFORE(_xlpm.authors,"&"))-LEN(SUBSTITUTE(_xlfn.TEXTBEFORE(_xlpm.authors,"&"),",","")),0), IF(NOT(_xlpm.hasAmp),"",IF(_xlpm.commasBeforeAmp>2,"etal",TRIM(_xlfn.TEXTBEFORE(_xlfn.TEXTAFTER(_xlpm.authors,"& "),",")))) ) -> etal | I34: =_xlfn.TEXTBEFORE(_xlfn.TEXTAFTER(A34, "("), ")") -> 2019 | J34: =_xlfn.LET( _xlpm.doi,IF(C34<>"",C34,_xlfn.TEXTAFTER(A34,"https://doi.org/")), SUBSTITUTE( SUBSTITUTE( SUBSTITUTE( SUBSTITUTE( _xlpm.doi, "/","%2F"), ":","%3A"), "<","%3C"), ">","%3E") ) -> 10.1093%2Fjmammal%2Fgyz043 | K34: =TRIM(_xlfn.TEXTJOIN("_",FALSE(),F34,(SUBSTITUTE(SUBSTITUTE(D34," ",""), "_", "")))) -> Burger_etal_2019_SupplementaryDataSD1 | L34: =J34 & "_" & SUBSTITUTE(SUBSTITUTE(SUBSTITUTE(D34,CHAR(160),"")," ",""),"_","") -> 10.1093%2Fjmammal%2Fgyz043_SupplementaryDataSD1 | M34: {=IFERROR(INDEX(AUTO_Public_TSV_FileList!$A$1:$A$1000,MATCH(TRUE(),EXACT(L34,IFERROR(_xlfn.TEXTBEFORE(AUTO_Public_TSV_FileList!$A$1:$A$1000,".tsv"),"")),0)),"notfound")} -> 10.1093%2Fjmammal%2Fgyz043_SupplementaryDataSD1.tsv | O34: Supplementary Data SD2 | P34: FINISHED | Q34: already there | R34: gyz043_suppl_Supplement_Data.csv | S34: N | T34: =IF(S34="N", R34, "write file name") -> gyz043_suppl_Supplement_Data.csv | U34: zipped csv | V34: table | W34: NO - the article link did not work in R, and goes to a zip | AB34: derived relative brain size data are problematic | AH34: mammals | AI34: Brain and body size | AJ34: Mammals | AK34: secondary | AL34: secondary | AM34: brain & body mass
A35: Burish, M. J., Peebles, J. K., Baldwin, M. K., Tavares, L., Kaas, J. H., & Herculano-Houzel, S. (2010). Cellular scaling rules for primate spinal cords. Brain Behav Evol, 76(1), 45-59. https://doi.org/10.1159/000319019 | D35: Supplementary Table 1 | E35: =RIGHT(A35,1) -> 9 | F35: =G35 & IF(H35<>"", "_" & H35, "_") & IF(I35<>"", "_" & I35, "_") & IF(B35<>"", "_" & B35, "") -> Burish_etal_2010 | G35: =SUBSTITUTE(SUBSTITUTE(_xlfn.TEXTBEFORE(A35,","), "-", ""), " ", "") -> Burish | H35: =_xlfn.LET( _xlpm.authors,_xlfn.TEXTBEFORE(A35," ("&I35&")"), _xlpm.hasAmp,ISNUMBER(SEARCH("&",_xlpm.authors)), _xlpm.commasBeforeAmp,IF(_xlpm.hasAmp,LEN(_xlfn.TEXTBEFORE(_xlpm.authors,"&"))-LEN(SUBSTITUTE(_xlfn.TEXTBEFORE(_xlpm.authors,"&"),",","")),0), IF(NOT(_xlpm.hasAmp),"",IF(_xlpm.commasBeforeAmp>2,"etal",TRIM(_xlfn.TEXTBEFORE(_xlfn.TEXTAFTER(_xlpm.authors,"& "),",")))) ) -> etal | I35: =_xlfn.TEXTBEFORE(_xlfn.TEXTAFTER(A35, "("), ")") -> 2010 | J35: =_xlfn.LET( _xlpm.doi,IF(C35<>"",C35,_xlfn.TEXTAFTER(A35,"https://doi.org/")), SUBSTITUTE( SUBSTITUTE( SUBSTITUTE( SUBSTITUTE( _xlpm.doi, "/","%2F"), ":","%3A"), "<","%3C"), ">","%3E") ) -> 10.1159%2F000319019 | K35: =TRIM(_xlfn.TEXTJOIN("_",FALSE(),F35,(SUBSTITUTE(SUBSTITUTE(D35," ",""), "_", "")))) -> Burish_etal_2010_SupplementaryTable1 | L35: =J35 & "_" & SUBSTITUTE(SUBSTITUTE(SUBSTITUTE(D35,CHAR(160),"")," ",""),"_","") -> 10.1159%2F000319019_SupplementaryTable1 | M35: {=IFERROR(INDEX(AUTO_Public_TSV_FileList!$A$1:$A$1000,MATCH(TRUE(),EXACT(L35,IFERROR(_xlfn.TEXTBEFORE(AUTO_Public_TSV_FileList!$A$1:$A$1000,".tsv"),"")),0)),"notfound")} -> 10.1159%2F000319019_SupplementaryTable1.tsv | N35: Supplementary Table 1: Dataset of individual spinal cord measurements | P35: Species - binomials need to be added | R35: Burish_etal_2010_SupplementaryTable1_snapshot.csv | Y35: HH | Z35: HH | AA35: number spinal cord neurons | AG35: isotropic fractionator | AH35: primates and tree shrew | AJ35: Primates (+ other mammals) | AK35: primary (individual) | AL35: review | AM35: review
A36: Burish, M. J., Peebles, J. K., Baldwin, M. K., Tavares, L., Kaas, J. H., & Herculano-Houzel, S. (2010). Cellular scaling rules for primate spinal cords. Brain Behav Evol, 76(1), 45-59. https://doi.org/10.1159/000319019 | D36: Table 1 | E36: =RIGHT(A36,1) -> 9 | F36: =G36 & IF(H36<>"", "_" & H36, "_") & IF(I36<>"", "_" & I36, "_") & IF(B36<>"", "_" & B36, "") -> Burish_etal_2010 | G36: =SUBSTITUTE(SUBSTITUTE(_xlfn.TEXTBEFORE(A36,","), "-", ""), " ", "") -> Burish | H36: =_xlfn.LET( _xlpm.authors,_xlfn.TEXTBEFORE(A36," ("&I36&")"), _xlpm.hasAmp,ISNUMBER(SEARCH("&",_xlpm.authors)), _xlpm.commasBeforeAmp,IF(_xlpm.hasAmp,LEN(_xlfn.TEXTBEFORE(_xlpm.authors,"&"))-LEN(SUBSTITUTE(_xlfn.TEXTBEFORE(_xlpm.authors,"&"),",","")),0), IF(NOT(_xlpm.hasAmp),"",IF(_xlpm.commasBeforeAmp>2,"etal",TRIM(_xlfn.TEXTBEFORE(_xlfn.TEXTAFTER(_xlpm.authors,"& "),",")))) ) -> etal | I36: =_xlfn.TEXTBEFORE(_xlfn.TEXTAFTER(A36, "("), ")") -> 2010 | J36: =_xlfn.LET( _xlpm.doi,IF(C36<>"",C36,_xlfn.TEXTAFTER(A36,"https://doi.org/")), SUBSTITUTE( SUBSTITUTE( SUBSTITUTE( SUBSTITUTE( _xlpm.doi, "/","%2F"), ":","%3A"), "<","%3C"), ">","%3E") ) -> 10.1159%2F000319019 | K36: =TRIM(_xlfn.TEXTJOIN("_",FALSE(),F36,(SUBSTITUTE(SUBSTITUTE(D36," ",""), "_", "")))) -> Burish_etal_2010_Table1 | L36: =J36 & "_" & SUBSTITUTE(SUBSTITUTE(SUBSTITUTE(D36,CHAR(160),"")," ",""),"_","") -> 10.1159%2F000319019_Table1 | M36: {=IFERROR(INDEX(AUTO_Public_TSV_FileList!$A$1:$A$1000,MATCH(TRUE(),EXACT(L36,IFERROR(_xlfn.TEXTBEFORE(AUTO_Public_TSV_FileList!$A$1:$A$1000,".tsv"),"")),0)),"notfound")} -> 10.1159%2F000319019_Table1.tsv | N36: Table 1. Cellular composition of the spinal cord | P36: FINISHED | Q36: added | R36: Burish_etal_2010_Table1_snapshot.csv | T36: Burish_etal_2010_Table1.csv | U36: pdf | V36: table | X36: https://doi.org/10.1159/000319019 | Y36: HH | Z36: HH | AA36: number spinal cord neurons | AC36: species-name-error: species-name typo corrected from paper text (in .R script). | AG36: isotropic fractionator | AH36: primates and tree shrew | AJ36: Primates (+ other mammals) | AK36: primary (averages) | AL36: review | AM36: review
A37: Bush, E. C., & Allman, J. M. (2003). The scaling of white matter to gray matter in cerebellum and neocortex. Brain Behav Evol, 61(1), 1-5. https://doi.org/10.1159/000068880 | D37: Table 1 | E37: =RIGHT(A37,1) -> 0 | F37: =G37 & IF(H37<>"", "_" & H37, "_") & IF(I37<>"", "_" & I37, "_") & IF(B37<>"", "_" & B37, "") -> Bush_Allman_2003 | G37: =SUBSTITUTE(SUBSTITUTE(_xlfn.TEXTBEFORE(A37,","), "-", ""), " ", "") -> Bush | H37: =_xlfn.LET( _xlpm.authors,_xlfn.TEXTBEFORE(A37," ("&I37&")"), _xlpm.hasAmp,ISNUMBER(SEARCH("&",_xlpm.authors)), _xlpm.commasBeforeAmp,IF(_xlpm.hasAmp,LEN(_xlfn.TEXTBEFORE(_xlpm.authors,"&"))-LEN(SUBSTITUTE(_xlfn.TEXTBEFORE(_xlpm.authors,"&"),",","")),0), IF(NOT(_xlpm.hasAmp),"",IF(_xlpm.commasBeforeAmp>2,"etal",TRIM(_xlfn.TEXTBEFORE(_xlfn.TEXTAFTER(_xlpm.authors,"& "),",")))) ) -> Allman | I37: =_xlfn.TEXTBEFORE(_xlfn.TEXTAFTER(A37, "("), ")") -> 2003 | J37: =_xlfn.LET( _xlpm.doi,IF(C37<>"",C37,_xlfn.TEXTAFTER(A37,"https://doi.org/")), SUBSTITUTE( SUBSTITUTE( SUBSTITUTE( SUBSTITUTE( _xlpm.doi, "/","%2F"), ":","%3A"), "<","%3C"), ">","%3E") ) -> 10.1159%2F000068880 | K37: =TRIM(_xlfn.TEXTJOIN("_",FALSE(),F37,(SUBSTITUTE(SUBSTITUTE(D37," ",""), "_", "")))) -> Bush_Allman_2003_Table1 | L37: =J37 & "_" & SUBSTITUTE(SUBSTITUTE(SUBSTITUTE(D37,CHAR(160),"")," ",""),"_","") -> 10.1159%2F000068880_Table1 | M37: {=IFERROR(INDEX(AUTO_Public_TSV_FileList!$A$1:$A$1000,MATCH(TRUE(),EXACT(L37,IFERROR(_xlfn.TEXTBEFORE(AUTO_Public_TSV_FileList!$A$1:$A$1000,".tsv"),"")),0)),"notfound")} -> 10.1159%2F000068880_Table1.tsv | N37: Table 2. Major axis regression slopes and 95% confidence intervals | P37: not extracted (regression statistics, not species trait data) | Y37: Allman | Z37: AFIP
A38: Bush, E. C., & Allman, J. M. (2004). The scaling of frontal cortex in primates and carnivores. Proc Natl Acad Sci U S A, 101(11), 3962-3966. https://doi.org/10.1073/pnas.0305760101 | B38: a | D38: Table 2 | E38: =RIGHT(A38,1) -> 1 | F38: =G38 & IF(H38<>"", "_" & H38, "_") & IF(I38<>"", "_" & I38, "_") & IF(B38<>"", "_" & B38, "") -> Bush_Allman_2004_a | G38: =SUBSTITUTE(SUBSTITUTE(_xlfn.TEXTBEFORE(A38,","), "-", ""), " ", "") -> Bush | H38: =_xlfn.LET( _xlpm.authors,_xlfn.TEXTBEFORE(A38," ("&I38&")"), _xlpm.hasAmp,ISNUMBER(SEARCH("&",_xlpm.authors)), _xlpm.commasBeforeAmp,IF(_xlpm.hasAmp,LEN(_xlfn.TEXTBEFORE(_xlpm.authors,"&"))-LEN(SUBSTITUTE(_xlfn.TEXTBEFORE(_xlpm.authors,"&"),",","")),0), IF(NOT(_xlpm.hasAmp),"",IF(_xlpm.commasBeforeAmp>2,"etal",TRIM(_xlfn.TEXTBEFORE(_xlfn.TEXTAFTER(_xlpm.authors,"& "),",")))) ) -> Allman | I38: =_xlfn.TEXTBEFORE(_xlfn.TEXTAFTER(A38, "("), ")") -> 2004 | J38: =_xlfn.LET( _xlpm.doi,IF(C38<>"",C38,_xlfn.TEXTAFTER(A38,"https://doi.org/")), SUBSTITUTE( SUBSTITUTE( SUBSTITUTE( SUBSTITUTE( _xlpm.doi, "/","%2F"), ":","%3A"), "<","%3C"), ">","%3E") ) -> 10.1073%2Fpnas.0305760101 | K38: =TRIM(_xlfn.TEXTJOIN("_",FALSE(),F38,(SUBSTITUTE(SUBSTITUTE(D38," ",""), "_", "")))) -> Bush_Allman_2004_a_Table2 | L38: =J38 & "_" & SUBSTITUTE(SUBSTITUTE(SUBSTITUTE(D38,CHAR(160),"")," ",""),"_","") -> 10.1073%2Fpnas.0305760101_Table2 | M38: {=IFERROR(INDEX(AUTO_Public_TSV_FileList!$A$1:$A$1000,MATCH(TRUE(),EXACT(L38,IFERROR(_xlfn.TEXTBEFORE(AUTO_Public_TSV_FileList!$A$1:$A$1000,".tsv"),"")),0)),"notfound")} -> 10.1073%2Fpnas.0305760101_Table2.tsv | N38: Table 1. White matter and gray matter volumes (cm3) for neocortex and cerebellum for 45 mammals | P38: Data readable | R38: Bush_Allman_2003_Table1_snapshot.csv | S38: Y | T38: Bush_Allman_2003_Table1.csv | U38: pdf | V38: table | Y38: Allman | Z38: AFIP | AF38: histological sections | AG38: volumetry | AH38: mammals (incl. primates) | AI38: neocortex & cerebellum grey/white volumes | AK38: primary
A39: Bush, E. C., & Allman, J. M. (2004). Three-dimensional structure and evolution of primate primary visual cortex. Anat Rec (Hoboken), 281(1), 1088-1094. https://doi.org/10.1002/ar.a.20114 | B39: b | D39: TABLE 1 | E39: =RIGHT(A39,1) -> 4 | F39: =G39 & IF(H39<>"", "_" & H39, "_") & IF(I39<>"", "_" & I39, "_") & IF(B39<>"", "_" & B39, "") -> Bush_Allman_2004_b | G39: =SUBSTITUTE(SUBSTITUTE(_xlfn.TEXTBEFORE(A39,","), "-", ""), " ", "") -> Bush | H39: =_xlfn.LET( _xlpm.authors,_xlfn.TEXTBEFORE(A39," ("&I39&")"), _xlpm.hasAmp,ISNUMBER(SEARCH("&",_xlpm.authors)), _xlpm.commasBeforeAmp,IF(_xlpm.hasAmp,LEN(_xlfn.TEXTBEFORE(_xlpm.authors,"&"))-LEN(SUBSTITUTE(_xlfn.TEXTBEFORE(_xlpm.authors,"&"),",","")),0), IF(NOT(_xlpm.hasAmp),"",IF(_xlpm.commasBeforeAmp>2,"etal",TRIM(_xlfn.TEXTBEFORE(_xlfn.TEXTAFTER(_xlpm.authors,"& "),",")))) ) -> Allman | I39: =_xlfn.TEXTBEFORE(_xlfn.TEXTAFTER(A39, "("), ")") -> 2004 | J39: =_xlfn.LET( _xlpm.doi,IF(C39<>"",C39,_xlfn.TEXTAFTER(A39,"https://doi.org/")), SUBSTITUTE( SUBSTITUTE( SUBSTITUTE( SUBSTITUTE( _xlpm.doi, "/","%2F"), ":","%3A"), "<","%3C"), ">","%3E") ) -> 10.1002%2Far.a.20114 | K39: =TRIM(_xlfn.TEXTJOIN("_",FALSE(),F39,(SUBSTITUTE(SUBSTITUTE(D39," ",""), "_", "")))) -> Bush_Allman_2004_b_TABLE1 | L39: =J39 & "_" & SUBSTITUTE(SUBSTITUTE(SUBSTITUTE(D39,CHAR(160),"")," ",""),"_","") -> 10.1002%2Far.a.20114_TABLE1 | M39: {=IFERROR(INDEX(AUTO_Public_TSV_FileList!$A$1:$A$1000,MATCH(TRUE(),EXACT(L39,IFERROR(_xlfn.TEXTBEFORE(AUTO_Public_TSV_FileList!$A$1:$A$1000,".tsv"),"")),0)),"notfound")} -> 10.1002%2Far.a.20114_TABLE1.tsv | N39: Table 1. Measurements in V1 and the rest of the brain for a sample of primates | P39: Data readable | R39: Bush_Allman_2004_Table1_snapshot.csv | S39: Y | T39: Bush_Allman_2004_Table1.csv | U39: pdf | V39: table | Y39: Allman | Z39: AFIP | AF39: histological sections | AG39: volumetry/stereology | AH39: primates | AI39: V1 grey, LGN, V1 surface, neocortex GM/WM | AK39: primary
A40: Capellini, I., Barton, R. A., McNamara, P., Preston, B. T., & Nunn, C. L. (2008). Phylogenetic analysis of the ecology and evolution of mammalian sleep. Evolution, 62(7), 1764-1776. https://doi.org/10.1111/j.1558-5646.2008.00392.x | D40: sleep-data_Female | E40: =RIGHT(A40,1) -> x | F40: =G40 & IF(H40<>"", "_" & H40, "_") & IF(I40<>"", "_" & I40, "_") & IF(B40<>"", "_" & B40, "") -> Capellini_etal_2008 | G40: =SUBSTITUTE(SUBSTITUTE(_xlfn.TEXTBEFORE(A40,","), "-", ""), " ", "") -> Capellini | H40: =_xlfn.LET( _xlpm.authors,_xlfn.TEXTBEFORE(A40," ("&I40&")"), _xlpm.hasAmp,ISNUMBER(SEARCH("&",_xlpm.authors)), _xlpm.commasBeforeAmp,IF(_xlpm.hasAmp,LEN(_xlfn.TEXTBEFORE(_xlpm.authors,"&"))-LEN(SUBSTITUTE(_xlfn.TEXTBEFORE(_xlpm.authors,"&"),",","")),0), IF(NOT(_xlpm.hasAmp),"",IF(_xlpm.commasBeforeAmp>2,"etal",TRIM(_xlfn.TEXTBEFORE(_xlfn.TEXTAFTER(_xlpm.authors,"& "),",")))) ) -> etal | I40: =_xlfn.TEXTBEFORE(_xlfn.TEXTAFTER(A40, "("), ")") -> 2008 | J40: =_xlfn.LET( _xlpm.doi,IF(C40<>"",C40,_xlfn.TEXTAFTER(A40,"https://doi.org/")), SUBSTITUTE( SUBSTITUTE( SUBSTITUTE( SUBSTITUTE( _xlpm.doi, "/","%2F"), ":","%3A"), "<","%3C"), ">","%3E") ) -> 10.1111%2Fj.1558-5646.2008.00392.x | K40: =TRIM(_xlfn.TEXTJOIN("_",FALSE(),F40,(SUBSTITUTE(SUBSTITUTE(D40," ",""), "_", "")))) -> Capellini_etal_2008_sleep-dataFemale | L40: =J40 & "_" & SUBSTITUTE(SUBSTITUTE(SUBSTITUTE(D40,CHAR(160),"")," ",""),"_","") -> 10.1111%2Fj.1558-5646.2008.00392.x_sleep-dataFemale | M40: {=IFERROR(INDEX(AUTO_Public_TSV_FileList!$A$1:$A$1000,MATCH(TRUE(),EXACT(L40,IFERROR(_xlfn.TEXTBEFORE(AUTO_Public_TSV_FileList!$A$1:$A$1000,".tsv"),"")),0)),"notfound")} -> 10.1111%2Fj.1558-5646.2008.00392.x_sleep-dataFemale.tsv | O40: all data downloaded from database cited in paper with search term Sex = Female | P40: FINISHED | R40: none - digital-native (sleep-data_Female.csv IS the frozen source) | T40: Capellini_etal_2008_sleep-dataFemale.csv | U40: csv | V40: table | Y40: Capellini | AB40: one row per primary study x species x sex class, not per species - aggregate at the merge. Citation-dependent with HerculanoHouzel__2015_Table1 for daily sleep (both descend from Zepelin / Campbell & Tobler) - resolve, never average. | AI40: sleep (total sleep time, REM, NREM) | AJ40: Mammals | AK40: secondary compilation | AL40: secondary | AM40: sleep (h/day, REM %)
A41: Capellini, I., Barton, R. A., McNamara, P., Preston, B. T., & Nunn, C. L. (2008). Phylogenetic analysis of the ecology and evolution of mammalian sleep. Evolution, 62(7), 1764-1776. https://doi.org/10.1111/j.1558-5646.2008.00392.x | D41: sleep-data_Male | E41: =RIGHT(A41,1) -> x | F41: =G41 & IF(H41<>"", "_" & H41, "_") & IF(I41<>"", "_" & I41, "_") & IF(B41<>"", "_" & B41, "") -> Capellini_etal_2008 | G41: =SUBSTITUTE(SUBSTITUTE(_xlfn.TEXTBEFORE(A41,","), "-", ""), " ", "") -> Capellini | H41: =_xlfn.LET( _xlpm.authors,_xlfn.TEXTBEFORE(A41," ("&I41&")"), _xlpm.hasAmp,ISNUMBER(SEARCH("&",_xlpm.authors)), _xlpm.commasBeforeAmp,IF(_xlpm.hasAmp,LEN(_xlfn.TEXTBEFORE(_xlpm.authors,"&"))-LEN(SUBSTITUTE(_xlfn.TEXTBEFORE(_xlpm.authors,"&"),",","")),0), IF(NOT(_xlpm.hasAmp),"",IF(_xlpm.commasBeforeAmp>2,"etal",TRIM(_xlfn.TEXTBEFORE(_xlfn.TEXTAFTER(_xlpm.authors,"& "),",")))) ) -> etal | I41: =_xlfn.TEXTBEFORE(_xlfn.TEXTAFTER(A41, "("), ")") -> 2008 | J41: =_xlfn.LET( _xlpm.doi,IF(C41<>"",C41,_xlfn.TEXTAFTER(A41,"https://doi.org/")), SUBSTITUTE( SUBSTITUTE( SUBSTITUTE( SUBSTITUTE( _xlpm.doi, "/","%2F"), ":","%3A"), "<","%3C"), ">","%3E") ) -> 10.1111%2Fj.1558-5646.2008.00392.x | K41: =TRIM(_xlfn.TEXTJOIN("_",FALSE(),F41,(SUBSTITUTE(SUBSTITUTE(D41," ",""), "_", "")))) -> Capellini_etal_2008_sleep-dataMale | L41: =J41 & "_" & SUBSTITUTE(SUBSTITUTE(SUBSTITUTE(D41,CHAR(160),"")," ",""),"_","") -> 10.1111%2Fj.1558-5646.2008.00392.x_sleep-dataMale | M41: {=IFERROR(INDEX(AUTO_Public_TSV_FileList!$A$1:$A$1000,MATCH(TRUE(),EXACT(L41,IFERROR(_xlfn.TEXTBEFORE(AUTO_Public_TSV_FileList!$A$1:$A$1000,".tsv"),"")),0)),"notfound")} -> 10.1111%2Fj.1558-5646.2008.00392.x_sleep-dataMale.tsv | O41: all data downloaded from database cited in paper with search term Sex = Male | P41: FINISHED | R41: none - digital-native (sleep-data_Male.csv IS the frozen source) | T41: Capellini_etal_2008_sleep-dataMale.csv | U41: csv | V41: table | Y41: Capellini | AB41: one row per primary study x species x sex class, not per species - aggregate at the merge. Citation-dependent with HerculanoHouzel__2015_Table1 for daily sleep (both descend from Zepelin / Campbell & Tobler) - resolve, never average. | AI41: sleep (total sleep time, REM, NREM) | AJ41: Mammals | AK41: secondary compilation | AL41: secondary | AM41: sleep (h/day, REM %)
A42: Capellini, I., Barton, R. A., McNamara, P., Preston, B. T., & Nunn, C. L. (2008). Phylogenetic analysis of the ecology and evolution of mammalian sleep. Evolution, 62(7), 1764-1776. https://doi.org/10.1111/j.1558-5646.2008.00392.x | D42: sleep-data_Mixed | E42: =RIGHT(A42,1) -> x | F42: =G42 & IF(H42<>"", "_" & H42, "_") & IF(I42<>"", "_" & I42, "_") & IF(B42<>"", "_" & B42, "") -> Capellini_etal_2008 | G42: =SUBSTITUTE(SUBSTITUTE(_xlfn.TEXTBEFORE(A42,","), "-", ""), " ", "") -> Capellini | H42: =_xlfn.LET( _xlpm.authors,_xlfn.TEXTBEFORE(A42," ("&I42&")"), _xlpm.hasAmp,ISNUMBER(SEARCH("&",_xlpm.authors)), _xlpm.commasBeforeAmp,IF(_xlpm.hasAmp,LEN(_xlfn.TEXTBEFORE(_xlpm.authors,"&"))-LEN(SUBSTITUTE(_xlfn.TEXTBEFORE(_xlpm.authors,"&"),",","")),0), IF(NOT(_xlpm.hasAmp),"",IF(_xlpm.commasBeforeAmp>2,"etal",TRIM(_xlfn.TEXTBEFORE(_xlfn.TEXTAFTER(_xlpm.authors,"& "),",")))) ) -> etal | I42: =_xlfn.TEXTBEFORE(_xlfn.TEXTAFTER(A42, "("), ")") -> 2008 | J42: =_xlfn.LET( _xlpm.doi,IF(C42<>"",C42,_xlfn.TEXTAFTER(A42,"https://doi.org/")), SUBSTITUTE( SUBSTITUTE( SUBSTITUTE( SUBSTITUTE( _xlpm.doi, "/","%2F"), ":","%3A"), "<","%3C"), ">","%3E") ) -> 10.1111%2Fj.1558-5646.2008.00392.x | K42: =TRIM(_xlfn.TEXTJOIN("_",FALSE(),F42,(SUBSTITUTE(SUBSTITUTE(D42," ",""), "_", "")))) -> Capellini_etal_2008_sleep-dataMixed | L42: =J42 & "_" & SUBSTITUTE(SUBSTITUTE(SUBSTITUTE(D42,CHAR(160),"")," ",""),"_","") -> 10.1111%2Fj.1558-5646.2008.00392.x_sleep-dataMixed | M42: {=IFERROR(INDEX(AUTO_Public_TSV_FileList!$A$1:$A$1000,MATCH(TRUE(),EXACT(L42,IFERROR(_xlfn.TEXTBEFORE(AUTO_Public_TSV_FileList!$A$1:$A$1000,".tsv"),"")),0)),"notfound")} -> 10.1111%2Fj.1558-5646.2008.00392.x_sleep-dataMixed.tsv | O42: all data downloaded from database cited in paper with search term Sex = Mixed | P42: FINISHED | R42: none - digital-native (sleep-data_Mixed.csv IS the frozen source) | T42: Capellini_etal_2008_sleep-dataMixed.csv | U42: csv | V42: table | Y42: Capellini | AB42: one row per primary study x species x sex class, not per species - aggregate at the merge. Citation-dependent with HerculanoHouzel__2015_Table1 for daily sleep (both descend from Zepelin / Campbell & Tobler) - resolve, never average. | AI42: sleep (total sleep time, REM, NREM) | AJ42: Mammals | AK42: secondary compilation | AL42: secondary | AM42: sleep (h/day, REM %)
A43: Caspar, K. R., Pallasdies, F., Mader, L., Sartorelli, H., & Begall, S. (2022). The evolution and biological correlates of hand preferences in anthropoid primates. Elife, 11, e77875. https://doi.org/10.7554/eLife.77875 | D43: Supplementary file 3 | E43: =RIGHT(A43,1) -> 5 | F43: =G43 & IF(H43<>"", "_" & H43, "_") & IF(I43<>"", "_" & I43, "_") & IF(B43<>"", "_" & B43, "") -> Caspar_etal_2022 | G43: =SUBSTITUTE(SUBSTITUTE(_xlfn.TEXTBEFORE(A43,","), "-", ""), " ", "") -> Caspar | H43: =_xlfn.LET( _xlpm.authors,_xlfn.TEXTBEFORE(A43," ("&I43&")"), _xlpm.hasAmp,ISNUMBER(SEARCH("&",_xlpm.authors)), _xlpm.commasBeforeAmp,IF(_xlpm.hasAmp,LEN(_xlfn.TEXTBEFORE(_xlpm.authors,"&"))-LEN(SUBSTITUTE(_xlfn.TEXTBEFORE(_xlpm.authors,"&"),",","")),0), IF(NOT(_xlpm.hasAmp),"",IF(_xlpm.commasBeforeAmp>2,"etal",TRIM(_xlfn.TEXTBEFORE(_xlfn.TEXTAFTER(_xlpm.authors,"& "),",")))) ) -> etal | I43: =_xlfn.TEXTBEFORE(_xlfn.TEXTAFTER(A43, "("), ")") -> 2022 | J43: =_xlfn.LET( _xlpm.doi,IF(C43<>"",C43,_xlfn.TEXTAFTER(A43,"https://doi.org/")), SUBSTITUTE( SUBSTITUTE( SUBSTITUTE( SUBSTITUTE( _xlpm.doi, "/","%2F"), ":","%3A"), "<","%3C"), ">","%3E") ) -> 10.7554%2FeLife.77875 | K43: =TRIM(_xlfn.TEXTJOIN("_",FALSE(),F43,(SUBSTITUTE(SUBSTITUTE(D43," ",""), "_", "")))) -> Caspar_etal_2022_Supplementaryfile3 | L43: =J43 & "_" & SUBSTITUTE(SUBSTITUTE(SUBSTITUTE(D43,CHAR(160),"")," ",""),"_","") -> 10.7554%2FeLife.77875_Supplementaryfile3 | M43: {=IFERROR(INDEX(AUTO_Public_TSV_FileList!$A$1:$A$1000,MATCH(TRUE(),EXACT(L43,IFERROR(_xlfn.TEXTBEFORE(AUTO_Public_TSV_FileList!$A$1:$A$1000,".tsv"),"")),0)),"notfound")} -> 10.7554%2FeLife.77875_Supplementaryfile3.tsv | N43: part 2: ecological table | P43: FINISHED | Q43: added | R43: elife-77875-supp3-v1.xlsx | S43: N | T43: =IF(S43="N", R43, "write file name") -> elife-77875-supp3-v1.xlsx | U43: xlsx | V43: table | W43: YES - download link | X43: https://cdn.elifesciences.org/articles/77875/elife-77875-supp3-v1.xlsx | AH43: primates | AI43: Habitual Tool Use, Ecology, Female brain size | AJ43: Primates | AK43: secondary | AL43: secondary | AM43: behavioural (handedness, tool use, ecology)
A44: Caspar, K. R., Pallasdies, F., Mader, L., Sartorelli, H., & Begall, S. (2022). The evolution and biological correlates of hand preferences in anthropoid primates. Elife, 11, e77875. https://doi.org/10.7554/eLife.77875 | D44: Table 1 | E44: =RIGHT(A44,1) -> 5 | F44: =G44 & IF(H44<>"", "_" & H44, "_") & IF(I44<>"", "_" & I44, "_") & IF(B44<>"", "_" & B44, "") -> Caspar_etal_2022 | G44: =SUBSTITUTE(SUBSTITUTE(_xlfn.TEXTBEFORE(A44,","), "-", ""), " ", "") -> Caspar | H44: =_xlfn.LET( _xlpm.authors,_xlfn.TEXTBEFORE(A44," ("&I44&")"), _xlpm.hasAmp,ISNUMBER(SEARCH("&",_xlpm.authors)), _xlpm.commasBeforeAmp,IF(_xlpm.hasAmp,LEN(_xlfn.TEXTBEFORE(_xlpm.authors,"&"))-LEN(SUBSTITUTE(_xlfn.TEXTBEFORE(_xlpm.authors,"&"),",","")),0), IF(NOT(_xlpm.hasAmp),"",IF(_xlpm.commasBeforeAmp>2,"etal",TRIM(_xlfn.TEXTBEFORE(_xlfn.TEXTAFTER(_xlpm.authors,"& "),",")))) ) -> etal | I44: =_xlfn.TEXTBEFORE(_xlfn.TEXTAFTER(A44, "("), ")") -> 2022 | J44: =_xlfn.LET( _xlpm.doi,IF(C44<>"",C44,_xlfn.TEXTAFTER(A44,"https://doi.org/")), SUBSTITUTE( SUBSTITUTE( SUBSTITUTE( SUBSTITUTE( _xlpm.doi, "/","%2F"), ":","%3A"), "<","%3C"), ">","%3E") ) -> 10.7554%2FeLife.77875 | K44: =TRIM(_xlfn.TEXTJOIN("_",FALSE(),F44,(SUBSTITUTE(SUBSTITUTE(D44," ",""), "_", "")))) -> Caspar_etal_2022_Table1 | L44: =J44 & "_" & SUBSTITUTE(SUBSTITUTE(SUBSTITUTE(D44,CHAR(160),"")," ",""),"_","") -> 10.7554%2FeLife.77875_Table1 | M44: {=IFERROR(INDEX(AUTO_Public_TSV_FileList!$A$1:$A$1000,MATCH(TRUE(),EXACT(L44,IFERROR(_xlfn.TEXTBEFORE(AUTO_Public_TSV_FileList!$A$1:$A$1000,".tsv"),"")),0)),"notfound")} -> 10.7554%2FeLife.77875_Table1.tsv | N44: part 1: handedness summary table | P44: FINISHED | Q44: added | R44: Caspar_etal_2022_Table1_snapshot.xlsx | S44: Y | T44: Caspar_etal_2022_Table1.csv | U44: pdf | V44: table | W44: YES - but formatting issues | X44: https://elifesciences.org/download/aHR0cHM6Ly9jZG4uZWxpZmVzY2llbmNlcy5vcmcvYXJ0aWNsZXMvNzc4NzUvZWxpZmUtNzc4NzUtdjEucGRmP2Nhbm9uaWNhbFVyaT1odHRwczovL2VsaWZlc2NpZW5jZXMub3JnL2FydGljbGVzLzc3ODc1/elife-77875-v1.pdf?_hash=NStjcL9fTlmy3AQDwSiM0YgMVB3UYjO8nDg0UbwN5gM%3D | AB44: perhaps useful to get raw data as well? | AH44: primates | AI44: Handedness derived data | AJ44: Primates | AK44: derived from primary | AL44: secondary | AM44: behavioural (handedness)
A45: Caves, E. M., Brandley, N. C., & Johnsen, S. (2018). Visual Acuity and the Evolution of Signals. Trends Ecol Evol, 33(5), 358-372. https://doi.org/10.1016/j.tree.2018.03.001 | D45: Table S1 | E45: =RIGHT(A45,1) -> 1 | F45: =G45 & IF(H45<>"", "_" & H45, "_") & IF(I45<>"", "_" & I45, "_") & IF(B45<>"", "_" & B45, "") -> Caves_etal_2018 | G45: =SUBSTITUTE(SUBSTITUTE(_xlfn.TEXTBEFORE(A45,","), "-", ""), " ", "") -> Caves | H45: =_xlfn.LET( _xlpm.authors,_xlfn.TEXTBEFORE(A45," ("&I45&")"), _xlpm.hasAmp,ISNUMBER(SEARCH("&",_xlpm.authors)), _xlpm.commasBeforeAmp,IF(_xlpm.hasAmp,LEN(_xlfn.TEXTBEFORE(_xlpm.authors,"&"))-LEN(SUBSTITUTE(_xlfn.TEXTBEFORE(_xlpm.authors,"&"),",","")),0), IF(NOT(_xlpm.hasAmp),"",IF(_xlpm.commasBeforeAmp>2,"etal",TRIM(_xlfn.TEXTBEFORE(_xlfn.TEXTAFTER(_xlpm.authors,"& "),",")))) ) -> etal | I45: =_xlfn.TEXTBEFORE(_xlfn.TEXTAFTER(A45, "("), ")") -> 2018 | J45: =_xlfn.LET( _xlpm.doi,IF(C45<>"",C45,_xlfn.TEXTAFTER(A45,"https://doi.org/")), SUBSTITUTE( SUBSTITUTE( SUBSTITUTE( SUBSTITUTE( _xlpm.doi, "/","%2F"), ":","%3A"), "<","%3C"), ">","%3E") ) -> 10.1016%2Fj.tree.2018.03.001 | K45: =TRIM(_xlfn.TEXTJOIN("_",FALSE(),F45,(SUBSTITUTE(SUBSTITUTE(D45," ",""), "_", "")))) -> Caves_etal_2018_TableS1 | L45: =J45 & "_" & SUBSTITUTE(SUBSTITUTE(SUBSTITUTE(D45,CHAR(160),"")," ",""),"_","") -> 10.1016%2Fj.tree.2018.03.001_TableS1 | M45: {=IFERROR(INDEX(AUTO_Public_TSV_FileList!$A$1:$A$1000,MATCH(TRUE(),EXACT(L45,IFERROR(_xlfn.TEXTBEFORE(AUTO_Public_TSV_FileList!$A$1:$A$1000,".tsv"),"")),0)),"notfound")} -> 10.1016%2Fj.tree.2018.03.001_TableS1.tsv
A46: Changizi, M. A. (2001). Principles underlying mammalian neocortical scaling. Biol Cybern, 84(3), 207-215. https://doi.org/10.1007/s004220000205 | D46: Figure 3 | E46: =RIGHT(A46,1) -> 5 | F46: =G46 & IF(H46<>"", "_" & H46, "_") & IF(I46<>"", "_" & I46, "_") & IF(B46<>"", "_" & B46, "") -> Changizi__2001 | G46: =SUBSTITUTE(SUBSTITUTE(_xlfn.TEXTBEFORE(A46,","), "-", ""), " ", "") -> Changizi | H46: =_xlfn.LET( _xlpm.authors,_xlfn.TEXTBEFORE(A46," ("&I46&")"), _xlpm.hasAmp,ISNUMBER(SEARCH("&",_xlpm.authors)), _xlpm.commasBeforeAmp,IF(_xlpm.hasAmp,LEN(_xlfn.TEXTBEFORE(_xlpm.authors,"&"))-LEN(SUBSTITUTE(_xlfn.TEXTBEFORE(_xlpm.authors,"&"),",","")),0), IF(NOT(_xlpm.hasAmp),"",IF(_xlpm.commasBeforeAmp>2,"etal",TRIM(_xlfn.TEXTBEFORE(_xlfn.TEXTAFTER(_xlpm.authors,"& "),",")))) ) | I46: =_xlfn.TEXTBEFORE(_xlfn.TEXTAFTER(A46, "("), ")") -> 2001 | J46: =_xlfn.LET( _xlpm.doi,IF(C46<>"",C46,_xlfn.TEXTAFTER(A46,"https://doi.org/")), SUBSTITUTE( SUBSTITUTE( SUBSTITUTE( SUBSTITUTE( _xlpm.doi, "/","%2F"), ":","%3A"), "<","%3C"), ">","%3E") ) -> 10.1007%2Fs004220000205 | K46: =TRIM(_xlfn.TEXTJOIN("_",FALSE(),F46,(SUBSTITUTE(SUBSTITUTE(D46," ",""), "_", "")))) -> Changizi__2001_Figure3 | L46: =J46 & "_" & SUBSTITUTE(SUBSTITUTE(SUBSTITUTE(D46,CHAR(160),"")," ",""),"_","") -> 10.1007%2Fs004220000205_Figure3 | M46: {=IFERROR(INDEX(AUTO_Public_TSV_FileList!$A$1:$A$1000,MATCH(TRUE(),EXACT(L46,IFERROR(_xlfn.TEXTBEFORE(AUTO_Public_TSV_FileList!$A$1:$A$1000,".tsv"),"")),0)),"notfound")} -> 10.1007%2Fs004220000205_Figure3.tsv | P46: Species -- wait for Project Kaskan | Q46: NA | R46: Changizi__2001_Figure3_snapshot.csv | S46: Y | T46: Changizi__2001_Figure3.csv | U46: pdf | V46: figure and caption | W46: NO - paywall | AB46: summary to check more precise areas from ProjectKaskan | AI46: number of cortical areas | AJ46: Mammals | AK46: primary (derived from published materials) | AL46: secondary | AM46: cortical area count / scaling
A47: Changizi, M. A., & Shimojo, S. (2005). Parcellation and area-area connectivity as a function of neocortex size. Brain Behavior and Evolution, 66(2), 88-98. https://doi.org/10.1159/000085942 | D47: Table 1 | E47: =RIGHT(A47,1) -> 2 | F47: =G47 & IF(H47<>"", "_" & H47, "_") & IF(I47<>"", "_" & I47, "_") & IF(B47<>"", "_" & B47, "") -> Changizi_Shimojo_2005 | G47: =SUBSTITUTE(SUBSTITUTE(_xlfn.TEXTBEFORE(A47,","), "-", ""), " ", "") -> Changizi | H47: =_xlfn.LET( _xlpm.authors,_xlfn.TEXTBEFORE(A47," ("&I47&")"), _xlpm.hasAmp,ISNUMBER(SEARCH("&",_xlpm.authors)), _xlpm.commasBeforeAmp,IF(_xlpm.hasAmp,LEN(_xlfn.TEXTBEFORE(_xlpm.authors,"&"))-LEN(SUBSTITUTE(_xlfn.TEXTBEFORE(_xlpm.authors,"&"),",","")),0), IF(NOT(_xlpm.hasAmp),"",IF(_xlpm.commasBeforeAmp>2,"etal",TRIM(_xlfn.TEXTBEFORE(_xlfn.TEXTAFTER(_xlpm.authors,"& "),",")))) ) -> Shimojo | I47: =_xlfn.TEXTBEFORE(_xlfn.TEXTAFTER(A47, "("), ")") -> 2005 | J47: =_xlfn.LET( _xlpm.doi,IF(C47<>"",C47,_xlfn.TEXTAFTER(A47,"https://doi.org/")), SUBSTITUTE( SUBSTITUTE( SUBSTITUTE( SUBSTITUTE( _xlpm.doi, "/","%2F"), ":","%3A"), "<","%3C"), ">","%3E") ) -> 10.1159%2F000085942 | K47: =TRIM(_xlfn.TEXTJOIN("_",FALSE(),F47,(SUBSTITUTE(SUBSTITUTE(D47," ",""), "_", "")))) -> Changizi_Shimojo_2005_Table1 | L47: =J47 & "_" & SUBSTITUTE(SUBSTITUTE(SUBSTITUTE(D47,CHAR(160),"")," ",""),"_","") -> 10.1159%2F000085942_Table1 | M47: {=IFERROR(INDEX(AUTO_Public_TSV_FileList!$A$1:$A$1000,MATCH(TRUE(),EXACT(L47,IFERROR(_xlfn.TEXTBEFORE(AUTO_Public_TSV_FileList!$A$1:$A$1000,".tsv"),"")),0)),"notfound")} -> 10.1159%2F000085942_Table1.tsv | P47: FINISHED | R47: Changizi_Shimojo_2005_Table1_snapshot.xlsx | T47: Changizi_Shimojo_2005_Table1.csv | U47: pdf | V47: table | Y47: Changizi | AB47: 19 animals. The 4 rows with no SD (mouse, rat, ferret, cat) were COUNTED from unflattened maps, not measured - avg = 100/(2 x areas shown) reproduces all four exactly; recorded in rel_size_basis. brain_mass_g is kept in grams as printed (project unit is mg - convert x1000 at merge time). | AI47: average relative size of cortical areas; brain mass; EQ | AJ47: Mammals | AK47: both (authors' own measurements of other groups' published flattened maps + compiled brain mass/EQ) | AL47: both | AM47: cortical parcellation (mean relative area size)
A48: Changizi, M. A., & Shimojo, S. (2005). Parcellation and area-area connectivity as a function of neocortex size. Brain Behavior and Evolution, 66(2), 88-98. https://doi.org/10.1159/000085942 | D48: Table 2 | E48: =RIGHT(A48,1) -> 2 | F48: =G48 & IF(H48<>"", "_" & H48, "_") & IF(I48<>"", "_" & I48, "_") & IF(B48<>"", "_" & B48, "") -> Changizi_Shimojo_2005 | G48: =SUBSTITUTE(SUBSTITUTE(_xlfn.TEXTBEFORE(A48,","), "-", ""), " ", "") -> Changizi | H48: =_xlfn.LET( _xlpm.authors,_xlfn.TEXTBEFORE(A48," ("&I48&")"), _xlpm.hasAmp,ISNUMBER(SEARCH("&",_xlpm.authors)), _xlpm.commasBeforeAmp,IF(_xlpm.hasAmp,LEN(_xlfn.TEXTBEFORE(_xlpm.authors,"&"))-LEN(SUBSTITUTE(_xlfn.TEXTBEFORE(_xlpm.authors,"&"),",","")),0), IF(NOT(_xlpm.hasAmp),"",IF(_xlpm.commasBeforeAmp>2,"etal",TRIM(_xlfn.TEXTBEFORE(_xlfn.TEXTAFTER(_xlpm.authors,"& "),",")))) ) -> Shimojo | I48: =_xlfn.TEXTBEFORE(_xlfn.TEXTAFTER(A48, "("), ")") -> 2005 | J48: =_xlfn.LET( _xlpm.doi,IF(C48<>"",C48,_xlfn.TEXTAFTER(A48,"https://doi.org/")), SUBSTITUTE( SUBSTITUTE( SUBSTITUTE( SUBSTITUTE( _xlpm.doi, "/","%2F"), ":","%3A"), "<","%3C"), ">","%3E") ) -> 10.1159%2F000085942 | K48: =TRIM(_xlfn.TEXTJOIN("_",FALSE(),F48,(SUBSTITUTE(SUBSTITUTE(D48," ",""), "_", "")))) -> Changizi_Shimojo_2005_Table2 | L48: =J48 & "_" & SUBSTITUTE(SUBSTITUTE(SUBSTITUTE(D48,CHAR(160),"")," ",""),"_","") -> 10.1159%2F000085942_Table2 | M48: {=IFERROR(INDEX(AUTO_Public_TSV_FileList!$A$1:$A$1000,MATCH(TRUE(),EXACT(L48,IFERROR(_xlfn.TEXTBEFORE(AUTO_Public_TSV_FileList!$A$1:$A$1000,".tsv"),"")),0)),"notfound")} -> 10.1159%2F000085942_Table2.tsv | P48: FINISHED | R48: Changizi_Shimojo_2005_Table2_snapshot.xlsx | T48: Changizi_Shimojo_2005_Table2.csv | U48: pdf | V48: table | Y48: Changizi | AB48: 16 animals; blanks are 'not measured', NEVER zero, and are the main hazard in this table - a shifted row misassigns M1. Mouse's row is entirely blank and is kept as printed. V2, A1, S1 and M1 are not yet in _keys/anatomy_reference.csv. | AI48: relative size of V1, V2, A1, S1 and M1 (% of neocortex) | AJ48: Mammals | AK48: primary | AL48: primary | AM48: cortical area relative size (pct neocortex)
A49: Changizi, M. A., & Shimojo, S. (2005). Parcellation and area-area connectivity as a function of neocortex size. Brain Behavior and Evolution, 66(2), 88-98. https://doi.org/10.1159/000085942 | D49: Table 3 | E49: =RIGHT(A49,1) -> 2 | F49: =G49 & IF(H49<>"", "_" & H49, "_") & IF(I49<>"", "_" & I49, "_") & IF(B49<>"", "_" & B49, "") -> Changizi_Shimojo_2005 | G49: =SUBSTITUTE(SUBSTITUTE(_xlfn.TEXTBEFORE(A49,","), "-", ""), " ", "") -> Changizi | H49: =_xlfn.LET( _xlpm.authors,_xlfn.TEXTBEFORE(A49," ("&I49&")"), _xlpm.hasAmp,ISNUMBER(SEARCH("&",_xlpm.authors)), _xlpm.commasBeforeAmp,IF(_xlpm.hasAmp,LEN(_xlfn.TEXTBEFORE(_xlpm.authors,"&"))-LEN(SUBSTITUTE(_xlfn.TEXTBEFORE(_xlpm.authors,"&"),",","")),0), IF(NOT(_xlpm.hasAmp),"",IF(_xlpm.commasBeforeAmp>2,"etal",TRIM(_xlfn.TEXTBEFORE(_xlfn.TEXTAFTER(_xlpm.authors,"& "),",")))) ) -> Shimojo | I49: =_xlfn.TEXTBEFORE(_xlfn.TEXTAFTER(A49, "("), ")") -> 2005 | J49: =_xlfn.LET( _xlpm.doi,IF(C49<>"",C49,_xlfn.TEXTAFTER(A49,"https://doi.org/")), SUBSTITUTE( SUBSTITUTE( SUBSTITUTE( SUBSTITUTE( _xlpm.doi, "/","%2F"), ":","%3A"), "<","%3C"), ">","%3E") ) -> 10.1159%2F000085942 | K49: =TRIM(_xlfn.TEXTJOIN("_",FALSE(),F49,(SUBSTITUTE(SUBSTITUTE(D49," ",""), "_", "")))) -> Changizi_Shimojo_2005_Table3 | L49: =J49 & "_" & SUBSTITUTE(SUBSTITUTE(SUBSTITUTE(D49,CHAR(160),"")," ",""),"_","") -> 10.1159%2F000085942_Table3 | M49: {=IFERROR(INDEX(AUTO_Public_TSV_FileList!$A$1:$A$1000,MATCH(TRUE(),EXACT(L49,IFERROR(_xlfn.TEXTBEFORE(AUTO_Public_TSV_FileList!$A$1:$A$1000,".tsv"),"")),0)),"notfound")} -> 10.1159%2F000085942_Table3.tsv | P49: FINISHED | R49: Changizi_Shimojo_2005_Table3_snapshot.xlsx | T49: Changizi_Shimojo_2005_Table3.csv | U49: pdf | V49: table | Y49: Changizi | AB49: 10 sensory / somato-motor subnetworks compiled from other groups' connectivity matrices. | AI49: number of cortical areas and area-area connections per subnetwork | AJ49: Mammals | AK49: secondary compilation | AL49: secondary | AM49: cortical connectivity (areas, edges)
A50: Changizi, M. A., & Shimojo, S. (2005). Parcellation and area-area connectivity as a function of neocortex size. Brain Behavior and Evolution, 66(2), 88-98. https://doi.org/10.1159/000085942 | D50: Table 4 | E50: =RIGHT(A50,1) -> 2 | F50: =G50 & IF(H50<>"", "_" & H50, "_") & IF(I50<>"", "_" & I50, "_") & IF(B50<>"", "_" & B50, "") -> Changizi_Shimojo_2005 | G50: =SUBSTITUTE(SUBSTITUTE(_xlfn.TEXTBEFORE(A50,","), "-", ""), " ", "") -> Changizi | H50: =_xlfn.LET( _xlpm.authors,_xlfn.TEXTBEFORE(A50," ("&I50&")"), _xlpm.hasAmp,ISNUMBER(SEARCH("&",_xlpm.authors)), _xlpm.commasBeforeAmp,IF(_xlpm.hasAmp,LEN(_xlfn.TEXTBEFORE(_xlpm.authors,"&"))-LEN(SUBSTITUTE(_xlfn.TEXTBEFORE(_xlpm.authors,"&"),",","")),0), IF(NOT(_xlpm.hasAmp),"",IF(_xlpm.commasBeforeAmp>2,"etal",TRIM(_xlfn.TEXTBEFORE(_xlfn.TEXTAFTER(_xlpm.authors,"& "),",")))) ) -> Shimojo | I50: =_xlfn.TEXTBEFORE(_xlfn.TEXTAFTER(A50, "("), ")") -> 2005 | J50: =_xlfn.LET( _xlpm.doi,IF(C50<>"",C50,_xlfn.TEXTAFTER(A50,"https://doi.org/")), SUBSTITUTE( SUBSTITUTE( SUBSTITUTE( SUBSTITUTE( _xlpm.doi, "/","%2F"), ":","%3A"), "<","%3C"), ">","%3E") ) -> 10.1159%2F000085942 | K50: =TRIM(_xlfn.TEXTJOIN("_",FALSE(),F50,(SUBSTITUTE(SUBSTITUTE(D50," ",""), "_", "")))) -> Changizi_Shimojo_2005_Table4 | L50: =J50 & "_" & SUBSTITUTE(SUBSTITUTE(SUBSTITUTE(D50,CHAR(160),"")," ",""),"_","") -> 10.1159%2F000085942_Table4 | M50: {=IFERROR(INDEX(AUTO_Public_TSV_FileList!$A$1:$A$1000,MATCH(TRUE(),EXACT(L50,IFERROR(_xlfn.TEXTBEFORE(AUTO_Public_TSV_FileList!$A$1:$A$1000,".tsv"),"")),0)),"notfound")} -> 10.1159%2F000085942_Table4.tsv | P50: FINISHED | R50: Changizi_Shimojo_2005_Table4_snapshot.xlsx | T50: Changizi_Shimojo_2005_Table4.csv | U50: pdf | V50: table | Y50: Changizi | AB50: 38 rows / 11 animals. 3 rows print 'not shown here' -> NA with area_not_shown flagged. Table 4 prints 'TD' twice in the tree-shrew block; the second is almost certainly TI (Lyon et al. 1998) - kept verbatim, flagged. The opossum here is Kahn et al. 2000 (Monodelphis domestica), NOT the Didelphis of Table 1. | AI50: area-area connections per cortical area | AJ50: Mammals | AK50: secondary compilation | AL50: secondary | AM50: cortical connectivity (connections per area)
A51: Changizi, M. A., & Shimojo, S. (2005). Parcellation and area-area connectivity as a function of neocortex size. Brain Behavior and Evolution, 66(2), 88-98. https://doi.org/10.1159/000085942 | D51: Table 5 | E51: =RIGHT(A51,1) -> 2 | F51: =G51 & IF(H51<>"", "_" & H51, "_") & IF(I51<>"", "_" & I51, "_") & IF(B51<>"", "_" & B51, "") -> Changizi_Shimojo_2005 | G51: =SUBSTITUTE(SUBSTITUTE(_xlfn.TEXTBEFORE(A51,","), "-", ""), " ", "") -> Changizi | H51: =_xlfn.LET( _xlpm.authors,_xlfn.TEXTBEFORE(A51," ("&I51&")"), _xlpm.hasAmp,ISNUMBER(SEARCH("&",_xlpm.authors)), _xlpm.commasBeforeAmp,IF(_xlpm.hasAmp,LEN(_xlfn.TEXTBEFORE(_xlpm.authors,"&"))-LEN(SUBSTITUTE(_xlfn.TEXTBEFORE(_xlpm.authors,"&"),",","")),0), IF(NOT(_xlpm.hasAmp),"",IF(_xlpm.commasBeforeAmp>2,"etal",TRIM(_xlfn.TEXTBEFORE(_xlfn.TEXTAFTER(_xlpm.authors,"& "),",")))) ) -> Shimojo | I51: =_xlfn.TEXTBEFORE(_xlfn.TEXTAFTER(A51, "("), ")") -> 2005 | J51: =_xlfn.LET( _xlpm.doi,IF(C51<>"",C51,_xlfn.TEXTAFTER(A51,"https://doi.org/")), SUBSTITUTE( SUBSTITUTE( SUBSTITUTE( SUBSTITUTE( _xlpm.doi, "/","%2F"), ":","%3A"), "<","%3C"), ">","%3E") ) -> 10.1159%2F000085942 | K51: =TRIM(_xlfn.TEXTJOIN("_",FALSE(),F51,(SUBSTITUTE(SUBSTITUTE(D51," ",""), "_", "")))) -> Changizi_Shimojo_2005_Table5 | L51: =J51 & "_" & SUBSTITUTE(SUBSTITUTE(SUBSTITUTE(D51,CHAR(160),"")," ",""),"_","") -> 10.1159%2F000085942_Table5 | M51: {=IFERROR(INDEX(AUTO_Public_TSV_FileList!$A$1:$A$1000,MATCH(TRUE(),EXACT(L51,IFERROR(_xlfn.TEXTBEFORE(AUTO_Public_TSV_FileList!$A$1:$A$1000,".tsv"),"")),0)),"notfound")} -> 10.1159%2F000085942_Table5.tsv | P51: FINISHED | R51: Changizi_Shimojo_2005_Table5_snapshot.xlsx | T51: Changizi_Shimojo_2005_Table5.csv | U51: pdf | V51: table | Y51: Changizi | AB51: 11 rows, derived from Table 4: 10^mean(log10 x) and the sample SD of log10 x reproduce Table 5's mean AND SD to 2 dp for all 9 recomputable animals. Rat SD = 0 is a true zero (n = 1). | AI51: average number of area connections per area | AJ51: Mammals | AK51: secondary compilation | AL51: secondary | AM51: cortical connectivity (mean connections per area)
A52: Chen, Z., & Wiens, J. J. (2020). The origins of acoustic communication in vertebrates. Nature Communications, 11(1), 369. https://doi.org/10.1038/s41467-020-14356-3 | D52: Supplementary Data 3 | E52: =RIGHT(A52,1) -> 3 | F52: =G52 & IF(H52<>"", "_" & H52, "_") & IF(I52<>"", "_" & I52, "_") & IF(B52<>"", "_" & B52, "") -> Chen_Wiens_2020 | G52: =SUBSTITUTE(SUBSTITUTE(_xlfn.TEXTBEFORE(A52,","), "-", ""), " ", "") -> Chen | H52: =_xlfn.LET( _xlpm.authors,_xlfn.TEXTBEFORE(A52," ("&I52&")"), _xlpm.hasAmp,ISNUMBER(SEARCH("&",_xlpm.authors)), _xlpm.commasBeforeAmp,IF(_xlpm.hasAmp,LEN(_xlfn.TEXTBEFORE(_xlpm.authors,"&"))-LEN(SUBSTITUTE(_xlfn.TEXTBEFORE(_xlpm.authors,"&"),",","")),0), IF(NOT(_xlpm.hasAmp),"",IF(_xlpm.commasBeforeAmp>2,"etal",TRIM(_xlfn.TEXTBEFORE(_xlfn.TEXTAFTER(_xlpm.authors,"& "),",")))) ) -> Wiens | I52: =_xlfn.TEXTBEFORE(_xlfn.TEXTAFTER(A52, "("), ")") -> 2020 | J52: =_xlfn.LET( _xlpm.doi,IF(C52<>"",C52,_xlfn.TEXTAFTER(A52,"https://doi.org/")), SUBSTITUTE( SUBSTITUTE( SUBSTITUTE( SUBSTITUTE( _xlpm.doi, "/","%2F"), ":","%3A"), "<","%3C"), ">","%3E") ) -> 10.1038%2Fs41467-020-14356-3 | K52: =TRIM(_xlfn.TEXTJOIN("_",FALSE(),F52,(SUBSTITUTE(SUBSTITUTE(D52," ",""), "_", "")))) -> Chen_Wiens_2020_SupplementaryData3 | L52: =J52 & "_" & SUBSTITUTE(SUBSTITUTE(SUBSTITUTE(D52,CHAR(160),"")," ",""),"_","") -> 10.1038%2Fs41467-020-14356-3_SupplementaryData3 | M52: {=IFERROR(INDEX(AUTO_Public_TSV_FileList!$A$1:$A$1000,MATCH(TRUE(),EXACT(L52,IFERROR(_xlfn.TEXTBEFORE(AUTO_Public_TSV_FileList!$A$1:$A$1000,".tsv"),"")),0)),"notfound")} -> 10.1038%2Fs41467-020-14356-3_SupplementaryData3.tsv | P52: FINISHED | Q52: added | R52: 41467_2020_14356_MOESM6_ESM.xlsx | S52: N | T52: =IF(S52="N", R52, "write file name") -> 41467_2020_14356_MOESM6_ESM.xlsx | U52: xlsx | V52: table | W52: YES - download link | X52: https://static-content.springer.com/esm/art%3A10.1038%2Fs41467-020-14356-3/MediaObjects/41467_2020_14356_MOESM6_ESM.xlsx | AA52: dial activity (Supp 4) | AB52: maybe delete: not relevent in current dataset, unless for imputations? | AH52: vertebrates | AI52: acoustic communication | AJ52: Tetrapod vertebrates | AK52: secondary | AL52: secondary | AM52: behavioural (acoustic communication)
A53: Collins, C. E., Airey, D. C., Young, N. A., Leitch, D. B., & Kaas, J. H. (2010). Neuron densities vary across and within cortical areas in primates. Proc Natl Acad Sci U S A, 107(36), 15927-15932. https://doi.org/10.1073/pnas.1010356107 | D53: Dataset S1 | E53: =RIGHT(A53,1) -> 7 | F53: =G53 & IF(H53<>"", "_" & H53, "_") & IF(I53<>"", "_" & I53, "_") & IF(B53<>"", "_" & B53, "") -> Collins_etal_2010 | G53: =SUBSTITUTE(SUBSTITUTE(_xlfn.TEXTBEFORE(A53,","), "-", ""), " ", "") -> Collins | H53: =_xlfn.LET( _xlpm.authors,_xlfn.TEXTBEFORE(A53," ("&I53&")"), _xlpm.hasAmp,ISNUMBER(SEARCH("&",_xlpm.authors)), _xlpm.commasBeforeAmp,IF(_xlpm.hasAmp,LEN(_xlfn.TEXTBEFORE(_xlpm.authors,"&"))-LEN(SUBSTITUTE(_xlfn.TEXTBEFORE(_xlpm.authors,"&"),",","")),0), IF(NOT(_xlpm.hasAmp),"",IF(_xlpm.commasBeforeAmp>2,"etal",TRIM(_xlfn.TEXTBEFORE(_xlfn.TEXTAFTER(_xlpm.authors,"& "),",")))) ) -> etal | I53: =_xlfn.TEXTBEFORE(_xlfn.TEXTAFTER(A53, "("), ")") -> 2010 | J53: =_xlfn.LET( _xlpm.doi,IF(C53<>"",C53,_xlfn.TEXTAFTER(A53,"https://doi.org/")), SUBSTITUTE( SUBSTITUTE( SUBSTITUTE( SUBSTITUTE( _xlpm.doi, "/","%2F"), ":","%3A"), "<","%3C"), ">","%3E") ) -> 10.1073%2Fpnas.1010356107 | K53: =TRIM(_xlfn.TEXTJOIN("_",FALSE(),F53,(SUBSTITUTE(SUBSTITUTE(D53," ",""), "_", "")))) -> Collins_etal_2010_DatasetS1 | L53: =J53 & "_" & SUBSTITUTE(SUBSTITUTE(SUBSTITUTE(D53,CHAR(160),"")," ",""),"_","") -> 10.1073%2Fpnas.1010356107_DatasetS1 | M53: {=IFERROR(INDEX(AUTO_Public_TSV_FileList!$A$1:$A$1000,MATCH(TRUE(),EXACT(L53,IFERROR(_xlfn.TEXTBEFORE(AUTO_Public_TSV_FileList!$A$1:$A$1000,".tsv"),"")),0)),"notfound")} -> 10.1073%2Fpnas.1010356107_DatasetS1.tsv | Y53: Kaas | AI53: cortical area surface area, neuron density | AJ53: Primates | AK53: primary | AL53: primary | AM53: cortical surface area
A54: Collins, C. E., Turner, E. C., Sawyer, E. K., Reed, J. L., Young, N. A., Flaherty, D. K., & Kaas, J. H. (2016). Cortical cell and neuron density estimates in one chimpanzee hemisphere. Proc Natl Acad Sci U S A, 113(3), 740-745. https://doi.org/10.1073/pnas.1524208113 | D54: Table 1 | E54: =RIGHT(A54,1) -> 3 | F54: =G54 & IF(H54<>"", "_" & H54, "_") & IF(I54<>"", "_" & I54, "_") & IF(B54<>"", "_" & B54, "") -> Collins_etal_2016 | G54: =SUBSTITUTE(SUBSTITUTE(_xlfn.TEXTBEFORE(A54,","), "-", ""), " ", "") -> Collins | H54: =_xlfn.LET( _xlpm.authors,_xlfn.TEXTBEFORE(A54," ("&I54&")"), _xlpm.hasAmp,ISNUMBER(SEARCH("&",_xlpm.authors)), _xlpm.commasBeforeAmp,IF(_xlpm.hasAmp,LEN(_xlfn.TEXTBEFORE(_xlpm.authors,"&"))-LEN(SUBSTITUTE(_xlfn.TEXTBEFORE(_xlpm.authors,"&"),",","")),0), IF(NOT(_xlpm.hasAmp),"",IF(_xlpm.commasBeforeAmp>2,"etal",TRIM(_xlfn.TEXTBEFORE(_xlfn.TEXTAFTER(_xlpm.authors,"& "),",")))) ) -> etal | I54: =_xlfn.TEXTBEFORE(_xlfn.TEXTAFTER(A54, "("), ")") -> 2016 | J54: =_xlfn.LET( _xlpm.doi,IF(C54<>"",C54,_xlfn.TEXTAFTER(A54,"https://doi.org/")), SUBSTITUTE( SUBSTITUTE( SUBSTITUTE( SUBSTITUTE( _xlpm.doi, "/","%2F"), ":","%3A"), "<","%3C"), ">","%3E") ) -> 10.1073%2Fpnas.1524208113 | K54: =TRIM(_xlfn.TEXTJOIN("_",FALSE(),F54,(SUBSTITUTE(SUBSTITUTE(D54," ",""), "_", "")))) -> Collins_etal_2016_Table1 | L54: =J54 & "_" & SUBSTITUTE(SUBSTITUTE(SUBSTITUTE(D54,CHAR(160),"")," ",""),"_","") -> 10.1073%2Fpnas.1524208113_Table1 | M54: {=IFERROR(INDEX(AUTO_Public_TSV_FileList!$A$1:$A$1000,MATCH(TRUE(),EXACT(L54,IFERROR(_xlfn.TEXTBEFORE(AUTO_Public_TSV_FileList!$A$1:$A$1000,".tsv"),"")),0)),"notfound")} -> 10.1073%2Fpnas.1524208113_Table1.tsv | N54: Cortical cell and neuron density in one chimpanzee hemisphere (Table 1) | V54: table | Y54: Kaas | Z54: HH | AG54: isotropic fractionator | AI54: cortical neuron/cell density | AJ54: Primates | AK54: primary | AL54: primary | AM54: neuron/cell density & number
A55: de Jager, E., Prigge, L., Amod, N., Oettle, A., & Beaudet, A. (2022). Exploring the relationship between soft and hard tissues: The example of vertebral arteries and transverse foramina. J Anat, 241(2), 447-452. https://doi.org/10.1111/joa.13681 | D55: Table 1 | E55: =RIGHT(A55,1) -> 1 | F55: =G55 & IF(H55<>"", "_" & H55, "_") & IF(I55<>"", "_" & I55, "_") & IF(B55<>"", "_" & B55, "") -> deJager_etal_2022 | G55: =SUBSTITUTE(SUBSTITUTE(_xlfn.TEXTBEFORE(A55,","), "-", ""), " ", "") -> deJager | H55: =_xlfn.LET( _xlpm.authors,_xlfn.TEXTBEFORE(A55," ("&I55&")"), _xlpm.hasAmp,ISNUMBER(SEARCH("&",_xlpm.authors)), _xlpm.commasBeforeAmp,IF(_xlpm.hasAmp,LEN(_xlfn.TEXTBEFORE(_xlpm.authors,"&"))-LEN(SUBSTITUTE(_xlfn.TEXTBEFORE(_xlpm.authors,"&"),",","")),0), IF(NOT(_xlpm.hasAmp),"",IF(_xlpm.commasBeforeAmp>2,"etal",TRIM(_xlfn.TEXTBEFORE(_xlfn.TEXTAFTER(_xlpm.authors,"& "),",")))) ) -> etal | I55: =_xlfn.TEXTBEFORE(_xlfn.TEXTAFTER(A55, "("), ")") -> 2022 | J55: =_xlfn.LET( _xlpm.doi,IF(C55<>"",C55,_xlfn.TEXTAFTER(A55,"https://doi.org/")), SUBSTITUTE( SUBSTITUTE( SUBSTITUTE( SUBSTITUTE( _xlpm.doi, "/","%2F"), ":","%3A"), "<","%3C"), ">","%3E") ) -> 10.1111%2Fjoa.13681 | K55: =TRIM(_xlfn.TEXTJOIN("_",FALSE(),F55,(SUBSTITUTE(SUBSTITUTE(D55," ",""), "_", "")))) -> deJager_etal_2022_Table1 | L55: =J55 & "_" & SUBSTITUTE(SUBSTITUTE(SUBSTITUTE(D55,CHAR(160),"")," ",""),"_","") -> 10.1111%2Fjoa.13681_Table1 | M55: {=IFERROR(INDEX(AUTO_Public_TSV_FileList!$A$1:$A$1000,MATCH(TRUE(),EXACT(L55,IFERROR(_xlfn.TEXTBEFORE(AUTO_Public_TSV_FileList!$A$1:$A$1000,".tsv"),"")),0)),"notfound")} -> 10.1111%2Fjoa.13681_Table1.tsv
A56: de Sousa, A. A., Sherwood, C. C., Hof, P. R., & Zilles, K. (2013). Lamination of the lateral geniculate nucleus of catarrhine primates. Brain Behav Evol, 81(2), 93-108. https://doi.org/10.1159/000346495 | D56: Table 1 | E56: =RIGHT(A56,1) -> 5 | F56: =G56 & IF(H56<>"", "_" & H56, "_") & IF(I56<>"", "_" & I56, "_") & IF(B56<>"", "_" & B56, "") -> deSousa_etal_2013 | G56: =SUBSTITUTE(SUBSTITUTE(_xlfn.TEXTBEFORE(A56,","), "-", ""), " ", "") -> deSousa | H56: =_xlfn.LET( _xlpm.authors,_xlfn.TEXTBEFORE(A56," ("&I56&")"), _xlpm.hasAmp,ISNUMBER(SEARCH("&",_xlpm.authors)), _xlpm.commasBeforeAmp,IF(_xlpm.hasAmp,LEN(_xlfn.TEXTBEFORE(_xlpm.authors,"&"))-LEN(SUBSTITUTE(_xlfn.TEXTBEFORE(_xlpm.authors,"&"),",","")),0), IF(NOT(_xlpm.hasAmp),"",IF(_xlpm.commasBeforeAmp>2,"etal",TRIM(_xlfn.TEXTBEFORE(_xlfn.TEXTAFTER(_xlpm.authors,"& "),",")))) ) -> etal | I56: =_xlfn.TEXTBEFORE(_xlfn.TEXTAFTER(A56, "("), ")") -> 2013 | J56: =_xlfn.LET( _xlpm.doi,IF(C56<>"",C56,_xlfn.TEXTAFTER(A56,"https://doi.org/")), SUBSTITUTE( SUBSTITUTE( SUBSTITUTE( SUBSTITUTE( _xlpm.doi, "/","%2F"), ":","%3A"), "<","%3C"), ">","%3E") ) -> 10.1159%2F000346495 | K56: =TRIM(_xlfn.TEXTJOIN("_",FALSE(),F56,(SUBSTITUTE(SUBSTITUTE(D56," ",""), "_", "")))) -> deSousa_etal_2013_Table1 | L56: =J56 & "_" & SUBSTITUTE(SUBSTITUTE(SUBSTITUTE(D56,CHAR(160),"")," ",""),"_","") -> 10.1159%2F000346495_Table1 | M56: {=IFERROR(INDEX(AUTO_Public_TSV_FileList!$A$1:$A$1000,MATCH(TRUE(),EXACT(L56,IFERROR(_xlfn.TEXTBEFORE(AUTO_Public_TSV_FileList!$A$1:$A$1000,".tsv"),"")),0)),"notfound")} -> 10.1159%2F000346495_Table1.tsv | N56: Table 1. LGN parvocellular lamination, species mean brain weights and LGN volumes | P56: Data readable | R56: deSousa_etal_2013_Table1_snapshot.csv | S56: Y | T56: deSousa_etal_2013_Table1.csv | U56: pdf | V56: table | Y56: Stephan, Zilles | Z56: Stephan, Zilles, AFIP, Sherwood, Hof | AF56: histological sections | AG56: volumetry | AH56: catarrhine primates | AI56: LGN volume + parvocellular lamination + brain weight | AJ56: Primates (+ Insectivora) | AK56: primary | AL56: primary | AM56: volume
A57: de Sousa, A. A., Sherwood, C. C., Mohlberg, H., Amunts, K., Schleicher, A., MacLeod, C. E., Hof, P. R., Frahm, H., & Zilles, K. (2010). Hominoid visual brain structure volumes and the position of the lunate sulcus. J Hum Evol, 58(4), 281-292. https://doi.org/10.1016/j.jhevol.2009.11.011 | D57: Sup Table 2 | E57: =RIGHT(A57,1) -> 1 | F57: =G57 & IF(H57<>"", "_" & H57, "_") & IF(I57<>"", "_" & I57, "_") & IF(B57<>"", "_" & B57, "") -> deSousa_etal_2010 | G57: =SUBSTITUTE(SUBSTITUTE(_xlfn.TEXTBEFORE(A57,","), "-", ""), " ", "") -> deSousa | H57: =_xlfn.LET( _xlpm.authors,_xlfn.TEXTBEFORE(A57," ("&I57&")"), _xlpm.hasAmp,ISNUMBER(SEARCH("&",_xlpm.authors)), _xlpm.commasBeforeAmp,IF(_xlpm.hasAmp,LEN(_xlfn.TEXTBEFORE(_xlpm.authors,"&"))-LEN(SUBSTITUTE(_xlfn.TEXTBEFORE(_xlpm.authors,"&"),",","")),0), IF(NOT(_xlpm.hasAmp),"",IF(_xlpm.commasBeforeAmp>2,"etal",TRIM(_xlfn.TEXTBEFORE(_xlfn.TEXTAFTER(_xlpm.authors,"& "),",")))) ) -> etal | I57: =_xlfn.TEXTBEFORE(_xlfn.TEXTAFTER(A57, "("), ")") -> 2010 | J57: =_xlfn.LET( _xlpm.doi,IF(C57<>"",C57,_xlfn.TEXTAFTER(A57,"https://doi.org/")), SUBSTITUTE( SUBSTITUTE( SUBSTITUTE( SUBSTITUTE( _xlpm.doi, "/","%2F"), ":","%3A"), "<","%3C"), ">","%3E") ) -> 10.1016%2Fj.jhevol.2009.11.011 | K57: =TRIM(_xlfn.TEXTJOIN("_",FALSE(),F57,(SUBSTITUTE(SUBSTITUTE(D57," ",""), "_", "")))) -> deSousa_etal_2010_SupTable2 | L57: =J57 & "_" & SUBSTITUTE(SUBSTITUTE(SUBSTITUTE(D57,CHAR(160),"")," ",""),"_","") -> 10.1016%2Fj.jhevol.2009.11.011_SupTable2 | M57: {=IFERROR(INDEX(AUTO_Public_TSV_FileList!$A$1:$A$1000,MATCH(TRUE(),EXACT(L57,IFERROR(_xlfn.TEXTBEFORE(AUTO_Public_TSV_FileList!$A$1:$A$1000,".tsv"),"")),0)),"notfound")} -> 10.1016%2Fj.jhevol.2009.11.011_SupTable2.tsv | N57: Supplementary Table 2. Primate species mean volumes | O57: VALUE ERROR — neocortex (kept in snapshot, corrected in data) | P57: FINISHED | R57: deSousa_etal_2010_SupTable2_snapshot.xlsx | S57: Y | T57: deSousa_etal_2010_SupTable2.csv | V57: doc (online supplement, mmc2.doc) | X57: https://doi.org/10.1016/j.jhevol.2009.11.011 | Y57: Stephan,Zilles | Z57: Stephan, Zilles, AFIP, Sherwood, Hof | AB57: Online supplementary Table 2 (file 1-s2.0-S0047248410000023-mmc2.doc). Snapshot reproduces the published table verbatim incl. the error; cleaned CSV corrects it. See deSousa_etal_2010.ReadMe.md. | AC57: value-error: Neocortex (Neo. vol.) for 17 strepsirrhine/tarsier spp. mis-copied from Stephan 1981/1988 in published Supp. Table 2 (13/17 exceed brain vol., impossible) — kept in snapshot, corrected to Stephan values in dataset. || species-name-error: 7 binomials misspelt in published table — kept in snapshot, corrected in dataset (see correction column). | AD57: units labelled 'g' in source but values are cm3 | AF57: histological sections | AG57: volumetry | AH57: value error (transcription) + species-name errors | AI57: brain, neocortex, V1 (area striata), LGN mean volumes | AJ57: Primates (+ Insectivora) | AK57: primary | AL57: primary | AM57: volume
A58: de Sousa, A. A., Sherwood, C. C., Mohlberg, H., Amunts, K., Schleicher, A., MacLeod, C. E., Hof, P. R., Frahm, H., & Zilles, K. (2010). Hominoid visual brain structure volumes and the position of the lunate sulcus. J Hum Evol, 58(4), 281-292. https://doi.org/10.1016/j.jhevol.2009.11.011 | D58: Table 1 | E58: =RIGHT(A58,1) -> 1 | F58: =G58 & IF(H58<>"", "_" & H58, "_") & IF(I58<>"", "_" & I58, "_") & IF(B58<>"", "_" & B58, "") -> deSousa_etal_2010 | G58: =SUBSTITUTE(SUBSTITUTE(_xlfn.TEXTBEFORE(A58,","), "-", ""), " ", "") -> deSousa | H58: =_xlfn.LET( _xlpm.authors,_xlfn.TEXTBEFORE(A58," ("&I58&")"), _xlpm.hasAmp,ISNUMBER(SEARCH("&",_xlpm.authors)), _xlpm.commasBeforeAmp,IF(_xlpm.hasAmp,LEN(_xlfn.TEXTBEFORE(_xlpm.authors,"&"))-LEN(SUBSTITUTE(_xlfn.TEXTBEFORE(_xlpm.authors,"&"),",","")),0), IF(NOT(_xlpm.hasAmp),"",IF(_xlpm.commasBeforeAmp>2,"etal",TRIM(_xlfn.TEXTBEFORE(_xlfn.TEXTAFTER(_xlpm.authors,"& "),",")))) ) -> etal | I58: =_xlfn.TEXTBEFORE(_xlfn.TEXTAFTER(A58, "("), ")") -> 2010 | J58: =_xlfn.LET( _xlpm.doi,IF(C58<>"",C58,_xlfn.TEXTAFTER(A58,"https://doi.org/")), SUBSTITUTE( SUBSTITUTE( SUBSTITUTE( SUBSTITUTE( _xlpm.doi, "/","%2F"), ":","%3A"), "<","%3C"), ">","%3E") ) -> 10.1016%2Fj.jhevol.2009.11.011 | K58: =TRIM(_xlfn.TEXTJOIN("_",FALSE(),F58,(SUBSTITUTE(SUBSTITUTE(D58," ",""), "_", "")))) -> deSousa_etal_2010_Table1 | L58: =J58 & "_" & SUBSTITUTE(SUBSTITUTE(SUBSTITUTE(D58,CHAR(160),"")," ",""),"_","") -> 10.1016%2Fj.jhevol.2009.11.011_Table1 | M58: {=IFERROR(INDEX(AUTO_Public_TSV_FileList!$A$1:$A$1000,MATCH(TRUE(),EXACT(L58,IFERROR(_xlfn.TEXTBEFORE(AUTO_Public_TSV_FileList!$A$1:$A$1000,".tsv"),"")),0)),"notfound")} -> 10.1016%2Fj.jhevol.2009.11.011_Table1.tsv | N58: Hominoid visual brain structure volumes (Table 1) | V58: table | Y58: Stephan, Zilles | Z58: Stephan, Zilles, AFIP, Sherwood, Hof | AF58: histological sections & MRI | AG58: volumetry | AI58: visual brain structure volumes | AJ58: Primates (+ Insectivora) | AK58: primary | AL58: primary | AM58: volume
A59: de Sousa, A. A., Sherwood, C. C., Schleicher, A., Amunts, K., MacLeod, C. E., Hof, P. R., & Zilles, K. (2009). Comparative cytoarchitectural analyses of striate and extrastriate areas in hominoids. Cereb Cortex, 20(4), 966-981. https://doi.org/10.1093/cercor/bhp158 | D59: Table 1 | E59: =RIGHT(A59,1) -> 8 | F59: =G59 & IF(H59<>"", "_" & H59, "_") & IF(I59<>"", "_" & I59, "_") & IF(B59<>"", "_" & B59, "") -> deSousa_etal_2009 | G59: =SUBSTITUTE(SUBSTITUTE(_xlfn.TEXTBEFORE(A59,","), "-", ""), " ", "") -> deSousa | H59: =_xlfn.LET( _xlpm.authors,_xlfn.TEXTBEFORE(A59," ("&I59&")"), _xlpm.hasAmp,ISNUMBER(SEARCH("&",_xlpm.authors)), _xlpm.commasBeforeAmp,IF(_xlpm.hasAmp,LEN(_xlfn.TEXTBEFORE(_xlpm.authors,"&"))-LEN(SUBSTITUTE(_xlfn.TEXTBEFORE(_xlpm.authors,"&"),",","")),0), IF(NOT(_xlpm.hasAmp),"",IF(_xlpm.commasBeforeAmp>2,"etal",TRIM(_xlfn.TEXTBEFORE(_xlfn.TEXTAFTER(_xlpm.authors,"& "),",")))) ) -> etal | I59: =_xlfn.TEXTBEFORE(_xlfn.TEXTAFTER(A59, "("), ")") -> 2009 | J59: =_xlfn.LET( _xlpm.doi,IF(C59<>"",C59,_xlfn.TEXTAFTER(A59,"https://doi.org/")), SUBSTITUTE( SUBSTITUTE( SUBSTITUTE( SUBSTITUTE( _xlpm.doi, "/","%2F"), ":","%3A"), "<","%3C"), ">","%3E") ) -> 10.1093%2Fcercor%2Fbhp158 | K59: =TRIM(_xlfn.TEXTJOIN("_",FALSE(),F59,(SUBSTITUTE(SUBSTITUTE(D59," ",""), "_", "")))) -> deSousa_etal_2009_Table1 | L59: =J59 & "_" & SUBSTITUTE(SUBSTITUTE(SUBSTITUTE(D59,CHAR(160),"")," ",""),"_","") -> 10.1093%2Fcercor%2Fbhp158_Table1 | M59: {=IFERROR(INDEX(AUTO_Public_TSV_FileList!$A$1:$A$1000,MATCH(TRUE(),EXACT(L59,IFERROR(_xlfn.TEXTBEFORE(AUTO_Public_TSV_FileList!$A$1:$A$1000,".tsv"),"")),0)),"notfound")} -> 10.1093%2Fcercor%2Fbhp158_Table1.tsv | N59: Table 1 Samples used in analyses of V1, V2, and VP | O59: SECONDARY item: the sample-description table of a cytoarchitectural (GLI) study. Built for provenance; not merged. | P59: FINISHED | R59: deSousa_etal_2009_Table1_snapshot.xlsx | S59: Y | T59: deSousa_etal_2009_Table1.csv | U59: pdf | V59: table | X59: https://doi.org/10.1093/cercor/bhp158 | Y59: Stephan, Zilles | Z59: Zilles (C&O Vogt Institute), Stephan | AB59: Data role = SECONDARY. Every macroanatomical column is re-used data. The NEOCORTEX column is Carol MacLeod's own unpublished measurement (MacLeod_data.xls Table II, emailed 2002-09-15; held in the private repo as ____Unpublished__MacLeod_neocortex/ under her conditions of use - do not publish the raw neocortex values, and label specimens in the published JHE format). Its human value of 974 cm3 is the mean of her 8 humans (973.9987), which is footnote b. left V1 / left LGN / brain mass = deSousa_etal_2010_Table1, the same 9 specimens (audited 31 match, 1 mismatch, 4 one-sided within print precision). optic nerve cross-sectional area + eye half surface area = Stephan & Frahm 1981 species means (footnote f). ptd brain+body mass = Herndon et al. 1999 (d); Homo body mass = Zilles 1972 (a); Pan paniscus body mass = Jungers & Susman 1984 (c); EQ = derived (Martin 1981 / Ruff et al. 1997). The paper's own primary measurements (GLI values, relative laminar widths) are published only in Figures 5-7 and are not tabulated, and Tables 2-4 are derived statistics, so nothing here is ingested into a merge. Why the item is still worth having: it prints left V1 and left LGN in whole mm3 where 2010 Table 1 prints 1-d.p. cm3, and it confirms Macaca fascicularis ma22 left LGN = 46 mm3, which 2010 printed as 0 and the project had reconstructed as 0.046 cm3 from Supp. Table 2. All nine specimens resolve to the collection catalog (CAT-070, 080, 082, 095, 111, 131, 133, 134, 150) with printed sex and age matching. See deSousa_etal_2009_Table1.ReadMe.md. | AC59: value-provenance: neocortex for ppz (Zahlia) printed as 279 cm3 is PAN PANISCUS H1 = YN86-137 (278.968) in Carol MacLeod's MacLeod_data.xls Table II; Zahlia is H2 (214.405). MECHANISM KNOWN: that sheet labels specimens anonymously (H1, H2, ...) with no archive numbers, and the 2009 table took the wrong H-row for the bonobo - the crosswalk resolving her H-numbers to named specimens is ____Unpublished__MacLeod_neocortex/MacLeod_specimen_crosswalk.csv in the private repo. Kept as printed in the snapshot and the data, flagged, not merged (a real measurement of a real specimen, printed against the wrong animal - not corrected by guesswork). || laterality: left V1 + left LGN are LEFT hemisphere printed UNDOUBLED - registered in __merging_volumes/laterality_known.csv as doubling = none, required_suffix = _left. || rounding vs deSousa_etal_2010_Table1: brain mass 58 g vs 57.6 g (mf2) and 360 g vs 359.5 g (ptb); neocortex 254 vs 254.3, 269 vs 268.5, 263 vs 262.8, 198 vs 198.3 cm3 - print rounding, not disagreement. || derived-not-transcribed: Tables 2-4 (RMA regressions, Euclidean distances, PCA loadings) deliberately not built. | AF59: histological sections | AG59: volumetry (re-used); cytoarchitecture / GLI is the paper's own method but is figure-only | AH59: sample description table: specimen metadata + re-used size variables | AI59: specimen sex + age; body mass; brain mass; neocortex, left V1 (area striata) and left LGN volumes; optic nerve cross-sectional area; eye half surface area | AJ59: Primates (catarrhines) | AK59: secondary | AL59: secondary | AM59: volume, mass, area
A60: DeCasien, A. R., & Higham, J. P. (2019). Primate mosaic brain evolution reflects selection on sensory and cognitive specialization. Nat Ecol Evol, 3(10), 1483-1493. https://doi.org/10.1038/s41559-019-0969-0 | D60: Supplementary Data 1-Activity Period | E60: =RIGHT(A60,1) -> 0 | F60: =G60 & IF(H60<>"", "_" & H60, "_") & IF(I60<>"", "_" & I60, "_") & IF(B60<>"", "_" & B60, "") -> DeCasien_Higham_2019 | G60: =SUBSTITUTE(SUBSTITUTE(_xlfn.TEXTBEFORE(A60,","), "-", ""), " ", "") -> DeCasien | H60: =_xlfn.LET( _xlpm.authors,_xlfn.TEXTBEFORE(A60," ("&I60&")"), _xlpm.hasAmp,ISNUMBER(SEARCH("&",_xlpm.authors)), _xlpm.commasBeforeAmp,IF(_xlpm.hasAmp,LEN(_xlfn.TEXTBEFORE(_xlpm.authors,"&"))-LEN(SUBSTITUTE(_xlfn.TEXTBEFORE(_xlpm.authors,"&"),",","")),0), IF(NOT(_xlpm.hasAmp),"",IF(_xlpm.commasBeforeAmp>2,"etal",TRIM(_xlfn.TEXTBEFORE(_xlfn.TEXTAFTER(_xlpm.authors,"& "),",")))) ) -> Higham | I60: =_xlfn.TEXTBEFORE(_xlfn.TEXTAFTER(A60, "("), ")") -> 2019 | J60: =_xlfn.LET( _xlpm.doi,IF(C60<>"",C60,_xlfn.TEXTAFTER(A60,"https://doi.org/")), SUBSTITUTE( SUBSTITUTE( SUBSTITUTE( SUBSTITUTE( _xlpm.doi, "/","%2F"), ":","%3A"), "<","%3C"), ">","%3E") ) -> 10.1038%2Fs41559-019-0969-0 | K60: =TRIM(_xlfn.TEXTJOIN("_",FALSE(),F60,(SUBSTITUTE(SUBSTITUTE(D60," ",""), "_", "")))) -> DeCasien_Higham_2019_SupplementaryData1-ActivityPeriod | L60: =J60 & "_" & SUBSTITUTE(SUBSTITUTE(SUBSTITUTE(D60,CHAR(160),"")," ",""),"_","") -> 10.1038%2Fs41559-019-0969-0_SupplementaryData1-ActivityPeriod | M60: {=IFERROR(INDEX(AUTO_Public_TSV_FileList!$A$1:$A$1000,MATCH(TRUE(),EXACT(L60,IFERROR(_xlfn.TEXTBEFORE(AUTO_Public_TSV_FileList!$A$1:$A$1000,".tsv"),"")),0)),"notfound")} -> notfound | N60: Supplementary Data 1 Brain Region Data (mm3) | U60: xlsx | V60: table Sheet 1 | W60: YES - download link | X60: https://www.nature.com/articles/s41559-019-0969-0#Sec13 | AF60: histological sections | AH60: primates | AI60: Activity Period | AJ60: Primates | AK60: secondary | AL60: secondary | AM60: ecology (activity period)
A61: DeCasien, A. R., & Higham, J. P. (2019). Primate mosaic brain evolution reflects selection on sensory and cognitive specialization. Nat Ecol Evol, 3(10), 1483-1493. https://doi.org/10.1038/s41559-019-0969-0 | D61: Supplementary Data 1-Brain Region | E61: =RIGHT(A61,1) -> 0 | F61: =G61 & IF(H61<>"", "_" & H61, "_") & IF(I61<>"", "_" & I61, "_") & IF(B61<>"", "_" & B61, "") -> DeCasien_Higham_2019 | G61: =SUBSTITUTE(SUBSTITUTE(_xlfn.TEXTBEFORE(A61,","), "-", ""), " ", "") -> DeCasien | H61: =_xlfn.LET( _xlpm.authors,_xlfn.TEXTBEFORE(A61," ("&I61&")"), _xlpm.hasAmp,ISNUMBER(SEARCH("&",_xlpm.authors)), _xlpm.commasBeforeAmp,IF(_xlpm.hasAmp,LEN(_xlfn.TEXTBEFORE(_xlpm.authors,"&"))-LEN(SUBSTITUTE(_xlfn.TEXTBEFORE(_xlpm.authors,"&"),",","")),0), IF(NOT(_xlpm.hasAmp),"",IF(_xlpm.commasBeforeAmp>2,"etal",TRIM(_xlfn.TEXTBEFORE(_xlfn.TEXTAFTER(_xlpm.authors,"& "),",")))) ) -> Higham | I61: =_xlfn.TEXTBEFORE(_xlfn.TEXTAFTER(A61, "("), ")") -> 2019 | J61: =_xlfn.LET( _xlpm.doi,IF(C61<>"",C61,_xlfn.TEXTAFTER(A61,"https://doi.org/")), SUBSTITUTE( SUBSTITUTE( SUBSTITUTE( SUBSTITUTE( _xlpm.doi, "/","%2F"), ":","%3A"), "<","%3C"), ">","%3E") ) -> 10.1038%2Fs41559-019-0969-0 | K61: =TRIM(_xlfn.TEXTJOIN("_",FALSE(),F61,(SUBSTITUTE(SUBSTITUTE(D61," ",""), "_", "")))) -> DeCasien_Higham_2019_SupplementaryData1-BrainRegion | L61: =J61 & "_" & SUBSTITUTE(SUBSTITUTE(SUBSTITUTE(D61,CHAR(160),"")," ",""),"_","") -> 10.1038%2Fs41559-019-0969-0_SupplementaryData1-BrainRegion | M61: {=IFERROR(INDEX(AUTO_Public_TSV_FileList!$A$1:$A$1000,MATCH(TRUE(),EXACT(L61,IFERROR(_xlfn.TEXTBEFORE(AUTO_Public_TSV_FileList!$A$1:$A$1000,".tsv"),"")),0)),"notfound")} -> notfound | N61: Supplementary Data 1 Brain Region Data (mm3) | U61: xlsx | V61: table Sheet 1 | W61: YES - download link | X61: https://www.nature.com/articles/s41559-019-0969-0#Sec13 | AB61: mostly Stephan and other Ddorf studies | AF61: histological sections | AH61: primates | AI61: Brain Regions Volumes | AJ61: Primates | AK61: secondary | AL61: secondary | AM61: volume
A62: DeCasien, A. R., & Higham, J. P. (2019). Primate mosaic brain evolution reflects selection on sensory and cognitive specialization. Nat Ecol Evol, 3(10), 1483-1493. https://doi.org/10.1038/s41559-019-0969-0 | D62: Supplementary Data 1-Diet | E62: =RIGHT(A62,1) -> 0 | F62: =G62 & IF(H62<>"", "_" & H62, "_") & IF(I62<>"", "_" & I62, "_") & IF(B62<>"", "_" & B62, "") -> DeCasien_Higham_2019 | G62: =SUBSTITUTE(SUBSTITUTE(_xlfn.TEXTBEFORE(A62,","), "-", ""), " ", "") -> DeCasien | H62: =_xlfn.LET( _xlpm.authors,_xlfn.TEXTBEFORE(A62," ("&I62&")"), _xlpm.hasAmp,ISNUMBER(SEARCH("&",_xlpm.authors)), _xlpm.commasBeforeAmp,IF(_xlpm.hasAmp,LEN(_xlfn.TEXTBEFORE(_xlpm.authors,"&"))-LEN(SUBSTITUTE(_xlfn.TEXTBEFORE(_xlpm.authors,"&"),",","")),0), IF(NOT(_xlpm.hasAmp),"",IF(_xlpm.commasBeforeAmp>2,"etal",TRIM(_xlfn.TEXTBEFORE(_xlfn.TEXTAFTER(_xlpm.authors,"& "),",")))) ) -> Higham | I62: =_xlfn.TEXTBEFORE(_xlfn.TEXTAFTER(A62, "("), ")") -> 2019 | J62: =_xlfn.LET( _xlpm.doi,IF(C62<>"",C62,_xlfn.TEXTAFTER(A62,"https://doi.org/")), SUBSTITUTE( SUBSTITUTE( SUBSTITUTE( SUBSTITUTE( _xlpm.doi, "/","%2F"), ":","%3A"), "<","%3C"), ">","%3E") ) -> 10.1038%2Fs41559-019-0969-0 | K62: =TRIM(_xlfn.TEXTJOIN("_",FALSE(),F62,(SUBSTITUTE(SUBSTITUTE(D62," ",""), "_", "")))) -> DeCasien_Higham_2019_SupplementaryData1-Diet | L62: =J62 & "_" & SUBSTITUTE(SUBSTITUTE(SUBSTITUTE(D62,CHAR(160),"")," ",""),"_","") -> 10.1038%2Fs41559-019-0969-0_SupplementaryData1-Diet | M62: {=IFERROR(INDEX(AUTO_Public_TSV_FileList!$A$1:$A$1000,MATCH(TRUE(),EXACT(L62,IFERROR(_xlfn.TEXTBEFORE(AUTO_Public_TSV_FileList!$A$1:$A$1000,".tsv"),"")),0)),"notfound")} -> notfound | N62: Supplementary Data 1 Brain Region Data (mm3) | U62: xlsx | V62: table Sheet 1 | W62: YES - download link | X62: https://www.nature.com/articles/s41559-019-0969-0#Sec13 | AF62: histological sections | AH62: primates | AI62: Diet | AJ62: Primates | AK62: secondary | AL62: secondary | AM62: ecology (diet)
A63: DeCasien, A. R., & Higham, J. P. (2019). Primate mosaic brain evolution reflects selection on sensory and cognitive specialization. Nat Ecol Evol, 3(10), 1483-1493. https://doi.org/10.1038/s41559-019-0969-0 | D63: Supplementary Data 1-Social System | E63: =RIGHT(A63,1) -> 0 | F63: =G63 & IF(H63<>"", "_" & H63, "_") & IF(I63<>"", "_" & I63, "_") & IF(B63<>"", "_" & B63, "") -> DeCasien_Higham_2019 | G63: =SUBSTITUTE(SUBSTITUTE(_xlfn.TEXTBEFORE(A63,","), "-", ""), " ", "") -> DeCasien | H63: =_xlfn.LET( _xlpm.authors,_xlfn.TEXTBEFORE(A63," ("&I63&")"), _xlpm.hasAmp,ISNUMBER(SEARCH("&",_xlpm.authors)), _xlpm.commasBeforeAmp,IF(_xlpm.hasAmp,LEN(_xlfn.TEXTBEFORE(_xlpm.authors,"&"))-LEN(SUBSTITUTE(_xlfn.TEXTBEFORE(_xlpm.authors,"&"),",","")),0), IF(NOT(_xlpm.hasAmp),"",IF(_xlpm.commasBeforeAmp>2,"etal",TRIM(_xlfn.TEXTBEFORE(_xlfn.TEXTAFTER(_xlpm.authors,"& "),",")))) ) -> Higham | I63: =_xlfn.TEXTBEFORE(_xlfn.TEXTAFTER(A63, "("), ")") -> 2019 | J63: =_xlfn.LET( _xlpm.doi,IF(C63<>"",C63,_xlfn.TEXTAFTER(A63,"https://doi.org/")), SUBSTITUTE( SUBSTITUTE( SUBSTITUTE( SUBSTITUTE( _xlpm.doi, "/","%2F"), ":","%3A"), "<","%3C"), ">","%3E") ) -> 10.1038%2Fs41559-019-0969-0 | K63: =TRIM(_xlfn.TEXTJOIN("_",FALSE(),F63,(SUBSTITUTE(SUBSTITUTE(D63," ",""), "_", "")))) -> DeCasien_Higham_2019_SupplementaryData1-SocialSystem | L63: =J63 & "_" & SUBSTITUTE(SUBSTITUTE(SUBSTITUTE(D63,CHAR(160),"")," ",""),"_","") -> 10.1038%2Fs41559-019-0969-0_SupplementaryData1-SocialSystem | M63: {=IFERROR(INDEX(AUTO_Public_TSV_FileList!$A$1:$A$1000,MATCH(TRUE(),EXACT(L63,IFERROR(_xlfn.TEXTBEFORE(AUTO_Public_TSV_FileList!$A$1:$A$1000,".tsv"),"")),0)),"notfound")} -> notfound | N63: Supplementary Data 1 Brain Region Data (mm3) | U63: xlsx | V63: table Sheet 1 | W63: YES - download link | X63: https://www.nature.com/articles/s41559-019-0969-0#Sec13 | AF63: histological sections | AH63: primates | AI63: Social System | AJ63: Primates | AK63: secondary | AL63: secondary | AM63: ecology (social system)
A64: Dos Santos, S. E., Medeiros, M., Porfirio, J., Tavares, W., Pessoa, L., Grinberg, L., Leite, R. E. P., Ferretti-Rebustini, R. E. L., Suemoto, C. K., Filho, W. J., Noctor, S. C., Sherwood, C. C., Kaas, J. H., Manger, P. R., & Herculano-Houzel, S. (2020). Similar Microglial Cell Densities across Brain Structures and Mammalian Species: Implications for Brain Tissue Function. J Neurosci, 40(24), 4622-4643. https://doi.org/10.1523/JNEUROSCI.2339-19.2020 | D64: Table 1 | E64: =RIGHT(A64,1) -> 0 | F64: =G64 & IF(H64<>"", "_" & H64, "_") & IF(I64<>"", "_" & I64, "_") & IF(B64<>"", "_" & B64, "") -> DosSantos_etal_2020 | G64: =SUBSTITUTE(SUBSTITUTE(_xlfn.TEXTBEFORE(A64,","), "-", ""), " ", "") -> DosSantos | H64: =_xlfn.LET( _xlpm.authors,_xlfn.TEXTBEFORE(A64," ("&I64&")"), _xlpm.hasAmp,ISNUMBER(SEARCH("&",_xlpm.authors)), _xlpm.commasBeforeAmp,IF(_xlpm.hasAmp,LEN(_xlfn.TEXTBEFORE(_xlpm.authors,"&"))-LEN(SUBSTITUTE(_xlfn.TEXTBEFORE(_xlpm.authors,"&"),",","")),0), IF(NOT(_xlpm.hasAmp),"",IF(_xlpm.commasBeforeAmp>2,"etal",TRIM(_xlfn.TEXTBEFORE(_xlfn.TEXTAFTER(_xlpm.authors,"& "),",")))) ) -> etal | I64: =_xlfn.TEXTBEFORE(_xlfn.TEXTAFTER(A64, "("), ")") -> 2020 | J64: =_xlfn.LET( _xlpm.doi,IF(C64<>"",C64,_xlfn.TEXTAFTER(A64,"https://doi.org/")), SUBSTITUTE( SUBSTITUTE( SUBSTITUTE( SUBSTITUTE( _xlpm.doi, "/","%2F"), ":","%3A"), "<","%3C"), ">","%3E") ) -> 10.1523%2FJNEUROSCI.2339-19.2020 | K64: =TRIM(_xlfn.TEXTJOIN("_",FALSE(),F64,(SUBSTITUTE(SUBSTITUTE(D64," ",""), "_", "")))) -> DosSantos_etal_2020_Table1 | L64: =J64 & "_" & SUBSTITUTE(SUBSTITUTE(SUBSTITUTE(D64,CHAR(160),"")," ",""),"_","") -> 10.1523%2FJNEUROSCI.2339-19.2020_Table1 | M64: {=IFERROR(INDEX(AUTO_Public_TSV_FileList!$A$1:$A$1000,MATCH(TRUE(),EXACT(L64,IFERROR(_xlfn.TEXTBEFORE(AUTO_Public_TSV_FileList!$A$1:$A$1000,".tsv"),"")),0)),"notfound")} -> 10.1523%2FJNEUROSCI.2339-19.2020_Table1.tsv | O64: VALUE ERROR — cell-count typos (superseded by unpublished) | P64: FINISHED | Q64: added | R64: DosSantos_etal_2020_Table1_snapshot.csv | S64: Y | T64: DosSantos_etal_2020_Table1.csv | U64: pdf online | V64: table | Y64: HH | Z64: HH | AC64: value-error: published Table 1 (main PDF) has transcription typos in several cell counts (some impossible — neurons or microglia > total cells; e.g. Tragelaphus strepsiceros whole-brain cells ~1000x too small). Superseded by the authors' unpublished data. Verify: DosSantos_etal_2020_Table1_check.R + DosSantos_etal_2020_comparison_summary.md. | AE64: EXCLUDED from merged cellcounts (cell-count typos); DosSantos_etal_2020_unpublished used instead (commented out in cellcounts_compiled.R). | AG64: isotropic fractionator | AH64: microglia | AI64: Cell numbers, region size | AJ64: Mammals | AK64: primary; secondary (compiled team data) | AL64: primary | AM64: cell count (microglia)
A65: Dos Santos, S. E., Medeiros, M., Porfirio, J., Tavares, W., Pessoa, L., Grinberg, L., Leite, R. E. P., Ferretti-Rebustini, R. E. L., Suemoto, C. K., Filho, W. J., Noctor, S. C., Sherwood, C. C., Kaas, J. H., Manger, P. R., & Herculano-Houzel, S. (2020). Similar Microglial Cell Densities across Brain Structures and Mammalian Species: Implications for Brain Tissue Function. J Neurosci, 40(24), 4622-4643. https://doi.org/10.1523/JNEUROSCI.2339-19.2020 | D65: unpublished | E65: =RIGHT(A65,1) -> 0 | F65: =G65 & IF(H65<>"", "_" & H65, "_") & IF(I65<>"", "_" & I65, "_") & IF(B65<>"", "_" & B65, "") -> DosSantos_etal_2020 | G65: =SUBSTITUTE(SUBSTITUTE(_xlfn.TEXTBEFORE(A65,","), "-", ""), " ", "") -> DosSantos | H65: =_xlfn.LET( _xlpm.authors,_xlfn.TEXTBEFORE(A65," ("&I65&")"), _xlpm.hasAmp,ISNUMBER(SEARCH("&",_xlpm.authors)), _xlpm.commasBeforeAmp,IF(_xlpm.hasAmp,LEN(_xlfn.TEXTBEFORE(_xlpm.authors,"&"))-LEN(SUBSTITUTE(_xlfn.TEXTBEFORE(_xlpm.authors,"&"),",","")),0), IF(NOT(_xlpm.hasAmp),"",IF(_xlpm.commasBeforeAmp>2,"etal",TRIM(_xlfn.TEXTBEFORE(_xlfn.TEXTAFTER(_xlpm.authors,"& "),",")))) ) -> etal | I65: =_xlfn.TEXTBEFORE(_xlfn.TEXTAFTER(A65, "("), ")") -> 2020 | J65: =_xlfn.LET( _xlpm.doi,IF(C65<>"",C65,_xlfn.TEXTAFTER(A65,"https://doi.org/")), SUBSTITUTE( SUBSTITUTE( SUBSTITUTE( SUBSTITUTE( _xlpm.doi, "/","%2F"), ":","%3A"), "<","%3C"), ">","%3E") ) -> 10.1523%2FJNEUROSCI.2339-19.2020 | K65: =TRIM(_xlfn.TEXTJOIN("_",FALSE(),F65,(SUBSTITUTE(SUBSTITUTE(D65," ",""), "_", "")))) -> DosSantos_etal_2020_unpublished | L65: =J65 & "_" & SUBSTITUTE(SUBSTITUTE(SUBSTITUTE(D65,CHAR(160),"")," ",""),"_","") -> 10.1523%2FJNEUROSCI.2339-19.2020_unpublished | M65: {=IFERROR(INDEX(AUTO_Public_TSV_FileList!$A$1:$A$1000,MATCH(TRUE(),EXACT(L65,IFERROR(_xlfn.TEXTBEFORE(AUTO_Public_TSV_FileList!$A$1:$A$1000,".tsv"),"")),0)),"notfound")} -> 10.1523%2FJNEUROSCI.2339-19.2020_unpublished.tsv | O65: corrected source used in merge (instead of published Table 1) | P65: FINISHED | Q65: added | R65: DosSantos_etal_2020_Table1_snapshot.csv | S65: Y | T65: DosSantos_etal_2020_Table1.csv | U65: pdf online | V65: table | X65: https://doi.org/10.1523/JNEUROSCI.2339-19.2020 | Y65: HH | Z65: HH | AC65: value-correction-source: authors' unpublished spreadsheet used in the merged cellcounts INSTEAD of the published Table 1 (which has cell-count typos); internally consistent and matches Herculano-Houzel et al. 2015. Provides microglia/cell (I/C) ratios; received 22 Mar 2024 via O. S. Todorov from the authors' team. | AG65: isotropic fractionator | AH65: microglia | AI65: Cell numbers, region size | AJ65: Mammals | AK65: primary; secondary (compiled team data) | AL65: primary | AM65: cell count (microglia)
A66: Dos Santos, S. E., Porfirio, J., da Cunha, F. B., Manger, P. R., Tavares, W., Pessoa, L., Raghanti, M. A., Sherwood, C. C., & Herculano-Houzel, S. (2017). Cellular Scaling Rules for the Brains of Marsupials: Not as "Primitive" as Expected. Brain Behav Evol. https://doi.org/10.1159/000452856 | D66: Table S1 | E66: =RIGHT(A66,1) -> 6 | F66: =G66 & IF(H66<>"", "_" & H66, "_") & IF(I66<>"", "_" & I66, "_") & IF(B66<>"", "_" & B66, "") -> DosSantos_etal_2017 | G66: =SUBSTITUTE(SUBSTITUTE(_xlfn.TEXTBEFORE(A66,","), "-", ""), " ", "") -> DosSantos | H66: =_xlfn.LET( _xlpm.authors,_xlfn.TEXTBEFORE(A66," ("&I66&")"), _xlpm.hasAmp,ISNUMBER(SEARCH("&",_xlpm.authors)), _xlpm.commasBeforeAmp,IF(_xlpm.hasAmp,LEN(_xlfn.TEXTBEFORE(_xlpm.authors,"&"))-LEN(SUBSTITUTE(_xlfn.TEXTBEFORE(_xlpm.authors,"&"),",","")),0), IF(NOT(_xlpm.hasAmp),"",IF(_xlpm.commasBeforeAmp>2,"etal",TRIM(_xlfn.TEXTBEFORE(_xlfn.TEXTAFTER(_xlpm.authors,"& "),",")))) ) -> etal | I66: =_xlfn.TEXTBEFORE(_xlfn.TEXTAFTER(A66, "("), ")") -> 2017 | J66: =_xlfn.LET( _xlpm.doi,IF(C66<>"",C66,_xlfn.TEXTAFTER(A66,"https://doi.org/")), SUBSTITUTE( SUBSTITUTE( SUBSTITUTE( SUBSTITUTE( _xlpm.doi, "/","%2F"), ":","%3A"), "<","%3C"), ">","%3E") ) -> 10.1159%2F000452856 | K66: =TRIM(_xlfn.TEXTJOIN("_",FALSE(),F66,(SUBSTITUTE(SUBSTITUTE(D66," ",""), "_", "")))) -> DosSantos_etal_2017_TableS1 | L66: =J66 & "_" & SUBSTITUTE(SUBSTITUTE(SUBSTITUTE(D66,CHAR(160),"")," ",""),"_","") -> 10.1159%2F000452856_TableS1 | M66: {=IFERROR(INDEX(AUTO_Public_TSV_FileList!$A$1:$A$1000,MATCH(TRUE(),EXACT(L66,IFERROR(_xlfn.TEXTBEFORE(AUTO_Public_TSV_FileList!$A$1:$A$1000,".tsv"),"")),0)),"notfound")} -> 10.1159%2F000452856_TableS1.tsv | O66: ERRATUM ! | P66: FINISHED | Q66: added | R66: DosSantos_etal_2017_TableS1_snapshot.csv | S66: Y | T66: DosSantos_etal_2017_TableS1.csv | U66: doc, erratum (on pdf) | V66: table, erratum | W66: YES - download link | X66: https://ndownloader.figstatic.com/files/7428211 | Y66: HH | Z66: HH | AC66: erratum | AG66: isotropic fractionator | AH66: marsupials | AI66: Cell numbers, region size | AJ66: Marsupials | AK66: primary | AL66: primary | AM66: cell count (isotropic fractionator)
A67: Eagleman, D. M., & Vaughn, D. A. (2021). The Defensive Activation Theory: REM Sleep as a Mechanism to Prevent Takeover of the Visual Cortex [Hypothesis and Theory]. Front Neurosci, 15(598), 632853. https://doi.org/10.3389/fnins.2021.632853 | D67: TABLE 1 | E67: =RIGHT(A67,1) -> 3 | F67: =G67 & IF(H67<>"", "_" & H67, "_") & IF(I67<>"", "_" & I67, "_") & IF(B67<>"", "_" & B67, "") -> Eagleman_Vaughn_2021 | G67: =SUBSTITUTE(SUBSTITUTE(_xlfn.TEXTBEFORE(A67,","), "-", ""), " ", "") -> Eagleman | H67: =_xlfn.LET( _xlpm.authors,_xlfn.TEXTBEFORE(A67," ("&I67&")"), _xlpm.hasAmp,ISNUMBER(SEARCH("&",_xlpm.authors)), _xlpm.commasBeforeAmp,IF(_xlpm.hasAmp,LEN(_xlfn.TEXTBEFORE(_xlpm.authors,"&"))-LEN(SUBSTITUTE(_xlfn.TEXTBEFORE(_xlpm.authors,"&"),",","")),0), IF(NOT(_xlpm.hasAmp),"",IF(_xlpm.commasBeforeAmp>2,"etal",TRIM(_xlfn.TEXTBEFORE(_xlfn.TEXTAFTER(_xlpm.authors,"& "),",")))) ) -> Vaughn | I67: =_xlfn.TEXTBEFORE(_xlfn.TEXTAFTER(A67, "("), ")") -> 2021 | J67: =_xlfn.LET( _xlpm.doi,IF(C67<>"",C67,_xlfn.TEXTAFTER(A67,"https://doi.org/")), SUBSTITUTE( SUBSTITUTE( SUBSTITUTE( SUBSTITUTE( _xlpm.doi, "/","%2F"), ":","%3A"), "<","%3C"), ">","%3E") ) -> 10.3389%2Ffnins.2021.632853 | K67: =TRIM(_xlfn.TEXTJOIN("_",FALSE(),F67,(SUBSTITUTE(SUBSTITUTE(D67," ",""), "_", "")))) -> Eagleman_Vaughn_2021_TABLE1 | L67: =J67 & "_" & SUBSTITUTE(SUBSTITUTE(SUBSTITUTE(D67,CHAR(160),"")," ",""),"_","") -> 10.3389%2Ffnins.2021.632853_TABLE1 | M67: {=IFERROR(INDEX(AUTO_Public_TSV_FileList!$A$1:$A$1000,MATCH(TRUE(),EXACT(L67,IFERROR(_xlfn.TEXTBEFORE(AUTO_Public_TSV_FileList!$A$1:$A$1000,".tsv"),"")),0)),"notfound")} -> 10.3389%2Ffnins.2021.632853_TABLE1.tsv | N67: TABLE 1 | Three behavioral correlates of plasticity and the proportion of REM (versus non-REM) sleep in 25 primate species. | U67: pdf | AI67: proportion REM and developmental milestones | AJ67: Mammals | AK67: secondary | AL67: secondary | AM67: behaviour/physiology (REM sleep, development)
A68: Ebinger, P. (1974). A cytoarchitectonic volumetric comparison of brains in wild and domestic sheep. Z Anat Entwicklungsgesch, 144(3), 267-302. https://doi.org/10.1007/BF00522811 | D68: Tables 3-4 | E68: =RIGHT(A68,1) -> 1 | F68: =G68 & IF(H68<>"", "_" & H68, "_") & IF(I68<>"", "_" & I68, "_") & IF(B68<>"", "_" & B68, "") -> Ebinger__1974 | G68: =SUBSTITUTE(SUBSTITUTE(_xlfn.TEXTBEFORE(A68,","), "-", ""), " ", "") -> Ebinger | H68: =_xlfn.LET( _xlpm.authors,_xlfn.TEXTBEFORE(A68," ("&I68&")"), _xlpm.hasAmp,ISNUMBER(SEARCH("&",_xlpm.authors)), _xlpm.commasBeforeAmp,IF(_xlpm.hasAmp,LEN(_xlfn.TEXTBEFORE(_xlpm.authors,"&"))-LEN(SUBSTITUTE(_xlfn.TEXTBEFORE(_xlpm.authors,"&"),",","")),0), IF(NOT(_xlpm.hasAmp),"",IF(_xlpm.commasBeforeAmp>2,"etal",TRIM(_xlfn.TEXTBEFORE(_xlfn.TEXTAFTER(_xlpm.authors,"& "),",")))) ) | I68: =_xlfn.TEXTBEFORE(_xlfn.TEXTAFTER(A68, "("), ")") -> 1974 | J68: =_xlfn.LET( _xlpm.doi,IF(C68<>"",C68,_xlfn.TEXTAFTER(A68,"https://doi.org/")), SUBSTITUTE( SUBSTITUTE( SUBSTITUTE( SUBSTITUTE( _xlpm.doi, "/","%2F"), ":","%3A"), "<","%3C"), ">","%3E") ) -> 10.1007%2FBF00522811 | K68: =TRIM(_xlfn.TEXTJOIN("_",FALSE(),F68,(SUBSTITUTE(SUBSTITUTE(D68," ",""), "_", "")))) -> Ebinger__1974_Tables3-4 | L68: =J68 & "_" & SUBSTITUTE(SUBSTITUTE(SUBSTITUTE(D68,CHAR(160),"")," ",""),"_","") -> 10.1007%2FBF00522811_Tables3-4 | M68: {=IFERROR(INDEX(AUTO_Public_TSV_FileList!$A$1:$A$1000,MATCH(TRUE(),EXACT(L68,IFERROR(_xlfn.TEXTBEFORE(AUTO_Public_TSV_FileList!$A$1:$A$1000,".tsv"),"")),0)),"notfound")} -> 10.1007%2FBF00522811_Tables3-4.tsv | N68: Tables 3-4. Individual absolute brain and brain-structure volumes in wild and domestic sheep | O68: BUILT 2026-08-15: primary regional measurements for 10 individual wild/domestic sheep. | P68: FINISHED | R68: Ebinger__1974_Tables3-4_snapshot.csv | S68: Brain mass converted g to mg; OCR J2879 corrected to the rendered 12879; 260/260 cells otherwise match the export. | T68: Ebinger__1974_Tables3-4.csv | AL68: primary
A69: Falcone, C., Wolf-Ochoa, M., Amina, S., Hong, T., Vakilzadeh, G., Hopkins, W. D., Hof, P. R., Sherwood, C. C., Manger, P. R., Noctor, S. C., & Martinez-Cerdeno, V. (2019). Cortical interlaminar astrocytes across the therian mammal radiation. J Comp Neurol, 527(10), 1654-1674. https://doi.org/10.1002/cne.24605 | D69: TABLE 1 | E69: =RIGHT(A69,1) -> 5 | F69: =G69 & IF(H69<>"", "_" & H69, "_") & IF(I69<>"", "_" & I69, "_") & IF(B69<>"", "_" & B69, "") -> Falcone_etal_2019 | G69: =SUBSTITUTE(SUBSTITUTE(_xlfn.TEXTBEFORE(A69,","), "-", ""), " ", "") -> Falcone | H69: =_xlfn.LET( _xlpm.authors,_xlfn.TEXTBEFORE(A69," ("&I69&")"), _xlpm.hasAmp,ISNUMBER(SEARCH("&",_xlpm.authors)), _xlpm.commasBeforeAmp,IF(_xlpm.hasAmp,LEN(_xlfn.TEXTBEFORE(_xlpm.authors,"&"))-LEN(SUBSTITUTE(_xlfn.TEXTBEFORE(_xlpm.authors,"&"),",","")),0), IF(NOT(_xlpm.hasAmp),"",IF(_xlpm.commasBeforeAmp>2,"etal",TRIM(_xlfn.TEXTBEFORE(_xlfn.TEXTAFTER(_xlpm.authors,"& "),",")))) ) -> etal | I69: =_xlfn.TEXTBEFORE(_xlfn.TEXTAFTER(A69, "("), ")") -> 2019 | J69: =_xlfn.LET( _xlpm.doi,IF(C69<>"",C69,_xlfn.TEXTAFTER(A69,"https://doi.org/")), SUBSTITUTE( SUBSTITUTE( SUBSTITUTE( SUBSTITUTE( _xlpm.doi, "/","%2F"), ":","%3A"), "<","%3C"), ">","%3E") ) -> 10.1002%2Fcne.24605 | K69: =TRIM(_xlfn.TEXTJOIN("_",FALSE(),F69,(SUBSTITUTE(SUBSTITUTE(D69," ",""), "_", "")))) -> Falcone_etal_2019_TABLE1 | L69: =J69 & "_" & SUBSTITUTE(SUBSTITUTE(SUBSTITUTE(D69,CHAR(160),"")," ",""),"_","") -> 10.1002%2Fcne.24605_TABLE1 | M69: {=IFERROR(INDEX(AUTO_Public_TSV_FileList!$A$1:$A$1000,MATCH(TRUE(),EXACT(L69,IFERROR(_xlfn.TEXTBEFORE(AUTO_Public_TSV_FileList!$A$1:$A$1000,".tsv"),"")),0)),"notfound")} -> 10.1002%2Fcne.24605_TABLE1.tsv | N69: TABLE 1 Pial and subpial ILA presence in mammalian species analyzed. Highlighted in red are the species where proper subpial ILA are present | U69: pdf | AI69: interlaminar astrocyte morphology | AJ69: Primates & other mammals | AK69: primary | AL69: primary | AM69: cell morphology (interlaminar astrocytes)
A70: Falcone, C., Wolf-Ochoa, M., Amina, S., Hong, T., Vakilzadeh, G., Hopkins, W. D., Hof, P. R., Sherwood, C. C., Manger, P. R., Noctor, S. C., & Martinez-Cerdeno, V. (2019). Cortical interlaminar astrocytes across the therian mammal radiation. J Comp Neurol, 527(10), 1654-1674. https://doi.org/10.1002/cne.24605 | D70: TABLE 2 | E70: =RIGHT(A70,1) -> 5 | F70: =G70 & IF(H70<>"", "_" & H70, "_") & IF(I70<>"", "_" & I70, "_") & IF(B70<>"", "_" & B70, "") -> Falcone_etal_2019 | G70: =SUBSTITUTE(SUBSTITUTE(_xlfn.TEXTBEFORE(A70,","), "-", ""), " ", "") -> Falcone | H70: =_xlfn.LET( _xlpm.authors,_xlfn.TEXTBEFORE(A70," ("&I70&")"), _xlpm.hasAmp,ISNUMBER(SEARCH("&",_xlpm.authors)), _xlpm.commasBeforeAmp,IF(_xlpm.hasAmp,LEN(_xlfn.TEXTBEFORE(_xlpm.authors,"&"))-LEN(SUBSTITUTE(_xlfn.TEXTBEFORE(_xlpm.authors,"&"),",","")),0), IF(NOT(_xlpm.hasAmp),"",IF(_xlpm.commasBeforeAmp>2,"etal",TRIM(_xlfn.TEXTBEFORE(_xlfn.TEXTAFTER(_xlpm.authors,"& "),",")))) ) -> etal | I70: =_xlfn.TEXTBEFORE(_xlfn.TEXTAFTER(A70, "("), ")") -> 2019 | J70: =_xlfn.LET( _xlpm.doi,IF(C70<>"",C70,_xlfn.TEXTAFTER(A70,"https://doi.org/")), SUBSTITUTE( SUBSTITUTE( SUBSTITUTE( SUBSTITUTE( _xlpm.doi, "/","%2F"), ":","%3A"), "<","%3C"), ">","%3E") ) -> 10.1002%2Fcne.24605 | K70: =TRIM(_xlfn.TEXTJOIN("_",FALSE(),F70,(SUBSTITUTE(SUBSTITUTE(D70," ",""), "_", "")))) -> Falcone_etal_2019_TABLE2 | L70: =J70 & "_" & SUBSTITUTE(SUBSTITUTE(SUBSTITUTE(D70,CHAR(160),"")," ",""),"_","") -> 10.1002%2Fcne.24605_TABLE2 | M70: {=IFERROR(INDEX(AUTO_Public_TSV_FileList!$A$1:$A$1000,MATCH(TRUE(),EXACT(L70,IFERROR(_xlfn.TEXTBEFORE(AUTO_Public_TSV_FileList!$A$1:$A$1000,".tsv"),"")),0)),"notfound")} -> 10.1002%2Fcne.24605_TABLE2.tsv | N70: TABLE 2 ILA linear density, number of primary processes, number of total processes, total length, and complexity, of mammalian species analyzed | U70: pdf | AI70: interlaminar astrocyte morphology | AJ70: Primates & other mammals | AK70: primary | AL70: primary | AM70: cell morphology (interlaminar astrocytes)
A71: Finlay, B. L., Cheung, D. T.-M., & Darlington, R. B. (2006). Developmental constraints on or developmental structure in brain evolution? In Y. Munakata & M. H. Johnson (Eds.), Processes of Change in Brain and Cognitive Development (Vol. 8208, pp. 131-162). Oxford University Press. https://doi.org/10.1093/oso/9780198568742.003.0006 | D71: Table 6.1 | E71: =RIGHT(A71,1) -> 6 | F71: =G71 & IF(H71<>"", "_" & H71, "_") & IF(I71<>"", "_" & I71, "_") & IF(B71<>"", "_" & B71, "") -> Finlay_etal_2006 | G71: =SUBSTITUTE(SUBSTITUTE(_xlfn.TEXTBEFORE(A71,","), "-", ""), " ", "") -> Finlay | H71: =_xlfn.LET( _xlpm.authors,_xlfn.TEXTBEFORE(A71," ("&I71&")"), _xlpm.hasAmp,ISNUMBER(SEARCH("&",_xlpm.authors)), _xlpm.commasBeforeAmp,IF(_xlpm.hasAmp,LEN(_xlfn.TEXTBEFORE(_xlpm.authors,"&"))-LEN(SUBSTITUTE(_xlfn.TEXTBEFORE(_xlpm.authors,"&"),",","")),0), IF(NOT(_xlpm.hasAmp),"",IF(_xlpm.commasBeforeAmp>2,"etal",TRIM(_xlfn.TEXTBEFORE(_xlfn.TEXTAFTER(_xlpm.authors,"& "),",")))) ) -> etal | I71: =_xlfn.TEXTBEFORE(_xlfn.TEXTAFTER(A71, "("), ")") -> 2006 | J71: =_xlfn.LET( _xlpm.doi,IF(C71<>"",C71,_xlfn.TEXTAFTER(A71,"https://doi.org/")), SUBSTITUTE( SUBSTITUTE( SUBSTITUTE( SUBSTITUTE( _xlpm.doi, "/","%2F"), ":","%3A"), "<","%3C"), ">","%3E") ) -> 10.1093%2Foso%2F9780198568742.003.0006 | K71: =TRIM(_xlfn.TEXTJOIN("_",FALSE(),F71,(SUBSTITUTE(SUBSTITUTE(D71," ",""), "_", "")))) -> Finlay_etal_2006_Table6.1 | L71: =J71 & "_" & SUBSTITUTE(SUBSTITUTE(SUBSTITUTE(D71,CHAR(160),"")," ",""),"_","") -> 10.1093%2Foso%2F9780198568742.003.0006_Table6.1 | M71: {=IFERROR(INDEX(AUTO_Public_TSV_FileList!$A$1:$A$1000,MATCH(TRUE(),EXACT(L71,IFERROR(_xlfn.TEXTBEFORE(AUTO_Public_TSV_FileList!$A$1:$A$1000,".tsv"),"")),0)),"notfound")} -> 10.1093%2Foso%2F9780198568742.003.0006_Table6.1.tsv | P71: Species -- wait for Project Kaskan | Q71: NA | R71: Finlay_etal_2006_Table6.1_snapshot.xlsx | S71: Y | T71: Finlay_etal_2006_Table6.1.csv | U71: pdf | V71: table | W71: YES - but formatting issues | X71: https://www.researchgate.net/publication/299027052_Developmental_constraints_on_or_developmental_structure_in_brain_evolution | AB71: summary to check more precise areas from ProjectKaskan | AH71: mammals | AI71: cerebral cortex surface area and number of areas (broadly defined) | AJ71: Mammals | AK71: primary (derived from published materials) | AL71: secondary | AM71: cortical surface area / volume
A72: Frahm, H. D., & Zilles, K. (1994). Volumetric comparison of hippocampal regions in 44 primate species. J Hirnforsch, 35(3), 343-354. https://www.ncbi.nlm.nih.gov/pubmed/7983368 | C72: PMID:7983368 | D72: Table 1 | E72: =RIGHT(A72,1) -> 8 | F72: =G72 & IF(H72<>"", "_" & H72, "_") & IF(I72<>"", "_" & I72, "_") & IF(B72<>"", "_" & B72, "") -> Frahm_Zilles_1994 | G72: =SUBSTITUTE(SUBSTITUTE(_xlfn.TEXTBEFORE(A72,","), "-", ""), " ", "") -> Frahm | H72: =_xlfn.LET( _xlpm.authors,_xlfn.TEXTBEFORE(A72," ("&I72&")"), _xlpm.hasAmp,ISNUMBER(SEARCH("&",_xlpm.authors)), _xlpm.commasBeforeAmp,IF(_xlpm.hasAmp,LEN(_xlfn.TEXTBEFORE(_xlpm.authors,"&"))-LEN(SUBSTITUTE(_xlfn.TEXTBEFORE(_xlpm.authors,"&"),",","")),0), IF(NOT(_xlpm.hasAmp),"",IF(_xlpm.commasBeforeAmp>2,"etal",TRIM(_xlfn.TEXTBEFORE(_xlfn.TEXTAFTER(_xlpm.authors,"& "),",")))) ) -> Zilles | I72: =_xlfn.TEXTBEFORE(_xlfn.TEXTAFTER(A72, "("), ")") -> 1994 | J72: =_xlfn.LET( _xlpm.doi,IF(C72<>"",C72,_xlfn.TEXTAFTER(A72,"https://doi.org/")), SUBSTITUTE( SUBSTITUTE( SUBSTITUTE( SUBSTITUTE( _xlpm.doi, "/","%2F"), ":","%3A"), "<","%3C"), ">","%3E") ) -> PMID%3A7983368 | K72: =TRIM(_xlfn.TEXTJOIN("_",FALSE(),F72,(SUBSTITUTE(SUBSTITUTE(D72," ",""), "_", "")))) -> Frahm_Zilles_1994_Table1 | L72: =J72 & "_" & SUBSTITUTE(SUBSTITUTE(SUBSTITUTE(D72,CHAR(160),"")," ",""),"_","") -> PMID%3A7983368_Table1 | M72: {=IFERROR(INDEX(AUTO_Public_TSV_FileList!$A$1:$A$1000,MATCH(TRUE(),EXACT(L72,IFERROR(_xlfn.TEXTBEFORE(AUTO_Public_TSV_FileList!$A$1:$A$1000,".tsv"),"")),0)),"notfound")} -> PMID%3A7983368_Table1.tsv | N72: Hippocampal regions in 44 primates (Table 1) | V72: table | W72: NO - not digitized | Y72: Stephan | Z72: Stephan | AF72: histological sections | AG72: volumetry | AI72: hippocampal region volumes | AJ72: Insectivora, Scandentia & Primates | AK72: primary | AL72: primary | AM72: volume
A73: Frahm, H. D., & Zilles, K. (1994). Volumetric comparison of hippocampal regions in 44 primate species. J Hirnforsch, 35(3), 343-354. https://www.ncbi.nlm.nih.gov/pubmed/7983368 | C73: PMID:7983368 | D73: Table 2 | E73: =RIGHT(A73,1) -> 8 | F73: =G73 & IF(H73<>"", "_" & H73, "_") & IF(I73<>"", "_" & I73, "_") & IF(B73<>"", "_" & B73, "") -> Frahm_Zilles_1994 | G73: =SUBSTITUTE(SUBSTITUTE(_xlfn.TEXTBEFORE(A73,","), "-", ""), " ", "") -> Frahm | H73: =_xlfn.LET( _xlpm.authors,_xlfn.TEXTBEFORE(A73," ("&I73&")"), _xlpm.hasAmp,ISNUMBER(SEARCH("&",_xlpm.authors)), _xlpm.commasBeforeAmp,IF(_xlpm.hasAmp,LEN(_xlfn.TEXTBEFORE(_xlpm.authors,"&"))-LEN(SUBSTITUTE(_xlfn.TEXTBEFORE(_xlpm.authors,"&"),",","")),0), IF(NOT(_xlpm.hasAmp),"",IF(_xlpm.commasBeforeAmp>2,"etal",TRIM(_xlfn.TEXTBEFORE(_xlfn.TEXTAFTER(_xlpm.authors,"& "),",")))) ) -> Zilles | I73: =_xlfn.TEXTBEFORE(_xlfn.TEXTAFTER(A73, "("), ")") -> 1994 | J73: =_xlfn.LET( _xlpm.doi,IF(C73<>"",C73,_xlfn.TEXTAFTER(A73,"https://doi.org/")), SUBSTITUTE( SUBSTITUTE( SUBSTITUTE( SUBSTITUTE( _xlpm.doi, "/","%2F"), ":","%3A"), "<","%3C"), ">","%3E") ) -> PMID%3A7983368 | K73: =TRIM(_xlfn.TEXTJOIN("_",FALSE(),F73,(SUBSTITUTE(SUBSTITUTE(D73," ",""), "_", "")))) -> Frahm_Zilles_1994_Table2 | L73: =J73 & "_" & SUBSTITUTE(SUBSTITUTE(SUBSTITUTE(D73,CHAR(160),"")," ",""),"_","") -> PMID%3A7983368_Table2 | M73: {=IFERROR(INDEX(AUTO_Public_TSV_FileList!$A$1:$A$1000,MATCH(TRUE(),EXACT(L73,IFERROR(_xlfn.TEXTBEFORE(AUTO_Public_TSV_FileList!$A$1:$A$1000,".tsv"),"")),0)),"notfound")} -> notfound
A74: Frahm, H. D., Rehkamper, G., & Nevo, E. (1997). Brain structure volumes in the mole rat, Spalax ehrenbergi (Spalacidae, Rodentia) in comparison to the rat and subterrestrial insectivores. J Hirnforsch, 38(2), 209-222. https://www.ncbi.nlm.nih.gov/pubmed/9176733 | C74: PMID:9176733 | D74: Table 1 | E74: =RIGHT(A74,1) -> 3 | F74: =G74 & IF(H74<>"", "_" & H74, "_") & IF(I74<>"", "_" & I74, "_") & IF(B74<>"", "_" & B74, "") -> Frahm_etal_1997 | G74: =SUBSTITUTE(SUBSTITUTE(_xlfn.TEXTBEFORE(A74,","), "-", ""), " ", "") -> Frahm | H74: =_xlfn.LET( _xlpm.authors,_xlfn.TEXTBEFORE(A74," ("&I74&")"), _xlpm.hasAmp,ISNUMBER(SEARCH("&",_xlpm.authors)), _xlpm.commasBeforeAmp,IF(_xlpm.hasAmp,LEN(_xlfn.TEXTBEFORE(_xlpm.authors,"&"))-LEN(SUBSTITUTE(_xlfn.TEXTBEFORE(_xlpm.authors,"&"),",","")),0), IF(NOT(_xlpm.hasAmp),"",IF(_xlpm.commasBeforeAmp>2,"etal",TRIM(_xlfn.TEXTBEFORE(_xlfn.TEXTAFTER(_xlpm.authors,"& "),",")))) ) -> etal | I74: =_xlfn.TEXTBEFORE(_xlfn.TEXTAFTER(A74, "("), ")") -> 1997 | J74: =_xlfn.LET( _xlpm.doi,IF(C74<>"",C74,_xlfn.TEXTAFTER(A74,"https://doi.org/")), SUBSTITUTE( SUBSTITUTE( SUBSTITUTE( SUBSTITUTE( _xlpm.doi, "/","%2F"), ":","%3A"), "<","%3C"), ">","%3E") ) -> PMID%3A9176733 | K74: =TRIM(_xlfn.TEXTJOIN("_",FALSE(),F74,(SUBSTITUTE(SUBSTITUTE(D74," ",""), "_", "")))) -> Frahm_etal_1997_Table1 | L74: =J74 & "_" & SUBSTITUTE(SUBSTITUTE(SUBSTITUTE(D74,CHAR(160),"")," ",""),"_","") -> PMID%3A9176733_Table1 | M74: {=IFERROR(INDEX(AUTO_Public_TSV_FileList!$A$1:$A$1000,MATCH(TRUE(),EXACT(L74,IFERROR(_xlfn.TEXTBEFORE(AUTO_Public_TSV_FileList!$A$1:$A$1000,".tsv"),"")),0)),"notfound")} -> PMID%3A9176733_Table1.tsv | N74: Brain structure volumes in Spalax ehrenbergi (Table 1) | V74: table | W74: NO - not digitized | Y74: Stephan | Z74: Stephan | AF74: histological sections | AG74: volumetry | AI74: brain structure volumes (Spalax) | AJ74: Insectivora, Scandentia & Primates | AK74: primary | AL74: primary | AM74: volume
A75: Frahm, H. D., Stephan, H., & Baron, G. (1984). Comparison of brain structure volumes in insectivora and primates. V. Area striata (AS). J Hirnforsch, 25(5), 537-557. https://www.ncbi.nlm.nih.gov/pubmed/6501869 | C75: PMID:6501869 | D75: Table 1 | E75: =RIGHT(A75,1) -> 9 | F75: =G75 & IF(H75<>"", "_" & H75, "_") & IF(I75<>"", "_" & I75, "_") & IF(B75<>"", "_" & B75, "") -> Frahm_etal_1984 | G75: =SUBSTITUTE(SUBSTITUTE(_xlfn.TEXTBEFORE(A75,","), "-", ""), " ", "") -> Frahm | H75: =_xlfn.LET( _xlpm.authors,_xlfn.TEXTBEFORE(A75," ("&I75&")"), _xlpm.hasAmp,ISNUMBER(SEARCH("&",_xlpm.authors)), _xlpm.commasBeforeAmp,IF(_xlpm.hasAmp,LEN(_xlfn.TEXTBEFORE(_xlpm.authors,"&"))-LEN(SUBSTITUTE(_xlfn.TEXTBEFORE(_xlpm.authors,"&"),",","")),0), IF(NOT(_xlpm.hasAmp),"",IF(_xlpm.commasBeforeAmp>2,"etal",TRIM(_xlfn.TEXTBEFORE(_xlfn.TEXTAFTER(_xlpm.authors,"& "),",")))) ) -> etal | I75: =_xlfn.TEXTBEFORE(_xlfn.TEXTAFTER(A75, "("), ")") -> 1984 | J75: =_xlfn.LET( _xlpm.doi,IF(C75<>"",C75,_xlfn.TEXTAFTER(A75,"https://doi.org/")), SUBSTITUTE( SUBSTITUTE( SUBSTITUTE( SUBSTITUTE( _xlpm.doi, "/","%2F"), ":","%3A"), "<","%3C"), ">","%3E") ) -> PMID%3A6501869 | K75: =TRIM(_xlfn.TEXTJOIN("_",FALSE(),F75,(SUBSTITUTE(SUBSTITUTE(D75," ",""), "_", "")))) -> Frahm_etal_1984_Table1 | L75: =J75 & "_" & SUBSTITUTE(SUBSTITUTE(SUBSTITUTE(D75,CHAR(160),"")," ",""),"_","") -> PMID%3A6501869_Table1 | M75: {=IFERROR(INDEX(AUTO_Public_TSV_FileList!$A$1:$A$1000,MATCH(TRUE(),EXACT(L75,IFERROR(_xlfn.TEXTBEFORE(AUTO_Public_TSV_FileList!$A$1:$A$1000,".tsv"),"")),0)),"notfound")} -> PMID%3A6501869_Table1.tsv | N75: Table 1. Volumes of area striata and some of its laminar components (in mm3). | V75: table | W75: NO - not digitized | Y75: Stephan | Z75: Stephan | AF75: histological sections | AG75: volumetry | AI75: area striata volume | AJ75: Insectivora, Scandentia & Primates | AK75: primary | AL75: primary | AM75: volume
A76: Frahm, H. D., Stephan, H., & Stephan, M. (1982). Comparison of brain structure volumes in Insectivora and Primates. I. Neocortex. J Hirnforsch, 23(4), 375-389. https://www.ncbi.nlm.nih.gov/pubmed/7161477 | C76: PMID:7161477 | D76: Table 2 | E76: =RIGHT(A76,1) -> 7 | F76: =G76 & IF(H76<>"", "_" & H76, "_") & IF(I76<>"", "_" & I76, "_") & IF(B76<>"", "_" & B76, "") -> Frahm_etal_1982 | G76: =SUBSTITUTE(SUBSTITUTE(_xlfn.TEXTBEFORE(A76,","), "-", ""), " ", "") -> Frahm | H76: =_xlfn.LET( _xlpm.authors,_xlfn.TEXTBEFORE(A76," ("&I76&")"), _xlpm.hasAmp,ISNUMBER(SEARCH("&",_xlpm.authors)), _xlpm.commasBeforeAmp,IF(_xlpm.hasAmp,LEN(_xlfn.TEXTBEFORE(_xlpm.authors,"&"))-LEN(SUBSTITUTE(_xlfn.TEXTBEFORE(_xlpm.authors,"&"),",","")),0), IF(NOT(_xlpm.hasAmp),"",IF(_xlpm.commasBeforeAmp>2,"etal",TRIM(_xlfn.TEXTBEFORE(_xlfn.TEXTAFTER(_xlpm.authors,"& "),",")))) ) -> etal | I76: =_xlfn.TEXTBEFORE(_xlfn.TEXTAFTER(A76, "("), ")") -> 1982 | J76: =_xlfn.LET( _xlpm.doi,IF(C76<>"",C76,_xlfn.TEXTAFTER(A76,"https://doi.org/")), SUBSTITUTE( SUBSTITUTE( SUBSTITUTE( SUBSTITUTE( _xlpm.doi, "/","%2F"), ":","%3A"), "<","%3C"), ">","%3E") ) -> PMID%3A7161477 | K76: =TRIM(_xlfn.TEXTJOIN("_",FALSE(),F76,(SUBSTITUTE(SUBSTITUTE(D76," ",""), "_", "")))) -> Frahm_etal_1982_Table2 | L76: =J76 & "_" & SUBSTITUTE(SUBSTITUTE(SUBSTITUTE(D76,CHAR(160),"")," ",""),"_","") -> PMID%3A7161477_Table2 | M76: {=IFERROR(INDEX(AUTO_Public_TSV_FileList!$A$1:$A$1000,MATCH(TRUE(),EXACT(L76,IFERROR(_xlfn.TEXTBEFORE(AUTO_Public_TSV_FileList!$A$1:$A$1000,".tsv"),"")),0)),"notfound")} -> PMID%3A7161477_Table2.tsv | N76: Table 2. Volumes and percentages of total neocortex, white and grey matters, and laminae 1 and 2-6 in Insectivora, Scandentia, and Primates. | V76: table | W76: NO - not digitized | Y76: Stephan | Z76: Stephan | AF76: histological sections | AG76: volumetry | AI76: neocortex volume | AJ76: Insectivora, Scandentia & Primates | AK76: primary | AL76: primary | AM76: volume
A77: Frahm, H. D., Zilles, K., Schleicher, A., & Stephan, H. (1998). The size of the middle temporal area in primates. J Hirnforsch, 39(1), 45-54. https://www.ncbi.nlm.nih.gov/pubmed/9672110 | C77: PMID:9672110 | D77: Table 1 | E77: =RIGHT(A77,1) -> 0 | F77: =G77 & IF(H77<>"", "_" & H77, "_") & IF(I77<>"", "_" & I77, "_") & IF(B77<>"", "_" & B77, "") -> Frahm_etal_1998 | G77: =SUBSTITUTE(SUBSTITUTE(_xlfn.TEXTBEFORE(A77,","), "-", ""), " ", "") -> Frahm | H77: =_xlfn.LET( _xlpm.authors,_xlfn.TEXTBEFORE(A77," ("&I77&")"), _xlpm.hasAmp,ISNUMBER(SEARCH("&",_xlpm.authors)), _xlpm.commasBeforeAmp,IF(_xlpm.hasAmp,LEN(_xlfn.TEXTBEFORE(_xlpm.authors,"&"))-LEN(SUBSTITUTE(_xlfn.TEXTBEFORE(_xlpm.authors,"&"),",","")),0), IF(NOT(_xlpm.hasAmp),"",IF(_xlpm.commasBeforeAmp>2,"etal",TRIM(_xlfn.TEXTBEFORE(_xlfn.TEXTAFTER(_xlpm.authors,"& "),",")))) ) -> etal | I77: =_xlfn.TEXTBEFORE(_xlfn.TEXTAFTER(A77, "("), ")") -> 1998 | J77: =_xlfn.LET( _xlpm.doi,IF(C77<>"",C77,_xlfn.TEXTAFTER(A77,"https://doi.org/")), SUBSTITUTE( SUBSTITUTE( SUBSTITUTE( SUBSTITUTE( _xlpm.doi, "/","%2F"), ":","%3A"), "<","%3C"), ">","%3E") ) -> PMID%3A9672110 | K77: =TRIM(_xlfn.TEXTJOIN("_",FALSE(),F77,(SUBSTITUTE(SUBSTITUTE(D77," ",""), "_", "")))) -> Frahm_etal_1998_Table1 | L77: =J77 & "_" & SUBSTITUTE(SUBSTITUTE(SUBSTITUTE(D77,CHAR(160),"")," ",""),"_","") -> PMID%3A9672110_Table1 | M77: {=IFERROR(INDEX(AUTO_Public_TSV_FileList!$A$1:$A$1000,MATCH(TRUE(),EXACT(L77,IFERROR(_xlfn.TEXTBEFORE(AUTO_Public_TSV_FileList!$A$1:$A$1000,".tsv"),"")),0)),"notfound")} -> PMID%3A9672110_Table1.tsv | N77: Size of the middle temporal area in primates (Table 1) | V77: table | W77: NO - not digitized | Y77: Stephan | Z77: Stephan | AF77: histological sections | AG77: volumetry | AI77: middle temporal area (MT) size | AJ77: Insectivora, Scandentia & Primates | AK77: primary | AL77: primary | AM77: volume
A78: Fritsches, K. A., Brill, R. W., & Warrant, E. J. (2005). Warm eyes provide superior vision in swordfishes. Curr Biol, 15(1), 55-58. https://doi.org/10.1016/j.cub.2004.12.064 | D78: Fig 2 | E78: =RIGHT(A78,1) -> 4 | F78: =G78 & IF(H78<>"", "_" & H78, "_") & IF(I78<>"", "_" & I78, "_") & IF(B78<>"", "_" & B78, "") -> Fritsches_etal_2005 | G78: =SUBSTITUTE(SUBSTITUTE(_xlfn.TEXTBEFORE(A78,","), "-", ""), " ", "") -> Fritsches | H78: =_xlfn.LET( _xlpm.authors,_xlfn.TEXTBEFORE(A78," ("&I78&")"), _xlpm.hasAmp,ISNUMBER(SEARCH("&",_xlpm.authors)), _xlpm.commasBeforeAmp,IF(_xlpm.hasAmp,LEN(_xlfn.TEXTBEFORE(_xlpm.authors,"&"))-LEN(SUBSTITUTE(_xlfn.TEXTBEFORE(_xlpm.authors,"&"),",","")),0), IF(NOT(_xlpm.hasAmp),"",IF(_xlpm.commasBeforeAmp>2,"etal",TRIM(_xlfn.TEXTBEFORE(_xlfn.TEXTAFTER(_xlpm.authors,"& "),",")))) ) -> etal | I78: =_xlfn.TEXTBEFORE(_xlfn.TEXTAFTER(A78, "("), ")") -> 2005 | J78: =_xlfn.LET( _xlpm.doi,IF(C78<>"",C78,_xlfn.TEXTAFTER(A78,"https://doi.org/")), SUBSTITUTE( SUBSTITUTE( SUBSTITUTE( SUBSTITUTE( _xlpm.doi, "/","%2F"), ":","%3A"), "<","%3C"), ">","%3E") ) -> 10.1016%2Fj.cub.2004.12.064 | K78: =TRIM(_xlfn.TEXTJOIN("_",FALSE(),F78,(SUBSTITUTE(SUBSTITUTE(D78," ",""), "_", "")))) -> Fritsches_etal_2005_Fig2 | L78: =J78 & "_" & SUBSTITUTE(SUBSTITUTE(SUBSTITUTE(D78,CHAR(160),"")," ",""),"_","") -> 10.1016%2Fj.cub.2004.12.064_Fig2 | M78: {=IFERROR(INDEX(AUTO_Public_TSV_FileList!$A$1:$A$1000,MATCH(TRUE(),EXACT(L78,IFERROR(_xlfn.TEXTBEFORE(AUTO_Public_TSV_FileList!$A$1:$A$1000,".tsv"),"")),0)),"notfound")} -> 10.1016%2Fj.cub.2004.12.064_Fig2.tsv
A79: Fu, Y., Rusznak, Z., Herculano-Houzel, S., Watson, C., & Paxinos, G. (2013). Cellular composition characterizing postnatal development and maturation of the mouse brain and spinal cord. Brain Struct Funct, 218(5), 1337-1354. https://doi.org/10.1007/s00429-012-0462-x | D79: Table 1 | E79: =RIGHT(A79,1) -> x | F79: =G79 & IF(H79<>"", "_" & H79, "_") & IF(I79<>"", "_" & I79, "_") & IF(B79<>"", "_" & B79, "") -> Fu_etal_2013 | G79: =SUBSTITUTE(SUBSTITUTE(_xlfn.TEXTBEFORE(A79,","), "-", ""), " ", "") -> Fu | H79: =_xlfn.LET( _xlpm.authors,_xlfn.TEXTBEFORE(A79," ("&I79&")"), _xlpm.hasAmp,ISNUMBER(SEARCH("&",_xlpm.authors)), _xlpm.commasBeforeAmp,IF(_xlpm.hasAmp,LEN(_xlfn.TEXTBEFORE(_xlpm.authors,"&"))-LEN(SUBSTITUTE(_xlfn.TEXTBEFORE(_xlpm.authors,"&"),",","")),0), IF(NOT(_xlpm.hasAmp),"",IF(_xlpm.commasBeforeAmp>2,"etal",TRIM(_xlfn.TEXTBEFORE(_xlfn.TEXTAFTER(_xlpm.authors,"& "),",")))) ) -> etal | I79: =_xlfn.TEXTBEFORE(_xlfn.TEXTAFTER(A79, "("), ")") -> 2013 | J79: =_xlfn.LET( _xlpm.doi,IF(C79<>"",C79,_xlfn.TEXTAFTER(A79,"https://doi.org/")), SUBSTITUTE( SUBSTITUTE( SUBSTITUTE( SUBSTITUTE( _xlpm.doi, "/","%2F"), ":","%3A"), "<","%3C"), ">","%3E") ) -> 10.1007%2Fs00429-012-0462-x | K79: =TRIM(_xlfn.TEXTJOIN("_",FALSE(),F79,(SUBSTITUTE(SUBSTITUTE(D79," ",""), "_", "")))) -> Fu_etal_2013_Table1 | L79: =J79 & "_" & SUBSTITUTE(SUBSTITUTE(SUBSTITUTE(D79,CHAR(160),"")," ",""),"_","") -> 10.1007%2Fs00429-012-0462-x_Table1 | M79: {=IFERROR(INDEX(AUTO_Public_TSV_FileList!$A$1:$A$1000,MATCH(TRUE(),EXACT(L79,IFERROR(_xlfn.TEXTBEFORE(AUTO_Public_TSV_FileList!$A$1:$A$1000,".tsv"),"")),0)),"notfound")} -> notfound | N79: Table 1 Age-dependent changes affecting the mouse central nervous system and pituitary | P79: NOT STARTED | AA79: number spinal cord neurons | AJ79: review | AK79: mouse (developmental) | AL79: review | AM79: review
A80: Gabi, M., Neves, K., Masseron, C., Ribeiro, P. F., Ventura-Antunes, L., Torres, L., Mota, B., Kaas, J. H., & Herculano-Houzel, S. (2016). No relative expansion of the number of prefrontal neurons in primate and human evolution. Proc Natl Acad Sci U S A, 113(34), 9617-9622. https://doi.org/10.1073/pnas.1610178113 | D80: Table S1 | E80: =RIGHT(A80,1) -> 3 | F80: =G80 & IF(H80<>"", "_" & H80, "_") & IF(I80<>"", "_" & I80, "_") & IF(B80<>"", "_" & B80, "") -> Gabi_etal_2016 | G80: =SUBSTITUTE(SUBSTITUTE(_xlfn.TEXTBEFORE(A80,","), "-", ""), " ", "") -> Gabi | H80: =_xlfn.LET( _xlpm.authors,_xlfn.TEXTBEFORE(A80," ("&I80&")"), _xlpm.hasAmp,ISNUMBER(SEARCH("&",_xlpm.authors)), _xlpm.commasBeforeAmp,IF(_xlpm.hasAmp,LEN(_xlfn.TEXTBEFORE(_xlpm.authors,"&"))-LEN(SUBSTITUTE(_xlfn.TEXTBEFORE(_xlpm.authors,"&"),",","")),0), IF(NOT(_xlpm.hasAmp),"",IF(_xlpm.commasBeforeAmp>2,"etal",TRIM(_xlfn.TEXTBEFORE(_xlfn.TEXTAFTER(_xlpm.authors,"& "),",")))) ) -> etal | I80: =_xlfn.TEXTBEFORE(_xlfn.TEXTAFTER(A80, "("), ")") -> 2016 | J80: =_xlfn.LET( _xlpm.doi,IF(C80<>"",C80,_xlfn.TEXTAFTER(A80,"https://doi.org/")), SUBSTITUTE( SUBSTITUTE( SUBSTITUTE( SUBSTITUTE( _xlpm.doi, "/","%2F"), ":","%3A"), "<","%3C"), ">","%3E") ) -> 10.1073%2Fpnas.1610178113 | K80: =TRIM(_xlfn.TEXTJOIN("_",FALSE(),F80,(SUBSTITUTE(SUBSTITUTE(D80," ",""), "_", "")))) -> Gabi_etal_2016_TableS1 | L80: =J80 & "_" & SUBSTITUTE(SUBSTITUTE(SUBSTITUTE(D80,CHAR(160),"")," ",""),"_","") -> 10.1073%2Fpnas.1610178113_TableS1 | M80: {=IFERROR(INDEX(AUTO_Public_TSV_FileList!$A$1:$A$1000,MATCH(TRUE(),EXACT(L80,IFERROR(_xlfn.TEXTBEFORE(AUTO_Public_TSV_FileList!$A$1:$A$1000,".tsv"),"")),0)),"notfound")} -> 10.1073%2Fpnas.1610178113_TableS1.tsv | P80: FINISHED | R80: Gabi_etal_2016_TableS1_snapshot.xlsx | T80: Gabi_etal_2016_TableS1.csv | U80: pdf (SI Appendix) | V80: table | Y80: HH | AB80: 8 primates incl. human, from the SI Appendix (pnas.201610178si.pdf p.2) added 2026-08-06. The ARTICLE has no main-text table - Item number was corrected from 'Table 1' to 'Table S1'. EVERY VALUE IS A PERCENTAGE, a share of a whole-cortex total, never a count: the absolute prefrontal values are not published (Fig. 6 plots them, no table gives them), so the share is the only published form and HOWTO sec 7 does not bite. Multiply pct.neurons/100 by a species' whole-cortex neuron count to get an absolute - a derivation for the merge to make explicitly. REGIONAL: never pool with CerebralCortex_N.n. Mean %neurons = 8.17 (paper: ~8%) and human 7.8 ranks 3rd of 8, reproducing the paper's finding of no relative prefrontal expansion. The HUMAN hemisphere is the SAME SPECIMEN as Ribeiro_etal_2013 - needs a specimen_crosswalk entry before both contribute a human value. Table S2 (regression slopes) is not registered and not built. | AI80: prefrontal share of cortical gray/white volume, WM non-neuronal cells and cortical neurons | AJ80: Primates (incl. human) | AK80: primary | AL80: primary | AM80: regional share of cortex (pct, not counts)
A81: Garwicz, M., Christensson, M., & Psouni, E. (2009). A unifying model for timing of walking onset in humans and other mammals. Proc Natl Acad Sci U S A, 106(51), 21889-21893. https://doi.org/10.1073/pnas.0905777106 | D81: Table S1 | E81: =RIGHT(A81,1) -> 6 | F81: =G81 & IF(H81<>"", "_" & H81, "_") & IF(I81<>"", "_" & I81, "_") & IF(B81<>"", "_" & B81, "") -> Garwicz_etal_2009 | G81: =SUBSTITUTE(SUBSTITUTE(_xlfn.TEXTBEFORE(A81,","), "-", ""), " ", "") -> Garwicz | H81: =_xlfn.LET( _xlpm.authors,_xlfn.TEXTBEFORE(A81," ("&I81&")"), _xlpm.hasAmp,ISNUMBER(SEARCH("&",_xlpm.authors)), _xlpm.commasBeforeAmp,IF(_xlpm.hasAmp,LEN(_xlfn.TEXTBEFORE(_xlpm.authors,"&"))-LEN(SUBSTITUTE(_xlfn.TEXTBEFORE(_xlpm.authors,"&"),",","")),0), IF(NOT(_xlpm.hasAmp),"",IF(_xlpm.commasBeforeAmp>2,"etal",TRIM(_xlfn.TEXTBEFORE(_xlfn.TEXTAFTER(_xlpm.authors,"& "),",")))) ) -> etal | I81: =_xlfn.TEXTBEFORE(_xlfn.TEXTAFTER(A81, "("), ")") -> 2009 | J81: =_xlfn.LET( _xlpm.doi,IF(C81<>"",C81,_xlfn.TEXTAFTER(A81,"https://doi.org/")), SUBSTITUTE( SUBSTITUTE( SUBSTITUTE( SUBSTITUTE( _xlpm.doi, "/","%2F"), ":","%3A"), "<","%3C"), ">","%3E") ) -> 10.1073%2Fpnas.0905777106 | K81: =TRIM(_xlfn.TEXTJOIN("_",FALSE(),F81,(SUBSTITUTE(SUBSTITUTE(D81," ",""), "_", "")))) -> Garwicz_etal_2009_TableS1 | L81: =J81 & "_" & SUBSTITUTE(SUBSTITUTE(SUBSTITUTE(D81,CHAR(160),"")," ",""),"_","") -> 10.1073%2Fpnas.0905777106_TableS1 | M81: {=IFERROR(INDEX(AUTO_Public_TSV_FileList!$A$1:$A$1000,MATCH(TRUE(),EXACT(L81,IFERROR(_xlfn.TEXTBEFORE(AUTO_Public_TSV_FileList!$A$1:$A$1000,".tsv"),"")),0)),"notfound")} -> 10.1073%2Fpnas.0905777106_TableS1.tsv | N81: Table S1. Taxonomy of species included in the sample | U81: pdf | W81: YES - download link | X81: https://www.pnas.org/doi/suppl/10.1073/pnas.0905777106/suppl_file/0905777106si.pdf | AJ81: Mammals | AL81: secondary | AM81: behavioural/developmental (motor onset)
A82: Garwicz, M., Christensson, M., & Psouni, E. (2009). A unifying model for timing of walking onset in humans and other mammals. Proc Natl Acad Sci U S A, 106(51), 21889-21893. https://doi.org/10.1073/pnas.0905777106 | D82: Table S2 | E82: =RIGHT(A82,1) -> 6 | F82: =G82 & IF(H82<>"", "_" & H82, "_") & IF(I82<>"", "_" & I82, "_") & IF(B82<>"", "_" & B82, "") -> Garwicz_etal_2009 | G82: =SUBSTITUTE(SUBSTITUTE(_xlfn.TEXTBEFORE(A82,","), "-", ""), " ", "") -> Garwicz | H82: =_xlfn.LET( _xlpm.authors,_xlfn.TEXTBEFORE(A82," ("&I82&")"), _xlpm.hasAmp,ISNUMBER(SEARCH("&",_xlpm.authors)), _xlpm.commasBeforeAmp,IF(_xlpm.hasAmp,LEN(_xlfn.TEXTBEFORE(_xlpm.authors,"&"))-LEN(SUBSTITUTE(_xlfn.TEXTBEFORE(_xlpm.authors,"&"),",","")),0), IF(NOT(_xlpm.hasAmp),"",IF(_xlpm.commasBeforeAmp>2,"etal",TRIM(_xlfn.TEXTBEFORE(_xlfn.TEXTAFTER(_xlpm.authors,"& "),",")))) ) -> etal | I82: =_xlfn.TEXTBEFORE(_xlfn.TEXTAFTER(A82, "("), ")") -> 2009 | J82: =_xlfn.LET( _xlpm.doi,IF(C82<>"",C82,_xlfn.TEXTAFTER(A82,"https://doi.org/")), SUBSTITUTE( SUBSTITUTE( SUBSTITUTE( SUBSTITUTE( _xlpm.doi, "/","%2F"), ":","%3A"), "<","%3C"), ">","%3E") ) -> 10.1073%2Fpnas.0905777106 | K82: =TRIM(_xlfn.TEXTJOIN("_",FALSE(),F82,(SUBSTITUTE(SUBSTITUTE(D82," ",""), "_", "")))) -> Garwicz_etal_2009_TableS2 | L82: =J82 & "_" & SUBSTITUTE(SUBSTITUTE(SUBSTITUTE(D82,CHAR(160),"")," ",""),"_","") -> 10.1073%2Fpnas.0905777106_TableS2 | M82: {=IFERROR(INDEX(AUTO_Public_TSV_FileList!$A$1:$A$1000,MATCH(TRUE(),EXACT(L82,IFERROR(_xlfn.TEXTBEFORE(AUTO_Public_TSV_FileList!$A$1:$A$1000,".tsv"),"")),0)),"notfound")} -> notfound | N82: Table S2. Database for multiple-regression model | U82: pdf | W82: YES - download link | X82: https://www.pnas.org/doi/suppl/10.1073/pnas.0905777106/suppl_file/0905777106si.pdf | AJ82: Mammals | AL82: secondary | AM82: behavioural/developmental (motor onset)
A83: Genoud, M., Isler, K., & Martin, R. D. (2018). Comparative analyses of basal rate of metabolism in mammals: data selection does matter. Biol Rev Camb Philos Soc, 93(1), 404-438. https://doi.org/10.1111/brv.12350 | D83: Table S2 | E83: =RIGHT(A83,1) -> 0 | F83: =G83 & IF(H83<>"", "_" & H83, "_") & IF(I83<>"", "_" & I83, "_") & IF(B83<>"", "_" & B83, "") -> Genoud_etal_2018 | G83: =SUBSTITUTE(SUBSTITUTE(_xlfn.TEXTBEFORE(A83,","), "-", ""), " ", "") -> Genoud | H83: =_xlfn.LET( _xlpm.authors,_xlfn.TEXTBEFORE(A83," ("&I83&")"), _xlpm.hasAmp,ISNUMBER(SEARCH("&",_xlpm.authors)), _xlpm.commasBeforeAmp,IF(_xlpm.hasAmp,LEN(_xlfn.TEXTBEFORE(_xlpm.authors,"&"))-LEN(SUBSTITUTE(_xlfn.TEXTBEFORE(_xlpm.authors,"&"),",","")),0), IF(NOT(_xlpm.hasAmp),"",IF(_xlpm.commasBeforeAmp>2,"etal",TRIM(_xlfn.TEXTBEFORE(_xlfn.TEXTAFTER(_xlpm.authors,"& "),",")))) ) -> etal | I83: =_xlfn.TEXTBEFORE(_xlfn.TEXTAFTER(A83, "("), ")") -> 2018 | J83: =_xlfn.LET( _xlpm.doi,IF(C83<>"",C83,_xlfn.TEXTAFTER(A83,"https://doi.org/")), SUBSTITUTE( SUBSTITUTE( SUBSTITUTE( SUBSTITUTE( _xlpm.doi, "/","%2F"), ":","%3A"), "<","%3C"), ">","%3E") ) -> 10.1111%2Fbrv.12350 | K83: =TRIM(_xlfn.TEXTJOIN("_",FALSE(),F83,(SUBSTITUTE(SUBSTITUTE(D83," ",""), "_", "")))) -> Genoud_etal_2018_TableS2 | L83: =J83 & "_" & SUBSTITUTE(SUBSTITUTE(SUBSTITUTE(D83,CHAR(160),"")," ",""),"_","") -> 10.1111%2Fbrv.12350_TableS2 | M83: {=IFERROR(INDEX(AUTO_Public_TSV_FileList!$A$1:$A$1000,MATCH(TRUE(),EXACT(L83,IFERROR(_xlfn.TEXTBEFORE(AUTO_Public_TSV_FileList!$A$1:$A$1000,".tsv"),"")),0)),"notfound")} -> 10.1111%2Fbrv.12350_TableS2.tsv | N83: Table S2. Basal metabolic rate (BMR) database. | P83: NOT STARTED | AA83: BMR | AJ83: review | AL83: secondary | AM83: review
A84: Granatosky, M. C. (2018). A Review of locomotor diversity in mammals with analyses exploring the influence of substrate use, body mass and intermembral index in primates. Journal of Zoology, 306(4), 207-216. https://doi.org/10.1111/jzo.12608 | D84: Table S1 | E84: =RIGHT(A84,1) -> 8 | F84: =G84 & IF(H84<>"", "_" & H84, "_") & IF(I84<>"", "_" & I84, "_") & IF(B84<>"", "_" & B84, "") -> Granatosky__2018 | G84: =SUBSTITUTE(SUBSTITUTE(_xlfn.TEXTBEFORE(A84,","), "-", ""), " ", "") -> Granatosky | H84: =_xlfn.LET( _xlpm.authors,_xlfn.TEXTBEFORE(A84," ("&I84&")"), _xlpm.hasAmp,ISNUMBER(SEARCH("&",_xlpm.authors)), _xlpm.commasBeforeAmp,IF(_xlpm.hasAmp,LEN(_xlfn.TEXTBEFORE(_xlpm.authors,"&"))-LEN(SUBSTITUTE(_xlfn.TEXTBEFORE(_xlpm.authors,"&"),",","")),0), IF(NOT(_xlpm.hasAmp),"",IF(_xlpm.commasBeforeAmp>2,"etal",TRIM(_xlfn.TEXTBEFORE(_xlfn.TEXTAFTER(_xlpm.authors,"& "),",")))) ) | I84: =_xlfn.TEXTBEFORE(_xlfn.TEXTAFTER(A84, "("), ")") -> 2018 | J84: =_xlfn.LET( _xlpm.doi,IF(C84<>"",C84,_xlfn.TEXTAFTER(A84,"https://doi.org/")), SUBSTITUTE( SUBSTITUTE( SUBSTITUTE( SUBSTITUTE( _xlpm.doi, "/","%2F"), ":","%3A"), "<","%3C"), ">","%3E") ) -> 10.1111%2Fjzo.12608 | K84: =TRIM(_xlfn.TEXTJOIN("_",FALSE(),F84,(SUBSTITUTE(SUBSTITUTE(D84," ",""), "_", "")))) -> Granatosky__2018_TableS1 | L84: =J84 & "_" & SUBSTITUTE(SUBSTITUTE(SUBSTITUTE(D84,CHAR(160),"")," ",""),"_","") -> 10.1111%2Fjzo.12608_TableS1 | M84: {=IFERROR(INDEX(AUTO_Public_TSV_FileList!$A$1:$A$1000,MATCH(TRUE(),EXACT(L84,IFERROR(_xlfn.TEXTBEFORE(AUTO_Public_TSV_FileList!$A$1:$A$1000,".tsv"),"")),0)),"notfound")} -> 10.1111%2Fjzo.12608_TableS1.tsv | N84: Table S1. Locomotor profiles for the species used in this study. | P84: NOT STARTED | X84: https://karger.com/bbe/article-pdf/86/3-4/145/2264694/000437413.pdf | AJ84: Mammals | AL84: secondary | AM84: behavioural (locomotion)
A85: Haarlem, C. S., Hynes, C., Jackson, A. L., Mitchell, K. J., O'Connell, R. G., & Healy, K. (2026). Pace of ecology drives the tempo of visual perception across the animal kingdom. Nat Ecol Evol. https://doi.org/10.1038/s41559-026-02994-7 | D85: CFF dataset | E85: =RIGHT(A85,1) -> 7 | F85: =G85 & IF(H85<>"", "_" & H85, "_") & IF(I85<>"", "_" & I85, "_") & IF(B85<>"", "_" & B85, "") -> Haarlem_etal_2026 | G85: =SUBSTITUTE(SUBSTITUTE(_xlfn.TEXTBEFORE(A85,","), "-", ""), " ", "") -> Haarlem | H85: =_xlfn.LET( _xlpm.authors,_xlfn.TEXTBEFORE(A85," ("&I85&")"), _xlpm.hasAmp,ISNUMBER(SEARCH("&",_xlpm.authors)), _xlpm.commasBeforeAmp,IF(_xlpm.hasAmp,LEN(_xlfn.TEXTBEFORE(_xlpm.authors,"&"))-LEN(SUBSTITUTE(_xlfn.TEXTBEFORE(_xlpm.authors,"&"),",","")),0), IF(NOT(_xlpm.hasAmp),"",IF(_xlpm.commasBeforeAmp>2,"etal",TRIM(_xlfn.TEXTBEFORE(_xlfn.TEXTAFTER(_xlpm.authors,"& "),",")))) ) -> etal | I85: =_xlfn.TEXTBEFORE(_xlfn.TEXTAFTER(A85, "("), ")") -> 2026 | J85: =_xlfn.LET( _xlpm.doi,IF(C85<>"",C85,_xlfn.TEXTAFTER(A85,"https://doi.org/")), SUBSTITUTE( SUBSTITUTE( SUBSTITUTE( SUBSTITUTE( _xlpm.doi, "/","%2F"), ":","%3A"), "<","%3C"), ">","%3E") ) -> 10.1038%2Fs41559-026-02994-7 | K85: =TRIM(_xlfn.TEXTJOIN("_",FALSE(),F85,(SUBSTITUTE(SUBSTITUTE(D85," ",""), "_", "")))) -> Haarlem_etal_2026_CFFdataset | L85: =J85 & "_" & SUBSTITUTE(SUBSTITUTE(SUBSTITUTE(D85,CHAR(160),"")," ",""),"_","") -> 10.1038%2Fs41559-026-02994-7_CFFdataset | M85: {=IFERROR(INDEX(AUTO_Public_TSV_FileList!$A$1:$A$1000,MATCH(TRUE(),EXACT(L85,IFERROR(_xlfn.TEXTBEFORE(AUTO_Public_TSV_FileList!$A$1:$A$1000,".tsv"),"")),0)),"notfound")} -> notfound | N85: CFF dataset | X85: https://karger.com/bbe/article-pdf/86/3-4/145/2264694/000437413.pdf | AJ85: review | AL85: review | AM85: review
A86: Heffner, R. S., & Masterton, R. B. (1983). The role of the corticospinal tract in the evolution of human digital dexterity. Brain Behav Evol, 23(3-4), 165-183. https://doi.org/10.1159/000121494 | D86: Table I | E86: =RIGHT(A86,1) -> 4 | F86: =G86 & IF(H86<>"", "_" & H86, "_") & IF(I86<>"", "_" & I86, "_") & IF(B86<>"", "_" & B86, "") -> Heffner_Masterton_1983 | G86: =SUBSTITUTE(SUBSTITUTE(_xlfn.TEXTBEFORE(A86,","), "-", ""), " ", "") -> Heffner | H86: =_xlfn.LET( _xlpm.authors,_xlfn.TEXTBEFORE(A86," ("&I86&")"), _xlpm.hasAmp,ISNUMBER(SEARCH("&",_xlpm.authors)), _xlpm.commasBeforeAmp,IF(_xlpm.hasAmp,LEN(_xlfn.TEXTBEFORE(_xlpm.authors,"&"))-LEN(SUBSTITUTE(_xlfn.TEXTBEFORE(_xlpm.authors,"&"),",","")),0), IF(NOT(_xlpm.hasAmp),"",IF(_xlpm.commasBeforeAmp>2,"etal",TRIM(_xlfn.TEXTBEFORE(_xlfn.TEXTAFTER(_xlpm.authors,"& "),",")))) ) -> Masterton | I86: =_xlfn.TEXTBEFORE(_xlfn.TEXTAFTER(A86, "("), ")") -> 1983 | J86: =_xlfn.LET( _xlpm.doi,IF(C86<>"",C86,_xlfn.TEXTAFTER(A86,"https://doi.org/")), SUBSTITUTE( SUBSTITUTE( SUBSTITUTE( SUBSTITUTE( _xlpm.doi, "/","%2F"), ":","%3A"), "<","%3C"), ">","%3E") ) -> 10.1159%2F000121494 | K86: =TRIM(_xlfn.TEXTJOIN("_",FALSE(),F86,(SUBSTITUTE(SUBSTITUTE(D86," ",""), "_", "")))) -> Heffner_Masterton_1983_TableI | L86: =J86 & "_" & SUBSTITUTE(SUBSTITUTE(SUBSTITUTE(D86,CHAR(160),"")," ",""),"_","") -> 10.1159%2F000121494_TableI | M86: {=IFERROR(INDEX(AUTO_Public_TSV_FileList!$A$1:$A$1000,MATCH(TRUE(),EXACT(L86,IFERROR(_xlfn.TEXTBEFORE(AUTO_Public_TSV_FileList!$A$1:$A$1000,".tsv"),"")),0)),"notfound")} -> 10.1159%2F000121494_TableI.tsv | P86: NOT STARTED | Q86: NA | T86: =IF(S86="N", R86, "write file name") -> write file name | U86: pdf | V86: table | W86: NO - paywall | X86: https://karger.com/bbe/article-pdf/86/3-4/145/2264694/000437413.pdf | AD86: compare to 1975 | AH86: mammals | AI86: digital dexterity | AJ86: Mammals | AL86: secondary | AM86: behavioural (digital dexterity)
A87: Heffner, R., & Masterton, B. (1975). Variation in form of the pyramidal tract and its relationship to digital dexterity. Brain Behav Evol, 12(3), 161-200. https://doi.org/10.1159/000124401 | D87: Table I | E87: =RIGHT(A87,1) -> 1 | F87: =G87 & IF(H87<>"", "_" & H87, "_") & IF(I87<>"", "_" & I87, "_") & IF(B87<>"", "_" & B87, "") -> Heffner_Masterton_1975 | G87: =SUBSTITUTE(SUBSTITUTE(_xlfn.TEXTBEFORE(A87,","), "-", ""), " ", "") -> Heffner | H87: =_xlfn.LET( _xlpm.authors,_xlfn.TEXTBEFORE(A87," ("&I87&")"), _xlpm.hasAmp,ISNUMBER(SEARCH("&",_xlpm.authors)), _xlpm.commasBeforeAmp,IF(_xlpm.hasAmp,LEN(_xlfn.TEXTBEFORE(_xlpm.authors,"&"))-LEN(SUBSTITUTE(_xlfn.TEXTBEFORE(_xlpm.authors,"&"),",","")),0), IF(NOT(_xlpm.hasAmp),"",IF(_xlpm.commasBeforeAmp>2,"etal",TRIM(_xlfn.TEXTBEFORE(_xlfn.TEXTAFTER(_xlpm.authors,"& "),",")))) ) -> Masterton | I87: =_xlfn.TEXTBEFORE(_xlfn.TEXTAFTER(A87, "("), ")") -> 1975 | J87: =_xlfn.LET( _xlpm.doi,IF(C87<>"",C87,_xlfn.TEXTAFTER(A87,"https://doi.org/")), SUBSTITUTE( SUBSTITUTE( SUBSTITUTE( SUBSTITUTE( _xlpm.doi, "/","%2F"), ":","%3A"), "<","%3C"), ">","%3E") ) -> 10.1159%2F000124401 | K87: =TRIM(_xlfn.TEXTJOIN("_",FALSE(),F87,(SUBSTITUTE(SUBSTITUTE(D87," ",""), "_", "")))) -> Heffner_Masterton_1975_TableI | L87: =J87 & "_" & SUBSTITUTE(SUBSTITUTE(SUBSTITUTE(D87,CHAR(160),"")," ",""),"_","") -> 10.1159%2F000124401_TableI | M87: {=IFERROR(INDEX(AUTO_Public_TSV_FileList!$A$1:$A$1000,MATCH(TRUE(),EXACT(L87,IFERROR(_xlfn.TEXTBEFORE(AUTO_Public_TSV_FileList!$A$1:$A$1000,".tsv"),"")),0)),"notfound")} -> 10.1159%2F000124401_TableI.tsv | P87: FINISHED | Q87: added | R87: Heffner_Masterton_1975_TableI_snapshot.xlsx | S87: Y | T87: Heffner_Masterton_1975_TableI.csv | U87: pdf | V87: table | W87: NO - paywall | X87: https://karger.com/bbe/article-pdf/86/3-4/145/2264694/000437413.pdf | AA87: area of pyramidal tract; deepest lamina | AH87: mammals | AI87: digital dexterity | AJ87: Mammals | AK87: mostly secondary | AL87: both | AM87: behavioural (digital dexterity) + corticospinal tract
A88: Heiss, W. D., Habedank, B., Klein, J. C., Herholz, K., Wienhard, K., Lenox, M., & Nutt, R. (2004). Metabolic rates in small brain nuclei determined by high-resolution PET. J Nucl Med, 45(11), 1811-1815. https://www.ncbi.nlm.nih.gov/pubmed/15534048 | C88: PMID:15534048 | D88: TABLE 1 | E88: =RIGHT(A88,1) -> 8 | F88: =G88 & IF(H88<>"", "_" & H88, "_") & IF(I88<>"", "_" & I88, "_") & IF(B88<>"", "_" & B88, "") -> Heiss_etal_2004 | G88: =SUBSTITUTE(SUBSTITUTE(_xlfn.TEXTBEFORE(A88,","), "-", ""), " ", "") -> Heiss | H88: =_xlfn.LET( _xlpm.authors,_xlfn.TEXTBEFORE(A88," ("&I88&")"), _xlpm.hasAmp,ISNUMBER(SEARCH("&",_xlpm.authors)), _xlpm.commasBeforeAmp,IF(_xlpm.hasAmp,LEN(_xlfn.TEXTBEFORE(_xlpm.authors,"&"))-LEN(SUBSTITUTE(_xlfn.TEXTBEFORE(_xlpm.authors,"&"),",","")),0), IF(NOT(_xlpm.hasAmp),"",IF(_xlpm.commasBeforeAmp>2,"etal",TRIM(_xlfn.TEXTBEFORE(_xlfn.TEXTAFTER(_xlpm.authors,"& "),",")))) ) -> etal | I88: =_xlfn.TEXTBEFORE(_xlfn.TEXTAFTER(A88, "("), ")") -> 2004 | J88: =_xlfn.LET( _xlpm.doi,IF(C88<>"",C88,_xlfn.TEXTAFTER(A88,"https://doi.org/")), SUBSTITUTE( SUBSTITUTE( SUBSTITUTE( SUBSTITUTE( _xlpm.doi, "/","%2F"), ":","%3A"), "<","%3C"), ">","%3E") ) -> PMID%3A15534048 | K88: =TRIM(_xlfn.TEXTJOIN("_",FALSE(),F88,(SUBSTITUTE(SUBSTITUTE(D88," ",""), "_", "")))) -> Heiss_etal_2004_TABLE1 | L88: =J88 & "_" & SUBSTITUTE(SUBSTITUTE(SUBSTITUTE(D88,CHAR(160),"")," ",""),"_","") -> PMID%3A15534048_TABLE1 | M88: {=IFERROR(INDEX(AUTO_Public_TSV_FileList!$A$1:$A$1000,MATCH(TRUE(),EXACT(L88,IFERROR(_xlfn.TEXTBEFORE(AUTO_Public_TSV_FileList!$A$1:$A$1000,".tsv"),"")),0)),"notfound")} -> PMID%3A15534048_TABLE1.tsv | N88: TABLE 1 rCMRGlc Values | X88: https://karger.com/bbe/article-pdf/86/3-4/145/2264694/000437413.pdf | AI88: regional cerebral metabolic rates for glucose | AJ88: Humans | AL88: primary | AM88: metabolic (regional cerebral glucose, PET)
A89: Heldstab, S. A., Kosonen, Z. K., Koski, S. E., Burkart, J. M., van Schaik, C. P., & Isler, K. (2016). Manipulation complexity in primates coevolved with brain size and terrestriality. Sci Rep, 6, 24528. https://doi.org/10.1038/srep24528 | D89: Table S1 | E89: =RIGHT(A89,1) -> 8 | F89: =G89 & IF(H89<>"", "_" & H89, "_") & IF(I89<>"", "_" & I89, "_") & IF(B89<>"", "_" & B89, "") -> Heldstab_etal_2016 | G89: =SUBSTITUTE(SUBSTITUTE(_xlfn.TEXTBEFORE(A89,","), "-", ""), " ", "") -> Heldstab | H89: =_xlfn.LET( _xlpm.authors,_xlfn.TEXTBEFORE(A89," ("&I89&")"), _xlpm.hasAmp,ISNUMBER(SEARCH("&",_xlpm.authors)), _xlpm.commasBeforeAmp,IF(_xlpm.hasAmp,LEN(_xlfn.TEXTBEFORE(_xlpm.authors,"&"))-LEN(SUBSTITUTE(_xlfn.TEXTBEFORE(_xlpm.authors,"&"),",","")),0), IF(NOT(_xlpm.hasAmp),"",IF(_xlpm.commasBeforeAmp>2,"etal",TRIM(_xlfn.TEXTBEFORE(_xlfn.TEXTAFTER(_xlpm.authors,"& "),",")))) ) -> etal | I89: =_xlfn.TEXTBEFORE(_xlfn.TEXTAFTER(A89, "("), ")") -> 2016 | J89: =_xlfn.LET( _xlpm.doi,IF(C89<>"",C89,_xlfn.TEXTAFTER(A89,"https://doi.org/")), SUBSTITUTE( SUBSTITUTE( SUBSTITUTE( SUBSTITUTE( _xlpm.doi, "/","%2F"), ":","%3A"), "<","%3C"), ">","%3E") ) -> 10.1038%2Fsrep24528 | K89: =TRIM(_xlfn.TEXTJOIN("_",FALSE(),F89,(SUBSTITUTE(SUBSTITUTE(D89," ",""), "_", "")))) -> Heldstab_etal_2016_TableS1 | L89: =J89 & "_" & SUBSTITUTE(SUBSTITUTE(SUBSTITUTE(D89,CHAR(160),"")," ",""),"_","") -> 10.1038%2Fsrep24528_TableS1 | M89: {=IFERROR(INDEX(AUTO_Public_TSV_FileList!$A$1:$A$1000,MATCH(TRUE(),EXACT(L89,IFERROR(_xlfn.TEXTBEFORE(AUTO_Public_TSV_FileList!$A$1:$A$1000,".tsv"),"")),0)),"notfound")} -> 10.1038%2Fsrep24528_TableS1.tsv | P89: NOT STARTED | Q89: NA | T89: =IF(S89="N", R89, "write file name") -> write file name | U89: pdf | V89: table | X89: https://karger.com/bbe/article-pdf/86/3-4/145/2264694/000437413.pdf | AH89: primates | AI89: manipulation complexity | AJ89: Primates | AL89: secondary | AM89: behavioural (manipulation complexity)
A90: Herculano-Houzel, S. (2015). Decreasing sleep requirement with increasing numbers of neurons as a driver for bigger brains and bodies in mammalian evolution. Proc Biol Sci, 282(1816), 20151853. https://doi.org/10.1098/rspb.2015.1853 | D90: Table 1 | E90: =RIGHT(A90,1) -> 3 | F90: =G90 & IF(H90<>"", "_" & H90, "_") & IF(I90<>"", "_" & I90, "_") & IF(B90<>"", "_" & B90, "") -> HerculanoHouzel__2015 | G90: =SUBSTITUTE(SUBSTITUTE(_xlfn.TEXTBEFORE(A90,","), "-", ""), " ", "") -> HerculanoHouzel | H90: =_xlfn.LET( _xlpm.authors,_xlfn.TEXTBEFORE(A90," ("&I90&")"), _xlpm.hasAmp,ISNUMBER(SEARCH("&",_xlpm.authors)), _xlpm.commasBeforeAmp,IF(_xlpm.hasAmp,LEN(_xlfn.TEXTBEFORE(_xlpm.authors,"&"))-LEN(SUBSTITUTE(_xlfn.TEXTBEFORE(_xlpm.authors,"&"),",","")),0), IF(NOT(_xlpm.hasAmp),"",IF(_xlpm.commasBeforeAmp>2,"etal",TRIM(_xlfn.TEXTBEFORE(_xlfn.TEXTAFTER(_xlpm.authors,"& "),",")))) ) | I90: =_xlfn.TEXTBEFORE(_xlfn.TEXTAFTER(A90, "("), ")") -> 2015 | J90: =_xlfn.LET( _xlpm.doi,IF(C90<>"",C90,_xlfn.TEXTAFTER(A90,"https://doi.org/")), SUBSTITUTE( SUBSTITUTE( SUBSTITUTE( SUBSTITUTE( _xlpm.doi, "/","%2F"), ":","%3A"), "<","%3C"), ">","%3E") ) -> 10.1098%2Frspb.2015.1853 | K90: =TRIM(_xlfn.TEXTJOIN("_",FALSE(),F90,(SUBSTITUTE(SUBSTITUTE(D90," ",""), "_", "")))) -> HerculanoHouzel__2015_Table1 | L90: =J90 & "_" & SUBSTITUTE(SUBSTITUTE(SUBSTITUTE(D90,CHAR(160),"")," ",""),"_","") -> 10.1098%2Frspb.2015.1853_Table1 | M90: {=IFERROR(INDEX(AUTO_Public_TSV_FileList!$A$1:$A$1000,MATCH(TRUE(),EXACT(L90,IFERROR(_xlfn.TEXTBEFORE(AUTO_Public_TSV_FileList!$A$1:$A$1000,".tsv"),"")),0)),"notfound")} -> 10.1098%2Frspb.2015.1853_Table1.tsv | U90: pdf | V90: table | AI90: sleep time & neuron density | AJ90: Mammals | AL90: both | AM90: sleep + neuron density
A91: Herculano-Houzel, S. (2015). Decreasing sleep requirement with increasing numbers of neurons as a driver for bigger brains and bodies in mammalian evolution. Proc Biol Sci, 282(1816), 20151853. https://doi.org/10.1098/rspb.2015.1853 | D91: Table 2 | E91: =RIGHT(A91,1) -> 3 | F91: =G91 & IF(H91<>"", "_" & H91, "_") & IF(I91<>"", "_" & I91, "_") & IF(B91<>"", "_" & B91, "") -> HerculanoHouzel__2015 | G91: =SUBSTITUTE(SUBSTITUTE(_xlfn.TEXTBEFORE(A91,","), "-", ""), " ", "") -> HerculanoHouzel | H91: =_xlfn.LET( _xlpm.authors,_xlfn.TEXTBEFORE(A91," ("&I91&")"), _xlpm.hasAmp,ISNUMBER(SEARCH("&",_xlpm.authors)), _xlpm.commasBeforeAmp,IF(_xlpm.hasAmp,LEN(_xlfn.TEXTBEFORE(_xlpm.authors,"&"))-LEN(SUBSTITUTE(_xlfn.TEXTBEFORE(_xlpm.authors,"&"),",","")),0), IF(NOT(_xlpm.hasAmp),"",IF(_xlpm.commasBeforeAmp>2,"etal",TRIM(_xlfn.TEXTBEFORE(_xlfn.TEXTAFTER(_xlpm.authors,"& "),",")))) ) | I91: =_xlfn.TEXTBEFORE(_xlfn.TEXTAFTER(A91, "("), ")") -> 2015 | J91: =_xlfn.LET( _xlpm.doi,IF(C91<>"",C91,_xlfn.TEXTAFTER(A91,"https://doi.org/")), SUBSTITUTE( SUBSTITUTE( SUBSTITUTE( SUBSTITUTE( _xlpm.doi, "/","%2F"), ":","%3A"), "<","%3C"), ">","%3E") ) -> 10.1098%2Frspb.2015.1853 | K91: =TRIM(_xlfn.TEXTJOIN("_",FALSE(),F91,(SUBSTITUTE(SUBSTITUTE(D91," ",""), "_", "")))) -> HerculanoHouzel__2015_Table2 | L91: =J91 & "_" & SUBSTITUTE(SUBSTITUTE(SUBSTITUTE(D91,CHAR(160),"")," ",""),"_","") -> 10.1098%2Frspb.2015.1853_Table2 | M91: {=IFERROR(INDEX(AUTO_Public_TSV_FileList!$A$1:$A$1000,MATCH(TRUE(),EXACT(L91,IFERROR(_xlfn.TEXTBEFORE(AUTO_Public_TSV_FileList!$A$1:$A$1000,".tsv"),"")),0)),"notfound")} -> 10.1098%2Frspb.2015.1853_Table2.tsv | N91: Table 2. Dataset on the ontogeny of sleep and cellular composition of the rat brain used in this study. | U91: pdf | V91: table | AI91: Per cent of hours asleep and brain size and composition | AJ91: Mammals | AK91: secondary | AL91: both | AM91: sleep (per cent hours asleep)
A92: Herculano-Houzel, S., Catania, K., Manger, P. R., & Kaas, J. H. (2015). Mammalian brains are made of these: A dataset of the numbers and densities of neuronal and nonneuronal cells in the brain of glires, primates, scandentia, eulipotyphlans, afrotherians and artiodactyls, and their relationship with body mass. Brain Behav Evol, 86(3-4), 145-163. https://doi.org/10.1159/000437413 | D92: Table 1 | E92: =RIGHT(A92,1) -> 3 | F92: =G92 & IF(H92<>"", "_" & H92, "_") & IF(I92<>"", "_" & I92, "_") & IF(B92<>"", "_" & B92, "") -> HerculanoHouzel_etal_2015 | G92: =SUBSTITUTE(SUBSTITUTE(_xlfn.TEXTBEFORE(A92,","), "-", ""), " ", "") -> HerculanoHouzel | H92: =_xlfn.LET( _xlpm.authors,_xlfn.TEXTBEFORE(A92," ("&I92&")"), _xlpm.hasAmp,ISNUMBER(SEARCH("&",_xlpm.authors)), _xlpm.commasBeforeAmp,IF(_xlpm.hasAmp,LEN(_xlfn.TEXTBEFORE(_xlpm.authors,"&"))-LEN(SUBSTITUTE(_xlfn.TEXTBEFORE(_xlpm.authors,"&"),",","")),0), IF(NOT(_xlpm.hasAmp),"",IF(_xlpm.commasBeforeAmp>2,"etal",TRIM(_xlfn.TEXTBEFORE(_xlfn.TEXTAFTER(_xlpm.authors,"& "),",")))) ) -> etal | I92: =_xlfn.TEXTBEFORE(_xlfn.TEXTAFTER(A92, "("), ")") -> 2015 | J92: =_xlfn.LET( _xlpm.doi,IF(C92<>"",C92,_xlfn.TEXTAFTER(A92,"https://doi.org/")), SUBSTITUTE( SUBSTITUTE( SUBSTITUTE( SUBSTITUTE( _xlpm.doi, "/","%2F"), ":","%3A"), "<","%3C"), ">","%3E") ) -> 10.1159%2F000437413 | K92: =TRIM(_xlfn.TEXTJOIN("_",FALSE(),F92,(SUBSTITUTE(SUBSTITUTE(D92," ",""), "_", "")))) -> HerculanoHouzel_etal_2015_Table1 | L92: =J92 & "_" & SUBSTITUTE(SUBSTITUTE(SUBSTITUTE(D92,CHAR(160),"")," ",""),"_","") -> 10.1159%2F000437413_Table1 | M92: {=IFERROR(INDEX(AUTO_Public_TSV_FileList!$A$1:$A$1000,MATCH(TRUE(),EXACT(L92,IFERROR(_xlfn.TEXTBEFORE(AUTO_Public_TSV_FileList!$A$1:$A$1000,".tsv"),"")),0)),"notfound")} -> 10.1159%2F000437413_Table1.tsv | N92: Table 1. Cerebral cortex | P92: FINISHED | Q92: added | R92: HerculanoHouzel_etal_2015_Table1_snapshot.xlsx | S92: Y | T92: HerculanoHouzel_etal_2015_Table1.csv | U92: pdf | V92: table | W92: YES - but formatting issues | X92: https://karger.com/bbe/article-pdf/86/3-4/145/2264694/000437413.pdf | Y92: HH | Z92: HH | AC92: formatting-fix: ' + ' shown for ' ± ' (Rattus norvegicus, col N,n) corrected in .R script. | AG92: isotropic fractionator | AH92: placental mammals | AI92: Cell numbers, region size | AJ92: Mammals (placental) | AL92: primary | AM92: cell count (isotropic fractionator)
A93: Herculano-Houzel, S., Catania, K., Manger, P. R., & Kaas, J. H. (2015). Mammalian brains are made of these: A dataset of the numbers and densities of neuronal and nonneuronal cells in the brain of glires, primates, scandentia, eulipotyphlans, afrotherians and artiodactyls, and their relationship with body mass. Brain Behav Evol, 86(3-4), 145-163. https://doi.org/10.1159/000437413 | D93: Table 2 | E93: =RIGHT(A93,1) -> 3 | F93: =G93 & IF(H93<>"", "_" & H93, "_") & IF(I93<>"", "_" & I93, "_") & IF(B93<>"", "_" & B93, "") -> HerculanoHouzel_etal_2015 | G93: =SUBSTITUTE(SUBSTITUTE(_xlfn.TEXTBEFORE(A93,","), "-", ""), " ", "") -> HerculanoHouzel | H93: =_xlfn.LET( _xlpm.authors,_xlfn.TEXTBEFORE(A93," ("&I93&")"), _xlpm.hasAmp,ISNUMBER(SEARCH("&",_xlpm.authors)), _xlpm.commasBeforeAmp,IF(_xlpm.hasAmp,LEN(_xlfn.TEXTBEFORE(_xlpm.authors,"&"))-LEN(SUBSTITUTE(_xlfn.TEXTBEFORE(_xlpm.authors,"&"),",","")),0), IF(NOT(_xlpm.hasAmp),"",IF(_xlpm.commasBeforeAmp>2,"etal",TRIM(_xlfn.TEXTBEFORE(_xlfn.TEXTAFTER(_xlpm.authors,"& "),",")))) ) -> etal | I93: =_xlfn.TEXTBEFORE(_xlfn.TEXTAFTER(A93, "("), ")") -> 2015 | J93: =_xlfn.LET( _xlpm.doi,IF(C93<>"",C93,_xlfn.TEXTAFTER(A93,"https://doi.org/")), SUBSTITUTE( SUBSTITUTE( SUBSTITUTE( SUBSTITUTE( _xlpm.doi, "/","%2F"), ":","%3A"), "<","%3C"), ">","%3E") ) -> 10.1159%2F000437413 | K93: =TRIM(_xlfn.TEXTJOIN("_",FALSE(),F93,(SUBSTITUTE(SUBSTITUTE(D93," ",""), "_", "")))) -> HerculanoHouzel_etal_2015_Table2 | L93: =J93 & "_" & SUBSTITUTE(SUBSTITUTE(SUBSTITUTE(D93,CHAR(160),"")," ",""),"_","") -> 10.1159%2F000437413_Table2 | M93: {=IFERROR(INDEX(AUTO_Public_TSV_FileList!$A$1:$A$1000,MATCH(TRUE(),EXACT(L93,IFERROR(_xlfn.TEXTBEFORE(AUTO_Public_TSV_FileList!$A$1:$A$1000,".tsv"),"")),0)),"notfound")} -> 10.1159%2F000437413_Table2.tsv | N93: Table 2. Cerebellum | P93: FINISHED | Q93: added | R93: HerculanoHouzel_etal_2015_Table2_snapshot.xlsx | S93: Y | T93: HerculanoHouzel_etal_2015_Table2.csv | U93: pdf | V93: table | W93: YES - but formatting issues | X93: https://karger.com/bbe/article-pdf/86/3-4/145/2264694/000437413.pdf | Y93: HH | Z93: HH | AG93: isotropic fractionator | AH93: placental mammals | AI93: Cell numbers, region size | AJ93: Mammals (placental) | AL93: primary | AM93: cell count (isotropic fractionator)
A94: Herculano-Houzel, S., Catania, K., Manger, P. R., & Kaas, J. H. (2015). Mammalian brains are made of these: A dataset of the numbers and densities of neuronal and nonneuronal cells in the brain of glires, primates, scandentia, eulipotyphlans, afrotherians and artiodactyls, and their relationship with body mass. Brain Behav Evol, 86(3-4), 145-163. https://doi.org/10.1159/000437413 | D94: Table 3 | E94: =RIGHT(A94,1) -> 3 | F94: =G94 & IF(H94<>"", "_" & H94, "_") & IF(I94<>"", "_" & I94, "_") & IF(B94<>"", "_" & B94, "") -> HerculanoHouzel_etal_2015 | G94: =SUBSTITUTE(SUBSTITUTE(_xlfn.TEXTBEFORE(A94,","), "-", ""), " ", "") -> HerculanoHouzel | H94: =_xlfn.LET( _xlpm.authors,_xlfn.TEXTBEFORE(A94," ("&I94&")"), _xlpm.hasAmp,ISNUMBER(SEARCH("&",_xlpm.authors)), _xlpm.commasBeforeAmp,IF(_xlpm.hasAmp,LEN(_xlfn.TEXTBEFORE(_xlpm.authors,"&"))-LEN(SUBSTITUTE(_xlfn.TEXTBEFORE(_xlpm.authors,"&"),",","")),0), IF(NOT(_xlpm.hasAmp),"",IF(_xlpm.commasBeforeAmp>2,"etal",TRIM(_xlfn.TEXTBEFORE(_xlfn.TEXTAFTER(_xlpm.authors,"& "),",")))) ) -> etal | I94: =_xlfn.TEXTBEFORE(_xlfn.TEXTAFTER(A94, "("), ")") -> 2015 | J94: =_xlfn.LET( _xlpm.doi,IF(C94<>"",C94,_xlfn.TEXTAFTER(A94,"https://doi.org/")), SUBSTITUTE( SUBSTITUTE( SUBSTITUTE( SUBSTITUTE( _xlpm.doi, "/","%2F"), ":","%3A"), "<","%3C"), ">","%3E") ) -> 10.1159%2F000437413 | K94: =TRIM(_xlfn.TEXTJOIN("_",FALSE(),F94,(SUBSTITUTE(SUBSTITUTE(D94," ",""), "_", "")))) -> HerculanoHouzel_etal_2015_Table3 | L94: =J94 & "_" & SUBSTITUTE(SUBSTITUTE(SUBSTITUTE(D94,CHAR(160),"")," ",""),"_","") -> 10.1159%2F000437413_Table3 | M94: {=IFERROR(INDEX(AUTO_Public_TSV_FileList!$A$1:$A$1000,MATCH(TRUE(),EXACT(L94,IFERROR(_xlfn.TEXTBEFORE(AUTO_Public_TSV_FileList!$A$1:$A$1000,".tsv"),"")),0)),"notfound")} -> 10.1159%2F000437413_Table3.tsv | N94: Table 3. RoB | P94: FINISHED | Q94: added | R94: HerculanoHouzel_etal_2015_Table3_snapshot.xlsx | S94: Y | T94: HerculanoHouzel_etal_2015_Table3.csv | U94: pdf | V94: table | W94: YES - but formatting issues | X94: https://karger.com/bbe/article-pdf/86/3-4/145/2264694/000437413.pdf | Y94: HH | Z94: HH | AG94: isotropic fractionator | AH94: placental mammals | AI94: Cell numbers, region size | AJ94: Mammals (placental) | AL94: primary | AM94: cell count (isotropic fractionator)
A95: Herculano-Houzel, S., Catania, K., Manger, P. R., & Kaas, J. H. (2015). Mammalian brains are made of these: A dataset of the numbers and densities of neuronal and nonneuronal cells in the brain of glires, primates, scandentia, eulipotyphlans, afrotherians and artiodactyls, and their relationship with body mass. Brain Behav Evol, 86(3-4), 145-163. https://doi.org/10.1159/000437413 | D95: Table 4 | E95: =RIGHT(A95,1) -> 3 | F95: =G95 & IF(H95<>"", "_" & H95, "_") & IF(I95<>"", "_" & I95, "_") & IF(B95<>"", "_" & B95, "") -> HerculanoHouzel_etal_2015 | G95: =SUBSTITUTE(SUBSTITUTE(_xlfn.TEXTBEFORE(A95,","), "-", ""), " ", "") -> HerculanoHouzel | H95: =_xlfn.LET( _xlpm.authors,_xlfn.TEXTBEFORE(A95," ("&I95&")"), _xlpm.hasAmp,ISNUMBER(SEARCH("&",_xlpm.authors)), _xlpm.commasBeforeAmp,IF(_xlpm.hasAmp,LEN(_xlfn.TEXTBEFORE(_xlpm.authors,"&"))-LEN(SUBSTITUTE(_xlfn.TEXTBEFORE(_xlpm.authors,"&"),",","")),0), IF(NOT(_xlpm.hasAmp),"",IF(_xlpm.commasBeforeAmp>2,"etal",TRIM(_xlfn.TEXTBEFORE(_xlfn.TEXTAFTER(_xlpm.authors,"& "),",")))) ) -> etal | I95: =_xlfn.TEXTBEFORE(_xlfn.TEXTAFTER(A95, "("), ")") -> 2015 | J95: =_xlfn.LET( _xlpm.doi,IF(C95<>"",C95,_xlfn.TEXTAFTER(A95,"https://doi.org/")), SUBSTITUTE( SUBSTITUTE( SUBSTITUTE( SUBSTITUTE( _xlpm.doi, "/","%2F"), ":","%3A"), "<","%3C"), ">","%3E") ) -> 10.1159%2F000437413 | K95: =TRIM(_xlfn.TEXTJOIN("_",FALSE(),F95,(SUBSTITUTE(SUBSTITUTE(D95," ",""), "_", "")))) -> HerculanoHouzel_etal_2015_Table4 | L95: =J95 & "_" & SUBSTITUTE(SUBSTITUTE(SUBSTITUTE(D95,CHAR(160),"")," ",""),"_","") -> 10.1159%2F000437413_Table4 | M95: {=IFERROR(INDEX(AUTO_Public_TSV_FileList!$A$1:$A$1000,MATCH(TRUE(),EXACT(L95,IFERROR(_xlfn.TEXTBEFORE(AUTO_Public_TSV_FileList!$A$1:$A$1000,".tsv"),"")),0)),"notfound")} -> 10.1159%2F000437413_Table4.tsv | N95: Table 4. Olfactory bulb | P95: FINISHED | Q95: added | R95: HerculanoHouzel_etal_2015_Table4_snapshot.xlsx | S95: Y | T95: HerculanoHouzel_etal_2015_Table4.csv | U95: pdf | V95: table | W95: YES - but formatting issues | X95: https://karger.com/bbe/article-pdf/86/3-4/145/2264694/000437413.pdf | Y95: HH | Z95: HH | AG95: isotropic fractionator | AH95: placental mammals | AI95: Cell numbers, region size | AJ95: Mammals (placental) | AL95: primary | AM95: cell count (isotropic fractionator)
A96: Herculano-Houzel, S., Catania, K., Manger, P. R., & Kaas, J. H. (2015). Mammalian brains are made of these: A dataset of the numbers and densities of neuronal and nonneuronal cells in the brain of glires, primates, scandentia, eulipotyphlans, afrotherians and artiodactyls, and their relationship with body mass. Brain Behav Evol, 86(3-4), 145-163. https://doi.org/10.1159/000437413 | D96: Table 5 | E96: =RIGHT(A96,1) -> 3 | F96: =G96 & IF(H96<>"", "_" & H96, "_") & IF(I96<>"", "_" & I96, "_") & IF(B96<>"", "_" & B96, "") -> HerculanoHouzel_etal_2015 | G96: =SUBSTITUTE(SUBSTITUTE(_xlfn.TEXTBEFORE(A96,","), "-", ""), " ", "") -> HerculanoHouzel | H96: =_xlfn.LET( _xlpm.authors,_xlfn.TEXTBEFORE(A96," ("&I96&")"), _xlpm.hasAmp,ISNUMBER(SEARCH("&",_xlpm.authors)), _xlpm.commasBeforeAmp,IF(_xlpm.hasAmp,LEN(_xlfn.TEXTBEFORE(_xlpm.authors,"&"))-LEN(SUBSTITUTE(_xlfn.TEXTBEFORE(_xlpm.authors,"&"),",","")),0), IF(NOT(_xlpm.hasAmp),"",IF(_xlpm.commasBeforeAmp>2,"etal",TRIM(_xlfn.TEXTBEFORE(_xlfn.TEXTAFTER(_xlpm.authors,"& "),",")))) ) -> etal | I96: =_xlfn.TEXTBEFORE(_xlfn.TEXTAFTER(A96, "("), ")") -> 2015 | J96: =_xlfn.LET( _xlpm.doi,IF(C96<>"",C96,_xlfn.TEXTAFTER(A96,"https://doi.org/")), SUBSTITUTE( SUBSTITUTE( SUBSTITUTE( SUBSTITUTE( _xlpm.doi, "/","%2F"), ":","%3A"), "<","%3C"), ">","%3E") ) -> 10.1159%2F000437413 | K96: =TRIM(_xlfn.TEXTJOIN("_",FALSE(),F96,(SUBSTITUTE(SUBSTITUTE(D96," ",""), "_", "")))) -> HerculanoHouzel_etal_2015_Table5 | L96: =J96 & "_" & SUBSTITUTE(SUBSTITUTE(SUBSTITUTE(D96,CHAR(160),"")," ",""),"_","") -> 10.1159%2F000437413_Table5 | M96: {=IFERROR(INDEX(AUTO_Public_TSV_FileList!$A$1:$A$1000,MATCH(TRUE(),EXACT(L96,IFERROR(_xlfn.TEXTBEFORE(AUTO_Public_TSV_FileList!$A$1:$A$1000,".tsv"),"")),0)),"notfound")} -> 10.1159%2F000437413_Table5.tsv | N96: Table 5. Whole brain | P96: FINISHED | Q96: added | R96: HerculanoHouzel_etal_2015_Table5_snapshot.xlsx | S96: Y | T96: HerculanoHouzel_etal_2015_Table5.csv | U96: pdf | V96: table | W96: YES - but formatting issues | X96: https://karger.com/bbe/article-pdf/86/3-4/145/2264694/000437413.pdf | Y96: HH | Z96: HH | AG96: isotropic fractionator | AH96: placental mammals | AI96: Cell numbers, region size | AJ96: Mammals (placental) | AL96: primary | AM96: cell count (isotropic fractionator)
A97: Herculano-Houzel, S., da Cunha, F. B., Reed, J. L., Kaswera-Kyamakya, C., Gillissen, E., & Manger, P. R. (2020). Microchiropterans have a diminutive cerebral cortex, not an enlarged cerebellum, compared to megachiropterans and other mammals. J Comp Neurol, 528(17), 2978-2993. https://doi.org/10.1002/cne.24985 | D97: TABLE 1 | E97: =RIGHT(A97,1) -> 5 | F97: =G97 & IF(H97<>"", "_" & H97, "_") & IF(I97<>"", "_" & I97, "_") & IF(B97<>"", "_" & B97, "") -> HerculanoHouzel_etal_2020 | G97: =SUBSTITUTE(SUBSTITUTE(_xlfn.TEXTBEFORE(A97,","), "-", ""), " ", "") -> HerculanoHouzel | H97: =_xlfn.LET( _xlpm.authors,_xlfn.TEXTBEFORE(A97," ("&I97&")"), _xlpm.hasAmp,ISNUMBER(SEARCH("&",_xlpm.authors)), _xlpm.commasBeforeAmp,IF(_xlpm.hasAmp,LEN(_xlfn.TEXTBEFORE(_xlpm.authors,"&"))-LEN(SUBSTITUTE(_xlfn.TEXTBEFORE(_xlpm.authors,"&"),",","")),0), IF(NOT(_xlpm.hasAmp),"",IF(_xlpm.commasBeforeAmp>2,"etal",TRIM(_xlfn.TEXTBEFORE(_xlfn.TEXTAFTER(_xlpm.authors,"& "),",")))) ) -> etal | I97: =_xlfn.TEXTBEFORE(_xlfn.TEXTAFTER(A97, "("), ")") -> 2020 | J97: =_xlfn.LET( _xlpm.doi,IF(C97<>"",C97,_xlfn.TEXTAFTER(A97,"https://doi.org/")), SUBSTITUTE( SUBSTITUTE( SUBSTITUTE( SUBSTITUTE( _xlpm.doi, "/","%2F"), ":","%3A"), "<","%3C"), ">","%3E") ) -> 10.1002%2Fcne.24985 | K97: =TRIM(_xlfn.TEXTJOIN("_",FALSE(),F97,(SUBSTITUTE(SUBSTITUTE(D97," ",""), "_", "")))) -> HerculanoHouzel_etal_2020_TABLE1 | L97: =J97 & "_" & SUBSTITUTE(SUBSTITUTE(SUBSTITUTE(D97,CHAR(160),"")," ",""),"_","") -> 10.1002%2Fcne.24985_TABLE1 | M97: {=IFERROR(INDEX(AUTO_Public_TSV_FileList!$A$1:$A$1000,MATCH(TRUE(),EXACT(L97,IFERROR(_xlfn.TEXTBEFORE(AUTO_Public_TSV_FileList!$A$1:$A$1000,".tsv"),"")),0)),"notfound")} -> 10.1002%2Fcne.24985_TABLE1.tsv | N97: TABLE 1 Dataset | P97: FINISHED | Q97: added | R97: HerculanoHouzel_etal_2020_TABLE1_snapshot.csv | S97: Y | T97: HerculanoHouzel_etal_2020_Table1.csv | U97: pdf | V97: table | W97: NO - paywall | X97: https://doi.org/10.1002/cne.24985 | Y97: HH | Z97: HH | AC97: species-name-error: species-name typo corrected from paper text (in .R script). | AG97: isotropic fractionator | AH97: bats | AI97: region size | AJ97: Bats | AL97: primary | AM97: volume (region size)
A98: Herculano-Houzel, S., da Cunha, F. B., Reed, J. L., Kaswera-Kyamakya, C., Gillissen, E., & Manger, P. R. (2020). Microchiropterans have a diminutive cerebral cortex, not an enlarged cerebellum, compared to megachiropterans and other mammals. J Comp Neurol, 528(17), 2978-2993. https://doi.org/10.1002/cne.24985 | D98: TABLE 2 | E98: =RIGHT(A98,1) -> 5 | F98: =G98 & IF(H98<>"", "_" & H98, "_") & IF(I98<>"", "_" & I98, "_") & IF(B98<>"", "_" & B98, "") -> HerculanoHouzel_etal_2020 | G98: =SUBSTITUTE(SUBSTITUTE(_xlfn.TEXTBEFORE(A98,","), "-", ""), " ", "") -> HerculanoHouzel | H98: =_xlfn.LET( _xlpm.authors,_xlfn.TEXTBEFORE(A98," ("&I98&")"), _xlpm.hasAmp,ISNUMBER(SEARCH("&",_xlpm.authors)), _xlpm.commasBeforeAmp,IF(_xlpm.hasAmp,LEN(_xlfn.TEXTBEFORE(_xlpm.authors,"&"))-LEN(SUBSTITUTE(_xlfn.TEXTBEFORE(_xlpm.authors,"&"),",","")),0), IF(NOT(_xlpm.hasAmp),"",IF(_xlpm.commasBeforeAmp>2,"etal",TRIM(_xlfn.TEXTBEFORE(_xlfn.TEXTAFTER(_xlpm.authors,"& "),",")))) ) -> etal | I98: =_xlfn.TEXTBEFORE(_xlfn.TEXTAFTER(A98, "("), ")") -> 2020 | J98: =_xlfn.LET( _xlpm.doi,IF(C98<>"",C98,_xlfn.TEXTAFTER(A98,"https://doi.org/")), SUBSTITUTE( SUBSTITUTE( SUBSTITUTE( SUBSTITUTE( _xlpm.doi, "/","%2F"), ":","%3A"), "<","%3C"), ">","%3E") ) -> 10.1002%2Fcne.24985 | K98: =TRIM(_xlfn.TEXTJOIN("_",FALSE(),F98,(SUBSTITUTE(SUBSTITUTE(D98," ",""), "_", "")))) -> HerculanoHouzel_etal_2020_TABLE2 | L98: =J98 & "_" & SUBSTITUTE(SUBSTITUTE(SUBSTITUTE(D98,CHAR(160),"")," ",""),"_","") -> 10.1002%2Fcne.24985_TABLE2 | M98: {=IFERROR(INDEX(AUTO_Public_TSV_FileList!$A$1:$A$1000,MATCH(TRUE(),EXACT(L98,IFERROR(_xlfn.TEXTBEFORE(AUTO_Public_TSV_FileList!$A$1:$A$1000,".tsv"),"")),0)),"notfound")} -> 10.1002%2Fcne.24985_TABLE2.tsv | N98: TABLE 2 Numbers of neurons and neuronal density (neurons/mg) | P98: FINISHED | Q98: added | R98: HerculanoHouzel_etal_2020_TABLE2_snapshot.csv | S98: Y | T98: HerculanoHouzel_etal_2020_Table2.csv | U98: pdf | V98: table | W98: NO - paywall | X98: https://doi.org/10.1002/cne.24985 | Y98: HH | Z98: HH | AC98: species-name-error: species-name typo corrected from paper text (in .R script). | AG98: isotropic fractionator | AH98: bats | AI98: Cell numbers | AJ98: Bats | AL98: primary | AM98: cell count (isotropic fractionator)
