Workbook

Sheet Sheet1
A1: Citation (APA 7th-Annotated) | B1: sequence | D1: DOI if different from article or doi Alt | E1: Item number | F1: end | G1: Publication name | H1: 1st Author | I1: other author(s) | J1: year | K1: DOI (or Alt) | L1: Item name | M1: Item encoded | N1: Public TSV match from AUTO_Public_TSV_FileList (generated by _tools/file_list.R; do not edit manually) | O1: Item full original title | P1: Note about item | Q1: Progress stage | R1: Online Database | S1: Snapshot | T1: Adjustment made | U1: Data readable file, can use this | V1: Source Type | W1: Source format | X1: Source URL direct access | Y1: Source URL link | Z1: Team | AA1: Collection | AB1: Possible Traits | AC1: Note | AD1: Flags pre-addressed | AE1: Flags possible | AF1: Flags active (skips) | AG1: Sample type | AH1: Method | AI1: Subcategory | AJ1: Main Trait(s) | AK1: Taxon group | AL1: Source type | AM1: Data role (primary/secondary/both) | AN1: Measure type | AO1: entry note | AP1: relevence | AQ1: recommendation
A2: Andelin, A. K., Olavarria, J. F., Fine, I., Taber, E. N., Schwartz, D., Kroenke, C. D., & Stevens, A. A. (2019). The Effect of Onset Age of Visual Deprivation on Visual Cortex Surface Area Across-Species. Cereb Cortex, 29(10), 4321-4333. https://doi.org/10.1093/cercor/bhy315 | E2: Table 4 | F2: =RIGHT(A2,1) -> 5 | G2: =H2 & IF(I2<>"", "_" & I2, "_") & IF(J2<>"", "_" & J2, "_") & IF(B2<>"", "_" & B2, "") -> Andelin_etal_2019 | H2: =SUBSTITUTE(SUBSTITUTE(_xlfn.TEXTBEFORE(A2,","), "-", ""), " ", "") -> Andelin | I2: =_xlfn.LET( _xlpm.authors,_xlfn.TEXTBEFORE(A2," ("&J2&")"), _xlpm.hasAmp,ISNUMBER(SEARCH("&",_xlpm.authors)), _xlpm.commasBeforeAmp,IF(_xlpm.hasAmp,LEN(_xlfn.TEXTBEFORE(_xlpm.authors,"&"))-LEN(SUBSTITUTE(_xlfn.TEXTBEFORE(_xlpm.authors,"&"),",","")),0), IF(NOT(_xlpm.hasAmp),"",IF(_xlpm.commasBeforeAmp>2,"etal",TRIM(_xlfn.TEXTBEFORE(_xlfn.TEXTAFTER(_xlpm.authors,"& "),",")))) ) -> etal | J2: =_xlfn.TEXTBEFORE(_xlfn.TEXTAFTER(A2, "("), ")") -> 2019 | K2: =_xlfn.LET( _xlpm.doi,IF(D2<>"",D2,_xlfn.TEXTAFTER(A2,"https://doi.org/")), SUBSTITUTE( SUBSTITUTE( SUBSTITUTE( SUBSTITUTE( _xlpm.doi, "/","%2F"), ":","%3A"), "<","%3C"), ">","%3E") ) -> 10.1093%2Fcercor%2Fbhy315 | L2: =TRIM(_xlfn.TEXTJOIN("_",FALSE(),G2,(SUBSTITUTE(SUBSTITUTE(E2," ",""), "_", "")))) -> Andelin_etal_2019_Table4 | M2: =K2 & "_" & SUBSTITUTE(SUBSTITUTE(SUBSTITUTE(E2,CHAR(160),"")," ",""),"_","") -> 10.1093%2Fcercor%2Fbhy315_Table4 | N2: {=IFERROR(INDEX(AUTO_Public_TSV_FileList!$A$1:$A$1000,MATCH(TRUE(),EXACT(M2,IFERROR(_xlfn.TEXTBEFORE(AUTO_Public_TSV_FileList!$A$1:$A$1000,".tsv"),"")),0)),"notfound")} -> 10.1093%2Fcercor%2Fbhy315_Table4.tsv | Q2: FINISHED | W2: table | AK2: review | AM2: review | AN2: review
A3: Armstrong, E. (1979). Quantitative comparison of the hominoid thalamus. I. Specific sensory relay nuclei. Am J Phys Anthropol, 51(3), 365-382. https://doi.org/10.1002/ajpa.1330510308 | E3: Tables 1-9 | F3: =RIGHT(A3,1) -> 8 | G3: =H3 & IF(I3<>"", "_" & I3, "_") & IF(J3<>"", "_" & J3, "_") & IF(B3<>"", "_" & B3, "") -> Armstrong__1979 | H3: =SUBSTITUTE(SUBSTITUTE(_xlfn.TEXTBEFORE(A3,","), "-", ""), " ", "") -> Armstrong | I3: =_xlfn.LET(_xlpm.authors,_xlfn.TEXTBEFORE(A3," ("&J3&")"),_xlpm.hasAmp,ISNUMBER(SEARCH("&",_xlpm.authors)),_xlpm.commasBeforeAmp,IF(_xlpm.hasAmp,LEN(_xlfn.TEXTBEFORE(_xlpm.authors,"&"))-LEN(SUBSTITUTE(_xlfn.TEXTBEFORE(_xlpm.authors,"&"),",","")),0),IF(NOT(_xlpm.hasAmp),"",IF(_xlpm.commasBeforeAmp>2,"etal",TRIM(_xlfn.TEXTBEFORE(_xlfn.TEXTAFTER(_xlpm.authors,"& "),","))))) | J3: =_xlfn.TEXTBEFORE(_xlfn.TEXTAFTER(A3, "("), ")") -> 1979 | K3: =_xlfn.LET(_xlpm.doi,IF(D3<>"",D3,_xlfn.TEXTAFTER(A3,"https://doi.org/")),SUBSTITUTE(SUBSTITUTE(SUBSTITUTE(SUBSTITUTE(_xlpm.doi,"/","%2F"),":","%3A"),"<","%3C"),">","%3E")) -> 10.1002%2Fajpa.1330510308 | L3: =TRIM(_xlfn.TEXTJOIN("_",FALSE(),G3,(SUBSTITUTE(SUBSTITUTE(E3," ",""), "_", "")))) -> Armstrong__1979_Tables1-9 | M3: =K3 & "_" & SUBSTITUTE(SUBSTITUTE(SUBSTITUTE(E3,CHAR(160),"")," ",""),"_","") -> 10.1002%2Fajpa.1330510308_Tables1-9 | N3: =IFERROR(INDEX(AUTO_Public_TSV_FileList!$A$1:$A$1000,MATCH(TRUE(),EXACT(M3,IFERROR(_xlfn.TEXTBEFORE(AUTO_Public_TSV_FileList!$A$1:$A$1000,".tsv"),"")),0)),"notfound") -> notfound | O3: Tables 1-9. Hominoid thalamic sensory-relay nucleus volumes, neuronal densities and numbers, and neuronal-volume distributions | P3: Primary mixed-datatype series. Table 1 provides LGB, MGBp and VB volumes plus percent of dorsal thalamus; Tables 2-4 density; Table 5 LGB subcomponent volumes; Table 6 neuron counts; Tables 7-9 neuronal perikaryal-volume distributions. Split during build. | Q3: FINISHED | R3: EndNote | V3: pdf | W3: tables | X3: https://doi.org/10.1002/ajpa.1330510308 | Y3: https://doi.org/10.1002/ajpa.1330510308 | Z3: Armstrong | AB3: LGB/LGBd; MGB parvocellular; ventrobasal complex; dorsal thalamus proportion; neuronal density; neuron number; neuronal perikaryal volume | AC3: Seven hominoid specimens in Table 1; later tables use subsets. Keep specimen-level records and separate regional volume, cell density/count, and cell-size outputs. | AE3: mixed datatypes; specimen abbreviations require a specimen crosswalk; some literature-comparison rows are secondary | AG3: individual hominoid specimens (gibbons, gorilla, chimpanzee, humans) | AH3: histological volumetry; neuronal density/count estimation; neuronal perikaryal morphometry | AI3: thalamic sensory relay nuclei | AJ3: regional volumes; neuronal density and number; neuronal size | AK3: Hominoids | AL3: primary + cited secondary comparisons | AM3: both | AN3: volume + cell density/count + neuronal perikaryal volume
A4: Ashwell, K. W. S. (2020). Quantitative analysis of cerebellar morphology in monotreme, metatherian and eutherian mammals. Zoology (Jena), 139, 125753. https://doi.org/10.1016/j.zool.2020.125753 | E4: Supplementary Table | F4: =RIGHT(A4,1) -> 3 | G4: =H4 & IF(I4<>"", "_" & I4, "_") & IF(J4<>"", "_" & J4, "_") & IF(B4<>"", "_" & B4, "") -> Ashwell__2020 | H4: =SUBSTITUTE(SUBSTITUTE(_xlfn.TEXTBEFORE(A4,","), "-", ""), " ", "") -> Ashwell | I4: =_xlfn.LET( _xlpm.authors,_xlfn.TEXTBEFORE(A4," ("&J4&")"), _xlpm.hasAmp,ISNUMBER(SEARCH("&",_xlpm.authors)), _xlpm.commasBeforeAmp,IF(_xlpm.hasAmp,LEN(_xlfn.TEXTBEFORE(_xlpm.authors,"&"))-LEN(SUBSTITUTE(_xlfn.TEXTBEFORE(_xlpm.authors,"&"),",","")),0), IF(NOT(_xlpm.hasAmp),"",IF(_xlpm.commasBeforeAmp>2,"etal",TRIM(_xlfn.TEXTBEFORE(_xlfn.TEXTAFTER(_xlpm.authors,"& "),",")))) ) | J4: =_xlfn.TEXTBEFORE(_xlfn.TEXTAFTER(A4, "("), ")") -> 2020 | K4: =_xlfn.LET( _xlpm.doi,IF(D4<>"",D4,_xlfn.TEXTAFTER(A4,"https://doi.org/")), SUBSTITUTE( SUBSTITUTE( SUBSTITUTE( SUBSTITUTE( _xlpm.doi, "/","%2F"), ":","%3A"), "<","%3C"), ">","%3E") ) -> 10.1016%2Fj.zool.2020.125753 | L4: =TRIM(_xlfn.TEXTJOIN("_",FALSE(),G4,(SUBSTITUTE(SUBSTITUTE(E4," ",""), "_", "")))) -> Ashwell__2020_SupplementaryTable | M4: =K4 & "_" & SUBSTITUTE(SUBSTITUTE(SUBSTITUTE(E4,CHAR(160),"")," ",""),"_","") -> 10.1016%2Fj.zool.2020.125753_SupplementaryTable | N4: {=IFERROR(INDEX(AUTO_Public_TSV_FileList!$A$1:$A$1000,MATCH(TRUE(),EXACT(M4,IFERROR(_xlfn.TEXTBEFORE(AUTO_Public_TSV_FileList!$A$1:$A$1000,".tsv"),"")),0)),"notfound")} -> 10.1016%2Fj.zool.2020.125753_SupplementaryTable.tsv | O4: Supplementary Table. Cerebellar Morphology Data | Q4: FINISHED | Z4: Ashwell
A5: Avelino-de-Souza, K., Patzke, N., Karlsson, K. A. E., Manger, P. R., & Herculano-Houzel, S. (2025). Cellular Composition of the Brain of a Northern Minke Whale. J Comp Neurol, 533(9), e70089. https://doi.org/10.1002/cne.70089 | E5: TABLE 1 | F5: =RIGHT(A5,1) -> 9 | G5: =H5 & IF(I5<>"", "_" & I5, "_") & IF(J5<>"", "_" & J5, "_") & IF(B5<>"", "_" & B5, "") -> AvelinodeSouza_etal_2025 | H5: =SUBSTITUTE(SUBSTITUTE(_xlfn.TEXTBEFORE(A5,","), "-", ""), " ", "") -> AvelinodeSouza | I5: =_xlfn.LET( _xlpm.authors,_xlfn.TEXTBEFORE(A5," ("&J5&")"), _xlpm.hasAmp,ISNUMBER(SEARCH("&",_xlpm.authors)), _xlpm.commasBeforeAmp,IF(_xlpm.hasAmp,LEN(_xlfn.TEXTBEFORE(_xlpm.authors,"&"))-LEN(SUBSTITUTE(_xlfn.TEXTBEFORE(_xlpm.authors,"&"),",","")),0), IF(NOT(_xlpm.hasAmp),"",IF(_xlpm.commasBeforeAmp>2,"etal",TRIM(_xlfn.TEXTBEFORE(_xlfn.TEXTAFTER(_xlpm.authors,"& "),",")))) ) -> etal | J5: =_xlfn.TEXTBEFORE(_xlfn.TEXTAFTER(A5, "("), ")") -> 2025 | K5: =_xlfn.LET( _xlpm.doi,IF(D5<>"",D5,_xlfn.TEXTAFTER(A5,"https://doi.org/")), SUBSTITUTE( SUBSTITUTE( SUBSTITUTE( SUBSTITUTE( _xlpm.doi, "/","%2F"), ":","%3A"), "<","%3C"), ">","%3E") ) -> 10.1002%2Fcne.70089 | L5: =TRIM(_xlfn.TEXTJOIN("_",FALSE(),G5,(SUBSTITUTE(SUBSTITUTE(E5," ",""), "_", "")))) -> AvelinodeSouza_etal_2025_TABLE1 | M5: =K5 & "_" & SUBSTITUTE(SUBSTITUTE(SUBSTITUTE(E5,CHAR(160),"")," ",""),"_","") -> 10.1002%2Fcne.70089_TABLE1 | N5: {=IFERROR(INDEX(AUTO_Public_TSV_FileList!$A$1:$A$1000,MATCH(TRUE(),EXACT(M5,IFERROR(_xlfn.TEXTBEFORE(AUTO_Public_TSV_FileList!$A$1:$A$1000,".tsv"),"")),0)),"notfound")} -> 10.1002%2Fcne.70089_TABLE1.tsv | O5: Table 1. Cellular composition of the brain of a Northern minke whale (Balaenoptera acutorostrata) | Q5: FINISHED | R5: added | S5: AvelinodeSouza_etal_2025_TABLE1_snapshot.csv | T5: Y | U5: AvelinodeSouza_etal_2025_TABLE1.csv | V5: pdf | W5: table | X5: https://onlinelibrary.wiley.com/doi/10.1002/cne.70089 | Y5: https://doi.org/10.1002/cne.70089 | Z5: HH | AH5: isotropic fractionator | AI5: placental mammals | AJ5: neuron number | AK5: Cetaceans & other placental mammals | AL5: primary | AM5: primary | AN5: cell count (isotropic fractionator)
A6: Baker, J., Barton, R. A., & Venditti, C. (2025). Human dexterity and brains evolved hand in hand. Communications Biology, 8(1). https://doi.org/10.1038/s42003-025-08686-5 | E6: Supplementary Data 1 | F6: =RIGHT(A6,1) -> 5 | G6: =H6 & IF(I6<>"", "_" & I6, "_") & IF(J6<>"", "_" & J6, "_") & IF(B6<>"", "_" & B6, "") -> Baker_etal_2025 | H6: =SUBSTITUTE(SUBSTITUTE(_xlfn.TEXTBEFORE(A6,","), "-", ""), " ", "") -> Baker | I6: =_xlfn.LET( _xlpm.authors,_xlfn.TEXTBEFORE(A6," ("&J6&")"), _xlpm.hasAmp,ISNUMBER(SEARCH("&",_xlpm.authors)), _xlpm.commasBeforeAmp,IF(_xlpm.hasAmp,LEN(_xlfn.TEXTBEFORE(_xlpm.authors,"&"))-LEN(SUBSTITUTE(_xlfn.TEXTBEFORE(_xlpm.authors,"&"),",","")),0), IF(NOT(_xlpm.hasAmp),"",IF(_xlpm.commasBeforeAmp>2,"etal",TRIM(_xlfn.TEXTBEFORE(_xlfn.TEXTAFTER(_xlpm.authors,"& "),",")))) ) -> etal | J6: =_xlfn.TEXTBEFORE(_xlfn.TEXTAFTER(A6, "("), ")") -> 2025 | K6: =_xlfn.LET( _xlpm.doi,IF(D6<>"",D6,_xlfn.TEXTAFTER(A6,"https://doi.org/")), SUBSTITUTE( SUBSTITUTE( SUBSTITUTE( SUBSTITUTE( _xlpm.doi, "/","%2F"), ":","%3A"), "<","%3C"), ">","%3E") ) -> 10.1038%2Fs42003-025-08686-5 | L6: =TRIM(_xlfn.TEXTJOIN("_",FALSE(),G6,(SUBSTITUTE(SUBSTITUTE(E6," ",""), "_", "")))) -> Baker_etal_2025_SupplementaryData1 | M6: =K6 & "_" & SUBSTITUTE(SUBSTITUTE(SUBSTITUTE(E6,CHAR(160),"")," ",""),"_","") -> 10.1038%2Fs42003-025-08686-5_SupplementaryData1 | N6: {=IFERROR(INDEX(AUTO_Public_TSV_FileList!$A$1:$A$1000,MATCH(TRUE(),EXACT(M6,IFERROR(_xlfn.TEXTBEFORE(AUTO_Public_TSV_FileList!$A$1:$A$1000,".tsv"),"")),0)),"notfound")} -> 10.1038%2Fs42003-025-08686-5_SupplementaryData1.tsv
A7: Balzeau, A., Holloway, R. L., & Grimaud-Herve, D. (2012). Variations and asymmetries in regional brain surface in the genus Homo. J Hum Evol, 62(6), 696-706. https://doi.org/10.1016/j.jhevol.2012.03.007 | E7: Table 2 | F7: =RIGHT(A7,1) -> 7 | G7: =H7 & IF(I7<>"", "_" & I7, "_") & IF(J7<>"", "_" & J7, "_") & IF(B7<>"", "_" & B7, "") -> Balzeau_etal_2012 | H7: =SUBSTITUTE(SUBSTITUTE(_xlfn.TEXTBEFORE(A7,","), "-", ""), " ", "") -> Balzeau | I7: =_xlfn.LET( _xlpm.authors,_xlfn.TEXTBEFORE(A7," ("&J7&")"), _xlpm.hasAmp,ISNUMBER(SEARCH("&",_xlpm.authors)), _xlpm.commasBeforeAmp,IF(_xlpm.hasAmp,LEN(_xlfn.TEXTBEFORE(_xlpm.authors,"&"))-LEN(SUBSTITUTE(_xlfn.TEXTBEFORE(_xlpm.authors,"&"),",","")),0), IF(NOT(_xlpm.hasAmp),"",IF(_xlpm.commasBeforeAmp>2,"etal",TRIM(_xlfn.TEXTBEFORE(_xlfn.TEXTAFTER(_xlpm.authors,"& "),",")))) ) -> etal | J7: =_xlfn.TEXTBEFORE(_xlfn.TEXTAFTER(A7, "("), ")") -> 2012 | K7: =_xlfn.LET( _xlpm.doi,IF(D7<>"",D7,_xlfn.TEXTAFTER(A7,"https://doi.org/")), SUBSTITUTE( SUBSTITUTE( SUBSTITUTE( SUBSTITUTE( _xlpm.doi, "/","%2F"), ":","%3A"), "<","%3C"), ">","%3E") ) -> 10.1016%2Fj.jhevol.2012.03.007 | L7: =TRIM(_xlfn.TEXTJOIN("_",FALSE(),G7,(SUBSTITUTE(SUBSTITUTE(E7," ",""), "_", "")))) -> Balzeau_etal_2012_Table2 | M7: =K7 & "_" & SUBSTITUTE(SUBSTITUTE(SUBSTITUTE(E7,CHAR(160),"")," ",""),"_","") -> 10.1016%2Fj.jhevol.2012.03.007_Table2 | N7: {=IFERROR(INDEX(AUTO_Public_TSV_FileList!$A$1:$A$1000,MATCH(TRUE(),EXACT(M7,IFERROR(_xlfn.TEXTBEFORE(AUTO_Public_TSV_FileList!$A$1:$A$1000,".tsv"),"")),0)),"notfound")} -> 10.1016%2Fj.jhevol.2012.03.007_Table2.tsv | O7: Table 2. Regression results for the relationship between endocranial volume and the surface of the frontal, parieto-temporal and occipital lobes.
A8: Balzeau, A., Holloway, R. L., & Grimaud-Herve, D. (2012). Variations and asymmetries in regional brain surface in the genus Homo. J Hum Evol, 62(6), 696-706. https://doi.org/10.1016/j.jhevol.2012.03.007 | E8: Table 3 | F8: =RIGHT(A8,1) -> 7 | G8: =H8 & IF(I8<>"", "_" & I8, "_") & IF(J8<>"", "_" & J8, "_") & IF(B8<>"", "_" & B8, "") -> Balzeau_etal_2012 | H8: =SUBSTITUTE(SUBSTITUTE(_xlfn.TEXTBEFORE(A8,","), "-", ""), " ", "") -> Balzeau | I8: =_xlfn.LET( _xlpm.authors,_xlfn.TEXTBEFORE(A8," ("&J8&")"), _xlpm.hasAmp,ISNUMBER(SEARCH("&",_xlpm.authors)), _xlpm.commasBeforeAmp,IF(_xlpm.hasAmp,LEN(_xlfn.TEXTBEFORE(_xlpm.authors,"&"))-LEN(SUBSTITUTE(_xlfn.TEXTBEFORE(_xlpm.authors,"&"),",","")),0), IF(NOT(_xlpm.hasAmp),"",IF(_xlpm.commasBeforeAmp>2,"etal",TRIM(_xlfn.TEXTBEFORE(_xlfn.TEXTAFTER(_xlpm.authors,"& "),",")))) ) -> etal | J8: =_xlfn.TEXTBEFORE(_xlfn.TEXTAFTER(A8, "("), ")") -> 2012 | K8: =_xlfn.LET( _xlpm.doi,IF(D8<>"",D8,_xlfn.TEXTAFTER(A8,"https://doi.org/")), SUBSTITUTE( SUBSTITUTE( SUBSTITUTE( SUBSTITUTE( _xlpm.doi, "/","%2F"), ":","%3A"), "<","%3C"), ">","%3E") ) -> 10.1016%2Fj.jhevol.2012.03.007 | L8: =TRIM(_xlfn.TEXTJOIN("_",FALSE(),G8,(SUBSTITUTE(SUBSTITUTE(E8," ",""), "_", "")))) -> Balzeau_etal_2012_Table3 | M8: =K8 & "_" & SUBSTITUTE(SUBSTITUTE(SUBSTITUTE(E8,CHAR(160),"")," ",""),"_","") -> 10.1016%2Fj.jhevol.2012.03.007_Table3 | N8: {=IFERROR(INDEX(AUTO_Public_TSV_FileList!$A$1:$A$1000,MATCH(TRUE(),EXACT(M8,IFERROR(_xlfn.TEXTBEFORE(AUTO_Public_TSV_FileList!$A$1:$A$1000,".tsv"),"")),0)),"notfound")} -> 10.1016%2Fj.jhevol.2012.03.007_Table3.tsv | O8: Table 3 Size-corrected dimensions for the surface of the frontal, parieto-temporal and occipital lobes in the different analysed samples.
A9: Balzeau, A., Holloway, R. L., & Grimaud-Herve, D. (2012). Variations and asymmetries in regional brain surface in the genus Homo. J Hum Evol, 62(6), 696-706. https://doi.org/10.1016/j.jhevol.2012.03.007 | E9: Table 5 | F9: =RIGHT(A9,1) -> 7 | G9: =H9 & IF(I9<>"", "_" & I9, "_") & IF(J9<>"", "_" & J9, "_") & IF(B9<>"", "_" & B9, "") -> Balzeau_etal_2012 | H9: =SUBSTITUTE(SUBSTITUTE(_xlfn.TEXTBEFORE(A9,","), "-", ""), " ", "") -> Balzeau | I9: =_xlfn.LET( _xlpm.authors,_xlfn.TEXTBEFORE(A9," ("&J9&")"), _xlpm.hasAmp,ISNUMBER(SEARCH("&",_xlpm.authors)), _xlpm.commasBeforeAmp,IF(_xlpm.hasAmp,LEN(_xlfn.TEXTBEFORE(_xlpm.authors,"&"))-LEN(SUBSTITUTE(_xlfn.TEXTBEFORE(_xlpm.authors,"&"),",","")),0), IF(NOT(_xlpm.hasAmp),"",IF(_xlpm.commasBeforeAmp>2,"etal",TRIM(_xlfn.TEXTBEFORE(_xlfn.TEXTAFTER(_xlpm.authors,"& "),",")))) ) -> etal | J9: =_xlfn.TEXTBEFORE(_xlfn.TEXTAFTER(A9, "("), ")") -> 2012 | K9: =_xlfn.LET( _xlpm.doi,IF(D9<>"",D9,_xlfn.TEXTAFTER(A9,"https://doi.org/")), SUBSTITUTE( SUBSTITUTE( SUBSTITUTE( SUBSTITUTE( _xlpm.doi, "/","%2F"), ":","%3A"), "<","%3C"), ">","%3E") ) -> 10.1016%2Fj.jhevol.2012.03.007 | L9: =TRIM(_xlfn.TEXTJOIN("_",FALSE(),G9,(SUBSTITUTE(SUBSTITUTE(E9," ",""), "_", "")))) -> Balzeau_etal_2012_Table5 | M9: =K9 & "_" & SUBSTITUTE(SUBSTITUTE(SUBSTITUTE(E9,CHAR(160),"")," ",""),"_","") -> 10.1016%2Fj.jhevol.2012.03.007_Table5 | N9: {=IFERROR(INDEX(AUTO_Public_TSV_FileList!$A$1:$A$1000,MATCH(TRUE(),EXACT(M9,IFERROR(_xlfn.TEXTBEFORE(AUTO_Public_TSV_FileList!$A$1:$A$1000,".tsv"),"")),0)),"notfound")} -> 10.1016%2Fj.jhevol.2012.03.007_Table5.tsv | O9: Table 5 Percentage contribution of frontal, parieto-temporal and occipital lobes to the hemispheres.
A10: Barbeito-Andres, J., Castro-Fonseca, E., Qiu, L. R., Bernal, V., Lent, R., Henkelman, M., Lukowiak, K., Gleiser, P. M., Hallgrimsson, B., & Gonzalez, P. N. (2019). Region-specific changes in Mus musculus brain size and cell composition under chronic nutrient restriction. J Exp Biol, 222(Pt 17). https://doi.org/10.1242/jeb.204651 | E10: cell density | F10: =RIGHT(A10,1) -> 1 | G10: =H10 & IF(I10<>"", "_" & I10, "_") & IF(J10<>"", "_" & J10, "_") & IF(B10<>"", "_" & B10, "") -> BarbeitoAndres_etal_2019 | H10: =SUBSTITUTE(SUBSTITUTE(_xlfn.TEXTBEFORE(A10,","), "-", ""), " ", "") -> BarbeitoAndres | I10: =_xlfn.LET( _xlpm.authors,_xlfn.TEXTBEFORE(A10," ("&J10&")"), _xlpm.hasAmp,ISNUMBER(SEARCH("&",_xlpm.authors)), _xlpm.commasBeforeAmp,IF(_xlpm.hasAmp,LEN(_xlfn.TEXTBEFORE(_xlpm.authors,"&"))-LEN(SUBSTITUTE(_xlfn.TEXTBEFORE(_xlpm.authors,"&"),",","")),0), IF(NOT(_xlpm.hasAmp),"",IF(_xlpm.commasBeforeAmp>2,"etal",TRIM(_xlfn.TEXTBEFORE(_xlfn.TEXTAFTER(_xlpm.authors,"& "),",")))) ) -> etal | J10: =_xlfn.TEXTBEFORE(_xlfn.TEXTAFTER(A10, "("), ")") -> 2019 | K10: =_xlfn.LET( _xlpm.doi,IF(D10<>"",D10,_xlfn.TEXTAFTER(A10,"https://doi.org/")), SUBSTITUTE( SUBSTITUTE( SUBSTITUTE( SUBSTITUTE( _xlpm.doi, "/","%2F"), ":","%3A"), "<","%3C"), ">","%3E") ) -> 10.1242%2Fjeb.204651 | L10: =TRIM(_xlfn.TEXTJOIN("_",FALSE(),G10,(SUBSTITUTE(SUBSTITUTE(E10," ",""), "_", "")))) -> BarbeitoAndres_etal_2019_celldensity | M10: =K10 & "_" & SUBSTITUTE(SUBSTITUTE(SUBSTITUTE(E10,CHAR(160),"")," ",""),"_","") -> 10.1242%2Fjeb.204651_celldensity | N10: {=IFERROR(INDEX(AUTO_Public_TSV_FileList!$A$1:$A$1000,MATCH(TRUE(),EXACT(M10,IFERROR(_xlfn.TEXTBEFORE(AUTO_Public_TSV_FileList!$A$1:$A$1000,".tsv"),"")),0)),"notfound")} -> 10.1242%2Fjeb.204651_celldensity.tsv | AH10: isotropic fractionator | AK10: review | AM10: review | AN10: review
A11: Barbeito-Andres, J., Castro-Fonseca, E., Qiu, L. R., Bernal, V., Lent, R., Henkelman, M., Lukowiak, K., Gleiser, P. M., Hallgrimsson, B., & Gonzalez, P. N. (2019). Region-specific changes in Mus musculus brain size and cell composition under chronic nutrient restriction. J Exp Biol, 222(Pt 17). https://doi.org/10.1242/jeb.204651 | E11: cell number | F11: =RIGHT(A11,1) -> 1 | G11: =H11 & IF(I11<>"", "_" & I11, "_") & IF(J11<>"", "_" & J11, "_") & IF(B11<>"", "_" & B11, "") -> BarbeitoAndres_etal_2019 | H11: =SUBSTITUTE(SUBSTITUTE(_xlfn.TEXTBEFORE(A11,","), "-", ""), " ", "") -> BarbeitoAndres | I11: =_xlfn.LET( _xlpm.authors,_xlfn.TEXTBEFORE(A11," ("&J11&")"), _xlpm.hasAmp,ISNUMBER(SEARCH("&",_xlpm.authors)), _xlpm.commasBeforeAmp,IF(_xlpm.hasAmp,LEN(_xlfn.TEXTBEFORE(_xlpm.authors,"&"))-LEN(SUBSTITUTE(_xlfn.TEXTBEFORE(_xlpm.authors,"&"),",","")),0), IF(NOT(_xlpm.hasAmp),"",IF(_xlpm.commasBeforeAmp>2,"etal",TRIM(_xlfn.TEXTBEFORE(_xlfn.TEXTAFTER(_xlpm.authors,"& "),",")))) ) -> etal | J11: =_xlfn.TEXTBEFORE(_xlfn.TEXTAFTER(A11, "("), ")") -> 2019 | K11: =_xlfn.LET( _xlpm.doi,IF(D11<>"",D11,_xlfn.TEXTAFTER(A11,"https://doi.org/")), SUBSTITUTE( SUBSTITUTE( SUBSTITUTE( SUBSTITUTE( _xlpm.doi, "/","%2F"), ":","%3A"), "<","%3C"), ">","%3E") ) -> 10.1242%2Fjeb.204651 | L11: =TRIM(_xlfn.TEXTJOIN("_",FALSE(),G11,(SUBSTITUTE(SUBSTITUTE(E11," ",""), "_", "")))) -> BarbeitoAndres_etal_2019_cellnumber | M11: =K11 & "_" & SUBSTITUTE(SUBSTITUTE(SUBSTITUTE(E11,CHAR(160),"")," ",""),"_","") -> 10.1242%2Fjeb.204651_cellnumber | N11: {=IFERROR(INDEX(AUTO_Public_TSV_FileList!$A$1:$A$1000,MATCH(TRUE(),EXACT(M11,IFERROR(_xlfn.TEXTBEFORE(AUTO_Public_TSV_FileList!$A$1:$A$1000,".tsv"),"")),0)),"notfound")} -> 10.1242%2Fjeb.204651_cellnumber.tsv | AH11: isotropic fractionator | AK11: review | AM11: review | AN11: review
A12: Barbeito-Andres, J., Castro-Fonseca, E., Qiu, L. R., Bernal, V., Lent, R., Henkelman, M., Lukowiak, K., Gleiser, P. M., Hallgrimsson, B., & Gonzalez, P. N. (2019). Region-specific changes in Mus musculus brain size and cell composition under chronic nutrient restriction. J Exp Biol, 222(Pt 17). https://doi.org/10.1242/jeb.204651 | E12: volumes | F12: =RIGHT(A12,1) -> 1 | G12: =H12 & IF(I12<>"", "_" & I12, "_") & IF(J12<>"", "_" & J12, "_") & IF(B12<>"", "_" & B12, "") -> BarbeitoAndres_etal_2019 | H12: =SUBSTITUTE(SUBSTITUTE(_xlfn.TEXTBEFORE(A12,","), "-", ""), " ", "") -> BarbeitoAndres | I12: =_xlfn.LET( _xlpm.authors,_xlfn.TEXTBEFORE(A12," ("&J12&")"), _xlpm.hasAmp,ISNUMBER(SEARCH("&",_xlpm.authors)), _xlpm.commasBeforeAmp,IF(_xlpm.hasAmp,LEN(_xlfn.TEXTBEFORE(_xlpm.authors,"&"))-LEN(SUBSTITUTE(_xlfn.TEXTBEFORE(_xlpm.authors,"&"),",","")),0), IF(NOT(_xlpm.hasAmp),"",IF(_xlpm.commasBeforeAmp>2,"etal",TRIM(_xlfn.TEXTBEFORE(_xlfn.TEXTAFTER(_xlpm.authors,"& "),",")))) ) -> etal | J12: =_xlfn.TEXTBEFORE(_xlfn.TEXTAFTER(A12, "("), ")") -> 2019 | K12: =_xlfn.LET( _xlpm.doi,IF(D12<>"",D12,_xlfn.TEXTAFTER(A12,"https://doi.org/")), SUBSTITUTE( SUBSTITUTE( SUBSTITUTE( SUBSTITUTE( _xlpm.doi, "/","%2F"), ":","%3A"), "<","%3C"), ">","%3E") ) -> 10.1242%2Fjeb.204651 | L12: =TRIM(_xlfn.TEXTJOIN("_",FALSE(),G12,(SUBSTITUTE(SUBSTITUTE(E12," ",""), "_", "")))) -> BarbeitoAndres_etal_2019_volumes | M12: =K12 & "_" & SUBSTITUTE(SUBSTITUTE(SUBSTITUTE(E12,CHAR(160),"")," ",""),"_","") -> 10.1242%2Fjeb.204651_volumes | N12: {=IFERROR(INDEX(AUTO_Public_TSV_FileList!$A$1:$A$1000,MATCH(TRUE(),EXACT(M12,IFERROR(_xlfn.TEXTBEFORE(AUTO_Public_TSV_FileList!$A$1:$A$1000,".tsv"),"")),0)),"notfound")} -> 10.1242%2Fjeb.204651_volumes.tsv | AH12: isotropic fractionator | AK12: review | AM12: review | AN12: review
A13: Barger, N., Hanson, K. L., Teffer, K., Schenker-Ahmed, N. M., & Semendeferi, K. (2014). Evidence for evolutionary specialization in human limbic structures. Front Hum Neurosci, 8, 277. https://doi.org/10.3389/fnhum.2014.00277 | E13: Table 1 | F13: =RIGHT(A13,1) -> 7 | G13: =H13 & IF(I13<>"", "_" & I13, "_") & IF(J13<>"", "_" & J13, "_") & IF(B13<>"", "_" & B13, "") -> Barger_etal_2014 | H13: =SUBSTITUTE(SUBSTITUTE(_xlfn.TEXTBEFORE(A13,","), "-", ""), " ", "") -> Barger | I13: =_xlfn.LET( _xlpm.authors,_xlfn.TEXTBEFORE(A13," ("&J13&")"), _xlpm.hasAmp,ISNUMBER(SEARCH("&",_xlpm.authors)), _xlpm.commasBeforeAmp,IF(_xlpm.hasAmp,LEN(_xlfn.TEXTBEFORE(_xlpm.authors,"&"))-LEN(SUBSTITUTE(_xlfn.TEXTBEFORE(_xlpm.authors,"&"),",","")),0), IF(NOT(_xlpm.hasAmp),"",IF(_xlpm.commasBeforeAmp>2,"etal",TRIM(_xlfn.TEXTBEFORE(_xlfn.TEXTAFTER(_xlpm.authors,"& "),",")))) ) -> etal | J13: =_xlfn.TEXTBEFORE(_xlfn.TEXTAFTER(A13, "("), ")") -> 2014 | K13: =_xlfn.LET( _xlpm.doi,IF(D13<>"",D13,_xlfn.TEXTAFTER(A13,"https://doi.org/")), SUBSTITUTE( SUBSTITUTE( SUBSTITUTE( SUBSTITUTE( _xlpm.doi, "/","%2F"), ":","%3A"), "<","%3C"), ">","%3E") ) -> 10.3389%2Ffnhum.2014.00277 | L13: =TRIM(_xlfn.TEXTJOIN("_",FALSE(),G13,(SUBSTITUTE(SUBSTITUTE(E13," ",""), "_", "")))) -> Barger_etal_2014_Table1 | M13: =K13 & "_" & SUBSTITUTE(SUBSTITUTE(SUBSTITUTE(E13,CHAR(160),"")," ",""),"_","") -> 10.3389%2Ffnhum.2014.00277_Table1 | N13: {=IFERROR(INDEX(AUTO_Public_TSV_FileList!$A$1:$A$1000,MATCH(TRUE(),EXACT(M13,IFERROR(_xlfn.TEXTBEFORE(AUTO_Public_TSV_FileList!$A$1:$A$1000,".tsv"),"")),0)),"notfound")} -> 10.3389%2Ffnhum.2014.00277_Table1.tsv | O13: Table 1 | Volume of amygdala, hippocampus, and striatum in hominoid species collected with stereological methods. | AA13: Zilles | AG13: histological sections | AH13: Zilles
A14: Barger, N., Stefanacci, L., & Semendeferi, K. (2007). A comparative volumetric analysis of the amygdaloid complex and basolateral division in the human and ape brain. Am J Phys Anthropol, 134(3), 392-403. https://doi.org/10.1002/ajpa.20684 | E14: TABLE 1 | F14: =RIGHT(A14,1) -> 4 | G14: =H14 & IF(I14<>"", "_" & I14, "_") & IF(J14<>"", "_" & J14, "_") & IF(B14<>"", "_" & B14, "") -> Barger_etal_2007 | H14: =SUBSTITUTE(SUBSTITUTE(_xlfn.TEXTBEFORE(A14,","), "-", ""), " ", "") -> Barger | I14: =_xlfn.LET( _xlpm.authors,_xlfn.TEXTBEFORE(A14," ("&J14&")"), _xlpm.hasAmp,ISNUMBER(SEARCH("&",_xlpm.authors)), _xlpm.commasBeforeAmp,IF(_xlpm.hasAmp,LEN(_xlfn.TEXTBEFORE(_xlpm.authors,"&"))-LEN(SUBSTITUTE(_xlfn.TEXTBEFORE(_xlpm.authors,"&"),",","")),0), IF(NOT(_xlpm.hasAmp),"",IF(_xlpm.commasBeforeAmp>2,"etal",TRIM(_xlfn.TEXTBEFORE(_xlfn.TEXTAFTER(_xlpm.authors,"& "),",")))) ) -> etal | J14: =_xlfn.TEXTBEFORE(_xlfn.TEXTAFTER(A14, "("), ")") -> 2007 | K14: =_xlfn.LET( _xlpm.doi,IF(D14<>"",D14,_xlfn.TEXTAFTER(A14,"https://doi.org/")), SUBSTITUTE( SUBSTITUTE( SUBSTITUTE( SUBSTITUTE( _xlpm.doi, "/","%2F"), ":","%3A"), "<","%3C"), ">","%3E") ) -> 10.1002%2Fajpa.20684 | L14: =TRIM(_xlfn.TEXTJOIN("_",FALSE(),G14,(SUBSTITUTE(SUBSTITUTE(E14," ",""), "_", "")))) -> Barger_etal_2007_TABLE1 | M14: =K14 & "_" & SUBSTITUTE(SUBSTITUTE(SUBSTITUTE(E14,CHAR(160),"")," ",""),"_","") -> 10.1002%2Fajpa.20684_TABLE1 | N14: {=IFERROR(INDEX(AUTO_Public_TSV_FileList!$A$1:$A$1000,MATCH(TRUE(),EXACT(M14,IFERROR(_xlfn.TEXTBEFORE(AUTO_Public_TSV_FileList!$A$1:$A$1000,".tsv"),"")),0)),"notfound")} -> 10.1002%2Fajpa.20684_TABLE1.tsv | O14: TABLE 1. Volumetric estimates of the amygdaloid complex and the basolateral division | Q14: FINISHED | AA14: Zilles | AH14: Zilles | AJ14: amygdala subdivision volumes | AK14: Apes & humans | AM14: primary | AN14: volume
A15: Barger, N., Stefanacci, L., Schumann, C. M., Sherwood, C. C., Annese, J., Allman, J. M., Buckwalter, J. A., Hof, P. R., & Semendeferi, K. (2012). Neuronal populations in the basolateral nuclei of the amygdala are differentially increased in humans compared with apes: A stereological study. J Comp Neurol, 520(13), 3035-3054. https://doi.org/10.1002/cne.23118 | E15: Table 3 | F15: =RIGHT(A15,1) -> 8 | G15: =H15 & IF(I15<>"", "_" & I15, "_") & IF(J15<>"", "_" & J15, "_") & IF(B15<>"", "_" & B15, "") -> Barger_etal_2012 | H15: =SUBSTITUTE(SUBSTITUTE(_xlfn.TEXTBEFORE(A15,","), "-", ""), " ", "") -> Barger | I15: =_xlfn.LET( _xlpm.authors,_xlfn.TEXTBEFORE(A15," ("&J15&")"), _xlpm.hasAmp,ISNUMBER(SEARCH("&",_xlpm.authors)), _xlpm.commasBeforeAmp,IF(_xlpm.hasAmp,LEN(_xlfn.TEXTBEFORE(_xlpm.authors,"&"))-LEN(SUBSTITUTE(_xlfn.TEXTBEFORE(_xlpm.authors,"&"),",","")),0), IF(NOT(_xlpm.hasAmp),"",IF(_xlpm.commasBeforeAmp>2,"etal",TRIM(_xlfn.TEXTBEFORE(_xlfn.TEXTAFTER(_xlpm.authors,"& "),",")))) ) -> etal | J15: =_xlfn.TEXTBEFORE(_xlfn.TEXTAFTER(A15, "("), ")") -> 2012 | K15: =_xlfn.LET( _xlpm.doi,IF(D15<>"",D15,_xlfn.TEXTAFTER(A15,"https://doi.org/")), SUBSTITUTE( SUBSTITUTE( SUBSTITUTE( SUBSTITUTE( _xlpm.doi, "/","%2F"), ":","%3A"), "<","%3C"), ">","%3E") ) -> 10.1002%2Fcne.23118 | L15: =TRIM(_xlfn.TEXTJOIN("_",FALSE(),G15,(SUBSTITUTE(SUBSTITUTE(E15," ",""), "_", "")))) -> Barger_etal_2012_Table3 | M15: =K15 & "_" & SUBSTITUTE(SUBSTITUTE(SUBSTITUTE(E15,CHAR(160),"")," ",""),"_","") -> 10.1002%2Fcne.23118_Table3 | N15: {=IFERROR(INDEX(AUTO_Public_TSV_FileList!$A$1:$A$1000,MATCH(TRUE(),EXACT(M15,IFERROR(_xlfn.TEXTBEFORE(AUTO_Public_TSV_FileList!$A$1:$A$1000,".tsv"),"")),0)),"notfound")} -> 10.1002%2Fcne.23118_Table3.tsv | O15: Table 3. Average Neuron Number x10^6 (SD) for each nucleus in each species | Q15: FINISHED | AJ15: amygdala neuron numbers (basolateral + central nuclei) | AK15: Primates | AL15: primary | AM15: primary | AN15: neuron count (stereology)
A16: Barks, S. K., Calhoun, M. E., Hopkins, W. D., Cranfield, M. R., Mudakikwa, A., Stoinski, T. S., Patterson, F. G., Erwin, J. M., Hecht, E. E., Hof, P. R., & Sherwood, C. C. (2014). Brain organization of gorillas reflects species differences in ecology. Am J Phys Anthropol. https://doi.org/10.1002/ajpa.22646 | E16: Fig 4 A | F16: =RIGHT(A16,1) -> 6 | G16: =H16 & IF(I16<>"", "_" & I16, "_") & IF(J16<>"", "_" & J16, "_") & IF(B16<>"", "_" & B16, "") -> Barks_etal_2014 | H16: =SUBSTITUTE(SUBSTITUTE(_xlfn.TEXTBEFORE(A16,","), "-", ""), " ", "") -> Barks | I16: =_xlfn.LET( _xlpm.authors,_xlfn.TEXTBEFORE(A16," ("&J16&")"), _xlpm.hasAmp,ISNUMBER(SEARCH("&",_xlpm.authors)), _xlpm.commasBeforeAmp,IF(_xlpm.hasAmp,LEN(_xlfn.TEXTBEFORE(_xlpm.authors,"&"))-LEN(SUBSTITUTE(_xlfn.TEXTBEFORE(_xlpm.authors,"&"),",","")),0), IF(NOT(_xlpm.hasAmp),"",IF(_xlpm.commasBeforeAmp>2,"etal",TRIM(_xlfn.TEXTBEFORE(_xlfn.TEXTAFTER(_xlpm.authors,"& "),",")))) ) -> etal | J16: =_xlfn.TEXTBEFORE(_xlfn.TEXTAFTER(A16, "("), ")") -> 2014 | K16: =_xlfn.LET( _xlpm.doi,IF(D16<>"",D16,_xlfn.TEXTAFTER(A16,"https://doi.org/")), SUBSTITUTE( SUBSTITUTE( SUBSTITUTE( SUBSTITUTE( _xlpm.doi, "/","%2F"), ":","%3A"), "<","%3C"), ">","%3E") ) -> 10.1002%2Fajpa.22646 | L16: =TRIM(_xlfn.TEXTJOIN("_",FALSE(),G16,(SUBSTITUTE(SUBSTITUTE(E16," ",""), "_", "")))) -> Barks_etal_2014_Fig4A | M16: =K16 & "_" & SUBSTITUTE(SUBSTITUTE(SUBSTITUTE(E16,CHAR(160),"")," ",""),"_","") -> 10.1002%2Fajpa.22646_Fig4A | N16: {=IFERROR(INDEX(AUTO_Public_TSV_FileList!$A$1:$A$1000,MATCH(TRUE(),EXACT(M16,IFERROR(_xlfn.TEXTBEFORE(AUTO_Public_TSV_FileList!$A$1:$A$1000,".tsv"),"")),0)),"notfound")} -> 10.1002%2Fajpa.22646_Fig4A.tsv | P16: Fig4A_allsubjects_volumes | Q16: FINISHED | Z16: Barks
A17: Barks, S. K., Calhoun, M. E., Hopkins, W. D., Cranfield, M. R., Mudakikwa, A., Stoinski, T. S., Patterson, F. G., Erwin, J. M., Hecht, E. E., Hof, P. R., & Sherwood, C. C. (2014). Brain organization of gorillas reflects species differences in ecology. Am J Phys Anthropol. https://doi.org/10.1002/ajpa.22646 | E17: Fig 5 A | F17: =RIGHT(A17,1) -> 6 | G17: =H17 & IF(I17<>"", "_" & I17, "_") & IF(J17<>"", "_" & J17, "_") & IF(B17<>"", "_" & B17, "") -> Barks_etal_2014 | H17: =SUBSTITUTE(SUBSTITUTE(_xlfn.TEXTBEFORE(A17,","), "-", ""), " ", "") -> Barks | I17: =_xlfn.LET( _xlpm.authors,_xlfn.TEXTBEFORE(A17," ("&J17&")"), _xlpm.hasAmp,ISNUMBER(SEARCH("&",_xlpm.authors)), _xlpm.commasBeforeAmp,IF(_xlpm.hasAmp,LEN(_xlfn.TEXTBEFORE(_xlpm.authors,"&"))-LEN(SUBSTITUTE(_xlfn.TEXTBEFORE(_xlpm.authors,"&"),",","")),0), IF(NOT(_xlpm.hasAmp),"",IF(_xlpm.commasBeforeAmp>2,"etal",TRIM(_xlfn.TEXTBEFORE(_xlfn.TEXTAFTER(_xlpm.authors,"& "),",")))) ) -> etal | J17: =_xlfn.TEXTBEFORE(_xlfn.TEXTAFTER(A17, "("), ")") -> 2014 | K17: =_xlfn.LET( _xlpm.doi,IF(D17<>"",D17,_xlfn.TEXTAFTER(A17,"https://doi.org/")), SUBSTITUTE( SUBSTITUTE( SUBSTITUTE( SUBSTITUTE( _xlpm.doi, "/","%2F"), ":","%3A"), "<","%3C"), ">","%3E") ) -> 10.1002%2Fajpa.22646 | L17: =TRIM(_xlfn.TEXTJOIN("_",FALSE(),G17,(SUBSTITUTE(SUBSTITUTE(E17," ",""), "_", "")))) -> Barks_etal_2014_Fig5A | M17: =K17 & "_" & SUBSTITUTE(SUBSTITUTE(SUBSTITUTE(E17,CHAR(160),"")," ",""),"_","") -> 10.1002%2Fajpa.22646_Fig5A | N17: {=IFERROR(INDEX(AUTO_Public_TSV_FileList!$A$1:$A$1000,MATCH(TRUE(),EXACT(M17,IFERROR(_xlfn.TEXTBEFORE(AUTO_Public_TSV_FileList!$A$1:$A$1000,".tsv"),"")),0)),"notfound")} -> 10.1002%2Fajpa.22646_Fig5A.tsv | P17: Fig5A_adultsonly_volumes | Q17: FINISHED
A18: Barks, S. K., Calhoun, M. E., Hopkins, W. D., Cranfield, M. R., Mudakikwa, A., Stoinski, T. S., Patterson, F. G., Erwin, J. M., Hecht, E. E., Hof, P. R., & Sherwood, C. C. (2014). Brain organization of gorillas reflects species differences in ecology. Am J Phys Anthropol. https://doi.org/10.1002/ajpa.22646 | E18: TABLE 1 | F18: =RIGHT(A18,1) -> 6 | G18: =H18 & IF(I18<>"", "_" & I18, "_") & IF(J18<>"", "_" & J18, "_") & IF(B18<>"", "_" & B18, "") -> Barks_etal_2014 | H18: =SUBSTITUTE(SUBSTITUTE(_xlfn.TEXTBEFORE(A18,","), "-", ""), " ", "") -> Barks | I18: =_xlfn.LET( _xlpm.authors,_xlfn.TEXTBEFORE(A18," ("&J18&")"), _xlpm.hasAmp,ISNUMBER(SEARCH("&",_xlpm.authors)), _xlpm.commasBeforeAmp,IF(_xlpm.hasAmp,LEN(_xlfn.TEXTBEFORE(_xlpm.authors,"&"))-LEN(SUBSTITUTE(_xlfn.TEXTBEFORE(_xlpm.authors,"&"),",","")),0), IF(NOT(_xlpm.hasAmp),"",IF(_xlpm.commasBeforeAmp>2,"etal",TRIM(_xlfn.TEXTBEFORE(_xlfn.TEXTAFTER(_xlpm.authors,"& "),",")))) ) -> etal | J18: =_xlfn.TEXTBEFORE(_xlfn.TEXTAFTER(A18, "("), ")") -> 2014 | K18: =_xlfn.LET( _xlpm.doi,IF(D18<>"",D18,_xlfn.TEXTAFTER(A18,"https://doi.org/")), SUBSTITUTE( SUBSTITUTE( SUBSTITUTE( SUBSTITUTE( _xlpm.doi, "/","%2F"), ":","%3A"), "<","%3C"), ">","%3E") ) -> 10.1002%2Fajpa.22646 | L18: =TRIM(_xlfn.TEXTJOIN("_",FALSE(),G18,(SUBSTITUTE(SUBSTITUTE(E18," ",""), "_", "")))) -> Barks_etal_2014_TABLE1 | M18: =K18 & "_" & SUBSTITUTE(SUBSTITUTE(SUBSTITUTE(E18,CHAR(160),"")," ",""),"_","") -> 10.1002%2Fajpa.22646_TABLE1 | N18: {=IFERROR(INDEX(AUTO_Public_TSV_FileList!$A$1:$A$1000,MATCH(TRUE(),EXACT(M18,IFERROR(_xlfn.TEXTBEFORE(AUTO_Public_TSV_FileList!$A$1:$A$1000,".tsv"),"")),0)),"notfound")} -> 10.1002%2Fajpa.22646_TABLE1.tsv | O18: TABLE 1. Individual data | Q18: FINISHED | Z18: Barks
A19: Barks, S. K., Calhoun, M. E., Hopkins, W. D., Cranfield, M. R., Mudakikwa, A., Stoinski, T. S., Patterson, F. G., Erwin, J. M., Hecht, E. E., Hof, P. R., & Sherwood, C. C. (2014). Brain organization of gorillas reflects species differences in ecology. Am J Phys Anthropol. https://doi.org/10.1002/ajpa.22646 | E19: TABLE 2 | F19: =RIGHT(A19,1) -> 6 | G19: =H19 & IF(I19<>"", "_" & I19, "_") & IF(J19<>"", "_" & J19, "_") & IF(B19<>"", "_" & B19, "") -> Barks_etal_2014 | H19: =SUBSTITUTE(SUBSTITUTE(_xlfn.TEXTBEFORE(A19,","), "-", ""), " ", "") -> Barks | I19: =_xlfn.LET( _xlpm.authors,_xlfn.TEXTBEFORE(A19," ("&J19&")"), _xlpm.hasAmp,ISNUMBER(SEARCH("&",_xlpm.authors)), _xlpm.commasBeforeAmp,IF(_xlpm.hasAmp,LEN(_xlfn.TEXTBEFORE(_xlpm.authors,"&"))-LEN(SUBSTITUTE(_xlfn.TEXTBEFORE(_xlpm.authors,"&"),",","")),0), IF(NOT(_xlpm.hasAmp),"",IF(_xlpm.commasBeforeAmp>2,"etal",TRIM(_xlfn.TEXTBEFORE(_xlfn.TEXTAFTER(_xlpm.authors,"& "),",")))) ) -> etal | J19: =_xlfn.TEXTBEFORE(_xlfn.TEXTAFTER(A19, "("), ")") -> 2014 | K19: =_xlfn.LET( _xlpm.doi,IF(D19<>"",D19,_xlfn.TEXTAFTER(A19,"https://doi.org/")), SUBSTITUTE( SUBSTITUTE( SUBSTITUTE( SUBSTITUTE( _xlpm.doi, "/","%2F"), ":","%3A"), "<","%3C"), ">","%3E") ) -> 10.1002%2Fajpa.22646 | L19: =TRIM(_xlfn.TEXTJOIN("_",FALSE(),G19,(SUBSTITUTE(SUBSTITUTE(E19," ",""), "_", "")))) -> Barks_etal_2014_TABLE2 | M19: =K19 & "_" & SUBSTITUTE(SUBSTITUTE(SUBSTITUTE(E19,CHAR(160),"")," ",""),"_","") -> 10.1002%2Fajpa.22646_TABLE2 | N19: {=IFERROR(INDEX(AUTO_Public_TSV_FileList!$A$1:$A$1000,MATCH(TRUE(),EXACT(M19,IFERROR(_xlfn.TEXTBEFORE(AUTO_Public_TSV_FileList!$A$1:$A$1000,".tsv"),"")),0)),"notfound")} -> 10.1002%2Fajpa.22646_TABLE2.tsv | O19: TABLE 2. Stereological sampling of brains | Q19: FINISHED
A20: Barks, S. K., Calhoun, M. E., Hopkins, W. D., Cranfield, M. R., Mudakikwa, A., Stoinski, T. S., Patterson, F. G., Erwin, J. M., Hecht, E. E., Hof, P. R., & Sherwood, C. C. (2014). Brain organization of gorillas reflects species differences in ecology. Am J Phys Anthropol. https://doi.org/10.1002/ajpa.22646 | E20: unpublishedviaDeCasien | F20: =RIGHT(A20,1) -> 6 | G20: =H20 & IF(I20<>"", "_" & I20, "_") & IF(J20<>"", "_" & J20, "_") & IF(B20<>"", "_" & B20, "") -> Barks_etal_2014 | H20: =SUBSTITUTE(SUBSTITUTE(_xlfn.TEXTBEFORE(A20,","), "-", ""), " ", "") -> Barks | I20: =_xlfn.LET( _xlpm.authors,_xlfn.TEXTBEFORE(A20," ("&J20&")"), _xlpm.hasAmp,ISNUMBER(SEARCH("&",_xlpm.authors)), _xlpm.commasBeforeAmp,IF(_xlpm.hasAmp,LEN(_xlfn.TEXTBEFORE(_xlpm.authors,"&"))-LEN(SUBSTITUTE(_xlfn.TEXTBEFORE(_xlpm.authors,"&"),",","")),0), IF(NOT(_xlpm.hasAmp),"",IF(_xlpm.commasBeforeAmp>2,"etal",TRIM(_xlfn.TEXTBEFORE(_xlfn.TEXTAFTER(_xlpm.authors,"& "),",")))) ) -> etal | J20: =_xlfn.TEXTBEFORE(_xlfn.TEXTAFTER(A20, "("), ")") -> 2014 | K20: =_xlfn.LET( _xlpm.doi,IF(D20<>"",D20,_xlfn.TEXTAFTER(A20,"https://doi.org/")), SUBSTITUTE( SUBSTITUTE( SUBSTITUTE( SUBSTITUTE( _xlpm.doi, "/","%2F"), ":","%3A"), "<","%3C"), ">","%3E") ) -> 10.1002%2Fajpa.22646 | L20: =TRIM(_xlfn.TEXTJOIN("_",FALSE(),G20,(SUBSTITUTE(SUBSTITUTE(E20," ",""), "_", "")))) -> Barks_etal_2014_unpublishedviaDeCasien | M20: =K20 & "_" & SUBSTITUTE(SUBSTITUTE(SUBSTITUTE(E20,CHAR(160),"")," ",""),"_","") -> 10.1002%2Fajpa.22646_unpublishedviaDeCasien | N20: {=IFERROR(INDEX(AUTO_Public_TSV_FileList!$A$1:$A$1000,MATCH(TRUE(),EXACT(M20,IFERROR(_xlfn.TEXTBEFORE(AUTO_Public_TSV_FileList!$A$1:$A$1000,".tsv"),"")),0)),"notfound")} -> 10.1002%2Fajpa.22646_unpublishedviaDeCasien.tsv | P20: "Sherwood et al.64 and Barks et al.65 provided neocortex, hippocampus, striatum, thalamus, cerebellum, amygdala and insula measures for multiple gorilla species (Gorilla gorilla gorilla, G. g. graueri and G. beringei) from post-mortem MRI scans" (DeCasien and Higham 2019)
A21: Baron, G., Frahm, H. D., & Stephan, H. (1988). Comparison of brain structure volumes in Insectivora and Primates. VIII. Vestibular complex. J Hirnforsch, 29(5), 509-523. http://www.ncbi.nlm.nih.gov/pubmed/3216099 | D21: PMID:3216099 | E21: Table 1 | F21: =RIGHT(A21,1) -> 9 | G21: =H21 & IF(I21<>"", "_" & I21, "_") & IF(J21<>"", "_" & J21, "_") & IF(B21<>"", "_" & B21, "") -> Baron_etal_1988 | H21: =SUBSTITUTE(SUBSTITUTE(_xlfn.TEXTBEFORE(A21,","), "-", ""), " ", "") -> Baron | I21: =_xlfn.LET( _xlpm.authors,_xlfn.TEXTBEFORE(A21," ("&J21&")"), _xlpm.hasAmp,ISNUMBER(SEARCH("&",_xlpm.authors)), _xlpm.commasBeforeAmp,IF(_xlpm.hasAmp,LEN(_xlfn.TEXTBEFORE(_xlpm.authors,"&"))-LEN(SUBSTITUTE(_xlfn.TEXTBEFORE(_xlpm.authors,"&"),",","")),0), IF(NOT(_xlpm.hasAmp),"",IF(_xlpm.commasBeforeAmp>2,"etal",TRIM(_xlfn.TEXTBEFORE(_xlfn.TEXTAFTER(_xlpm.authors,"& "),",")))) ) -> etal | J21: =_xlfn.TEXTBEFORE(_xlfn.TEXTAFTER(A21, "("), ")") -> 1988 | K21: =_xlfn.LET( _xlpm.doi,IF(D21<>"",D21,_xlfn.TEXTAFTER(A21,"https://doi.org/")), SUBSTITUTE( SUBSTITUTE( SUBSTITUTE( SUBSTITUTE( _xlpm.doi, "/","%2F"), ":","%3A"), "<","%3C"), ">","%3E") ) -> PMID%3A3216099 | L21: =TRIM(_xlfn.TEXTJOIN("_",FALSE(),G21,(SUBSTITUTE(SUBSTITUTE(E21," ",""), "_", "")))) -> Baron_etal_1988_Table1 | M21: =K21 & "_" & SUBSTITUTE(SUBSTITUTE(SUBSTITUTE(E21,CHAR(160),"")," ",""),"_","") -> PMID%3A3216099_Table1 | N21: {=IFERROR(INDEX(AUTO_Public_TSV_FileList!$A$1:$A$1000,MATCH(TRUE(),EXACT(M21,IFERROR(_xlfn.TEXTBEFORE(AUTO_Public_TSV_FileList!$A$1:$A$1000,".tsv"),"")),0)),"notfound")} -> PMID%3A3216099_Table1.tsv | O21: Table 1. Volumes and indices of the vestibular complex (VC) and its main components (VM, V1, VL, VS) in Insectivora and Scadentia | Q21: FINISHED | Z21: Stephan | AA21: Stephan | AG21: histological sections | AH21: Stephan | AJ21: vestibular nuclear complex volume | AK21: Insectivora, Scandentia & Primates | AM21: primary | AN21: volume
A22: Baron, G., Frahm, H. D., Bhatnagar, K. P., & Stephan, H. (1983). Comparison of brain structure volumes in Insectivora and Primates. III. Main olfactory bulb (MOB). J Hirnforsch, 24(5), 551-568. https://www.ncbi.nlm.nih.gov/pubmed/6663055 | D22: PMID:6663055 | E22: Table 1 | F22: =RIGHT(A22,1) -> 5 | G22: =H22 & IF(I22<>"", "_" & I22, "_") & IF(J22<>"", "_" & J22, "_") & IF(B22<>"", "_" & B22, "") -> Baron_etal_1983 | H22: =SUBSTITUTE(SUBSTITUTE(_xlfn.TEXTBEFORE(A22,","), "-", ""), " ", "") -> Baron | I22: =_xlfn.LET( _xlpm.authors,_xlfn.TEXTBEFORE(A22," ("&J22&")"), _xlpm.hasAmp,ISNUMBER(SEARCH("&",_xlpm.authors)), _xlpm.commasBeforeAmp,IF(_xlpm.hasAmp,LEN(_xlfn.TEXTBEFORE(_xlpm.authors,"&"))-LEN(SUBSTITUTE(_xlfn.TEXTBEFORE(_xlpm.authors,"&"),",","")),0), IF(NOT(_xlpm.hasAmp),"",IF(_xlpm.commasBeforeAmp>2,"etal",TRIM(_xlfn.TEXTBEFORE(_xlfn.TEXTAFTER(_xlpm.authors,"& "),",")))) ) -> etal | J22: =_xlfn.TEXTBEFORE(_xlfn.TEXTAFTER(A22, "("), ")") -> 1983 | K22: =_xlfn.LET( _xlpm.doi,IF(D22<>"",D22,_xlfn.TEXTAFTER(A22,"https://doi.org/")), SUBSTITUTE( SUBSTITUTE( SUBSTITUTE( SUBSTITUTE( _xlpm.doi, "/","%2F"), ":","%3A"), "<","%3C"), ">","%3E") ) -> PMID%3A6663055 | L22: =TRIM(_xlfn.TEXTJOIN("_",FALSE(),G22,(SUBSTITUTE(SUBSTITUTE(E22," ",""), "_", "")))) -> Baron_etal_1983_Table1 | M22: =K22 & "_" & SUBSTITUTE(SUBSTITUTE(SUBSTITUTE(E22,CHAR(160),"")," ",""),"_","") -> PMID%3A6663055_Table1 | N22: {=IFERROR(INDEX(AUTO_Public_TSV_FileList!$A$1:$A$1000,MATCH(TRUE(),EXACT(M22,IFERROR(_xlfn.TEXTBEFORE(AUTO_Public_TSV_FileList!$A$1:$A$1000,".tsv"),"")),0)),"notfound")} -> PMID%3A6663055_Table1.tsv | Q22: FINISHED | W22: table | X22: NO - not digitized | Z22: Stephan | AA22: Stephan | AG22: histological sections | AH22: Stephan | AJ22: main olfactory bulb (MOB) volume | AK22: Insectivora, Scandentia & Primates | AL22: primary | AM22: primary | AN22: volume
A23: Baron, G., Stephan, H., & Frahm, H. D. (1987). Comparison of brain structure volumes in Insectivora and Primates. VI. Paleocortical components. J Hirnforsch, 28(4), 463-477. http://www.ncbi.nlm.nih.gov/pubmed/3116076 | D23: PMID:3116076 | E23: Table 1 | F23: =RIGHT(A23,1) -> 6 | G23: =H23 & IF(I23<>"", "_" & I23, "_") & IF(J23<>"", "_" & J23, "_") & IF(B23<>"", "_" & B23, "") -> Baron_etal_1987 | H23: =SUBSTITUTE(SUBSTITUTE(_xlfn.TEXTBEFORE(A23,","), "-", ""), " ", "") -> Baron | I23: =_xlfn.LET( _xlpm.authors,_xlfn.TEXTBEFORE(A23," ("&J23&")"), _xlpm.hasAmp,ISNUMBER(SEARCH("&",_xlpm.authors)), _xlpm.commasBeforeAmp,IF(_xlpm.hasAmp,LEN(_xlfn.TEXTBEFORE(_xlpm.authors,"&"))-LEN(SUBSTITUTE(_xlfn.TEXTBEFORE(_xlpm.authors,"&"),",","")),0), IF(NOT(_xlpm.hasAmp),"",IF(_xlpm.commasBeforeAmp>2,"etal",TRIM(_xlfn.TEXTBEFORE(_xlfn.TEXTAFTER(_xlpm.authors,"& "),",")))) ) -> etal | J23: =_xlfn.TEXTBEFORE(_xlfn.TEXTAFTER(A23, "("), ")") -> 1987 | K23: =_xlfn.LET( _xlpm.doi,IF(D23<>"",D23,_xlfn.TEXTAFTER(A23,"https://doi.org/")), SUBSTITUTE( SUBSTITUTE( SUBSTITUTE( SUBSTITUTE( _xlpm.doi, "/","%2F"), ":","%3A"), "<","%3C"), ">","%3E") ) -> PMID%3A3116076 | L23: =TRIM(_xlfn.TEXTJOIN("_",FALSE(),G23,(SUBSTITUTE(SUBSTITUTE(E23," ",""), "_", "")))) -> Baron_etal_1987_Table1 | M23: =K23 & "_" & SUBSTITUTE(SUBSTITUTE(SUBSTITUTE(E23,CHAR(160),"")," ",""),"_","") -> PMID%3A3116076_Table1 | N23: {=IFERROR(INDEX(AUTO_Public_TSV_FileList!$A$1:$A$1000,MATCH(TRUE(),EXACT(M23,IFERROR(_xlfn.TEXTBEFORE(AUTO_Public_TSV_FileList!$A$1:$A$1000,".tsv"),"")),0)),"notfound")} -> PMID%3A3116076_Table1.tsv | Q23: FINISHED | W23: table | X23: NO - not digitized | Z23: Stephan | AA23: Stephan | AG23: histological sections | AH23: Stephan | AJ23: brain-structure volume (Comparison series, Part) | AK23: Insectivora, Scandentia & Primates | AL23: primary | AM23: primary | AN23: volume
A24: Baron, G., Stephan, H., & Frahm, H. D. (1990). Comparison of brain structure volumes in Insectivora and primates. IX. Trigeminal complex. J Hirnforsch, 31(2), 193-200. https://www.ncbi.nlm.nih.gov/pubmed/2358663 | D24: PMID:2358663 | E24: Table 1 | F24: =RIGHT(A24,1) -> 3 | G24: =H24 & IF(I24<>"", "_" & I24, "_") & IF(J24<>"", "_" & J24, "_") & IF(B24<>"", "_" & B24, "") -> Baron_etal_1990 | H24: =SUBSTITUTE(SUBSTITUTE(_xlfn.TEXTBEFORE(A24,","), "-", ""), " ", "") -> Baron | I24: =_xlfn.LET( _xlpm.authors,_xlfn.TEXTBEFORE(A24," ("&J24&")"), _xlpm.hasAmp,ISNUMBER(SEARCH("&",_xlpm.authors)), _xlpm.commasBeforeAmp,IF(_xlpm.hasAmp,LEN(_xlfn.TEXTBEFORE(_xlpm.authors,"&"))-LEN(SUBSTITUTE(_xlfn.TEXTBEFORE(_xlpm.authors,"&"),",","")),0), IF(NOT(_xlpm.hasAmp),"",IF(_xlpm.commasBeforeAmp>2,"etal",TRIM(_xlfn.TEXTBEFORE(_xlfn.TEXTAFTER(_xlpm.authors,"& "),",")))) ) -> etal | J24: =_xlfn.TEXTBEFORE(_xlfn.TEXTAFTER(A24, "("), ")") -> 1990 | K24: =_xlfn.LET( _xlpm.doi,IF(D24<>"",D24,_xlfn.TEXTAFTER(A24,"https://doi.org/")), SUBSTITUTE( SUBSTITUTE( SUBSTITUTE( SUBSTITUTE( _xlpm.doi, "/","%2F"), ":","%3A"), "<","%3C"), ">","%3E") ) -> PMID%3A2358663 | L24: =TRIM(_xlfn.TEXTJOIN("_",FALSE(),G24,(SUBSTITUTE(SUBSTITUTE(E24," ",""), "_", "")))) -> Baron_etal_1990_Table1 | M24: =K24 & "_" & SUBSTITUTE(SUBSTITUTE(SUBSTITUTE(E24,CHAR(160),"")," ",""),"_","") -> PMID%3A2358663_Table1 | N24: {=IFERROR(INDEX(AUTO_Public_TSV_FileList!$A$1:$A$1000,MATCH(TRUE(),EXACT(M24,IFERROR(_xlfn.TEXTBEFORE(AUTO_Public_TSV_FileList!$A$1:$A$1000,".tsv"),"")),0)),"notfound")} -> PMID%3A2358663_Table1.tsv | O24: Table 1 .IX. Trigeminal complex | Q24: FINISHED | W24: table | X24: NO - not digitized | Z24: Stephan | AA24: Stephan | AG24: histological sections | AH24: volumetry | AJ24: trigeminal complex volume | AK24: Insectivora, Scandentia & Primates | AL24: primary | AM24: primary | AN24: volume
A25: Baron, G., Stephan, H., & Frahm, H. D. (1996). Comparative Neurobiology in Chiroptera: Macromorphology, Brain Structures, Tables, and Atlases. Birkhaeuser. | D25: ISBN:9783764353704 | E25: Table 10 | F25: =RIGHT(A25,1) -> . | G25: =H25 & IF(I25<>"", "_" & I25, "_") & IF(J25<>"", "_" & J25, "_") & IF(B25<>"", "_" & B25, "") -> Baron_etal_1996 | H25: =SUBSTITUTE(SUBSTITUTE(_xlfn.TEXTBEFORE(A25,","), "-", ""), " ", "") -> Baron | I25: =_xlfn.LET( _xlpm.authors,_xlfn.TEXTBEFORE(A25," ("&J25&")"), _xlpm.hasAmp,ISNUMBER(SEARCH("&",_xlpm.authors)), _xlpm.commasBeforeAmp,IF(_xlpm.hasAmp,LEN(_xlfn.TEXTBEFORE(_xlpm.authors,"&"))-LEN(SUBSTITUTE(_xlfn.TEXTBEFORE(_xlpm.authors,"&"),",","")),0), IF(NOT(_xlpm.hasAmp),"",IF(_xlpm.commasBeforeAmp>2,"etal",TRIM(_xlfn.TEXTBEFORE(_xlfn.TEXTAFTER(_xlpm.authors,"& "),",")))) ) -> etal | J25: =_xlfn.TEXTBEFORE(_xlfn.TEXTAFTER(A25, "("), ")") -> 1996 | K25: =_xlfn.LET( _xlpm.doi,IF(D25<>"",D25,_xlfn.TEXTAFTER(A25,"https://doi.org/")), SUBSTITUTE( SUBSTITUTE( SUBSTITUTE( SUBSTITUTE( _xlpm.doi, "/","%2F"), ":","%3A"), "<","%3C"), ">","%3E") ) -> ISBN%3A9783764353704 | L25: =TRIM(_xlfn.TEXTJOIN("_",FALSE(),G25,(SUBSTITUTE(SUBSTITUTE(E25," ",""), "_", "")))) -> Baron_etal_1996_Table10 | M25: =K25 & "_" & SUBSTITUTE(SUBSTITUTE(SUBSTITUTE(E25,CHAR(160),"")," ",""),"_","") -> ISBN%3A9783764353704_Table10 | N25: {=IFERROR(INDEX(AUTO_Public_TSV_FileList!$A$1:$A$1000,MATCH(TRUE(),EXACT(M25,IFERROR(_xlfn.TEXTBEFORE(AUTO_Public_TSV_FileList!$A$1:$A$1000,".tsv"),"")),0)),"notfound")} -> ISBN%3A9783764353704_Table10.tsv | O25: BUILT 2026-08-15: 272 species; five fundamental brain-part volumes. | P25: FINISHED | Q25: FINISHED | R25: Baron_etal_1996_Table10_snapshot.csv | S25: Source values preserved; seven blank n values retained as missing. | T25: Baron_etal_1996_Table10.csv | U25: Baron_etal_1996_Table10.csv | AL25: primary | AM25: primary
A26: Baron, G., Stephan, H., & Frahm, H. D. (1996). Comparative Neurobiology in Chiroptera: Macromorphology, Brain Structures, Tables, and Atlases. Birkhaeuser. | D26: ISBN:9783764353704 | E26: Table 32 | F26: =RIGHT(A26,1) -> . | G26: =H26 & IF(I26<>"", "_" & I26, "_") & IF(J26<>"", "_" & J26, "_") & IF(B26<>"", "_" & B26, "") -> Baron_etal_1996 | H26: =SUBSTITUTE(SUBSTITUTE(_xlfn.TEXTBEFORE(A26,","), "-", ""), " ", "") -> Baron | I26: =_xlfn.LET( _xlpm.authors,_xlfn.TEXTBEFORE(A26," ("&J26&")"), _xlpm.hasAmp,ISNUMBER(SEARCH("&",_xlpm.authors)), _xlpm.commasBeforeAmp,IF(_xlpm.hasAmp,LEN(_xlfn.TEXTBEFORE(_xlpm.authors,"&"))-LEN(SUBSTITUTE(_xlfn.TEXTBEFORE(_xlpm.authors,"&"),",","")),0), IF(NOT(_xlpm.hasAmp),"",IF(_xlpm.commasBeforeAmp>2,"etal",TRIM(_xlfn.TEXTBEFORE(_xlfn.TEXTAFTER(_xlpm.authors,"& "),",")))) ) -> etal | J26: =_xlfn.TEXTBEFORE(_xlfn.TEXTAFTER(A26, "("), ")") -> 1996 | K26: =_xlfn.LET( _xlpm.doi,IF(D26<>"",D26,_xlfn.TEXTAFTER(A26,"https://doi.org/")), SUBSTITUTE( SUBSTITUTE( SUBSTITUTE( SUBSTITUTE( _xlpm.doi, "/","%2F"), ":","%3A"), "<","%3C"), ">","%3E") ) -> ISBN%3A9783764353704 | L26: =TRIM(_xlfn.TEXTJOIN("_",FALSE(),G26,(SUBSTITUTE(SUBSTITUTE(E26," ",""), "_", "")))) -> Baron_etal_1996_Table32 | M26: =K26 & "_" & SUBSTITUTE(SUBSTITUTE(SUBSTITUTE(E26,CHAR(160),"")," ",""),"_","") -> ISBN%3A9783764353704_Table32 | N26: {=IFERROR(INDEX(AUTO_Public_TSV_FileList!$A$1:$A$1000,MATCH(TRUE(),EXACT(M26,IFERROR(_xlfn.TEXTBEFORE(AUTO_Public_TSV_FileList!$A$1:$A$1000,".tsv"),"")),0)),"notfound")} -> ISBN%3A9783764353704_Table32.tsv | O26: BUILT 2026-08-15: 272 species; telencephalic component volumes. Two source-level component-sum conflicts are retained and reported. | P26: FINISHED | Q26: FINISHED | R26: Baron_etal_1996_Table32_snapshot.csv | S26: Source values preserved; two Table 32 versus Table 10 component-sum conflicts flagged, not corrected. | T26: Baron_etal_1996_Table32.csv | U26: Baron_etal_1996_Table32.csv | AL26: primary | AM26: primary
A27: Bauernfeind, A. L., de Sousa, A. A., Avasthi, T., Dobson, S. D., Raghanti, M. A., Lewandowski, A. H., Zilles, K., Semendeferi, K., Allman, J. M., Craig, A. D., Hof, P. R., & Sherwood, C. C. (2013). A volumetric comparison of the insular cortex and its subregions in primates. J Hum Evol, 64(4), 263-279. https://doi.org/10.1016/j.jhevol.2012.12.003 | E27: Table 1 | F27: =RIGHT(A27,1) -> 3 | G27: =H27 & IF(I27<>"", "_" & I27, "_") & IF(J27<>"", "_" & J27, "_") & IF(B27<>"", "_" & B27, "") -> Bauernfeind_etal_2013 | H27: =SUBSTITUTE(SUBSTITUTE(_xlfn.TEXTBEFORE(A27,","), "-", ""), " ", "") -> Bauernfeind | I27: =_xlfn.LET( _xlpm.authors,_xlfn.TEXTBEFORE(A27," ("&J27&")"), _xlpm.hasAmp,ISNUMBER(SEARCH("&",_xlpm.authors)), _xlpm.commasBeforeAmp,IF(_xlpm.hasAmp,LEN(_xlfn.TEXTBEFORE(_xlpm.authors,"&"))-LEN(SUBSTITUTE(_xlfn.TEXTBEFORE(_xlpm.authors,"&"),",","")),0), IF(NOT(_xlpm.hasAmp),"",IF(_xlpm.commasBeforeAmp>2,"etal",TRIM(_xlfn.TEXTBEFORE(_xlfn.TEXTAFTER(_xlpm.authors,"& "),",")))) ) -> etal | J27: =_xlfn.TEXTBEFORE(_xlfn.TEXTAFTER(A27, "("), ")") -> 2013 | K27: =_xlfn.LET( _xlpm.doi,IF(D27<>"",D27,_xlfn.TEXTAFTER(A27,"https://doi.org/")), SUBSTITUTE( SUBSTITUTE( SUBSTITUTE( SUBSTITUTE( _xlpm.doi, "/","%2F"), ":","%3A"), "<","%3C"), ">","%3E") ) -> 10.1016%2Fj.jhevol.2012.12.003 | L27: =TRIM(_xlfn.TEXTJOIN("_",FALSE(),G27,(SUBSTITUTE(SUBSTITUTE(E27," ",""), "_", "")))) -> Bauernfeind_etal_2013_Table1 | M27: =K27 & "_" & SUBSTITUTE(SUBSTITUTE(SUBSTITUTE(E27,CHAR(160),"")," ",""),"_","") -> 10.1016%2Fj.jhevol.2012.12.003_Table1 | N27: {=IFERROR(INDEX(AUTO_Public_TSV_FileList!$A$1:$A$1000,MATCH(TRUE(),EXACT(M27,IFERROR(_xlfn.TEXTBEFORE(AUTO_Public_TSV_FileList!$A$1:$A$1000,".tsv"),"")),0)),"notfound")} -> 10.1016%2Fj.jhevol.2012.12.003_Table1.tsv | O27: Volumetric comparison of the insular cortex (Table 1) | Q27: FINISHED | W27: table | Z27: Stephan, Sherwood | AG27: histological sections | AH27: volumetry | AJ27: insular cortex volumes | AK27: Primates | AL27: primary | AM27: primary | AN27: volume
A28: Bauernfeind, A. L., de Sousa, A. A., Avasthi, T., Dobson, S. D., Raghanti, M. A., Lewandowski, A. H., Zilles, K., Semendeferi, K., Allman, J. M., Craig, A. D., Hof, P. R., & Sherwood, C. C. (2013). A volumetric comparison of the insular cortex and its subregions in primates. J Hum Evol, 64(4), 263-279. https://doi.org/10.1016/j.jhevol.2012.12.003 | E28: Table 2 | F28: =RIGHT(A28,1) -> 3 | G28: =H28 & IF(I28<>"", "_" & I28, "_") & IF(J28<>"", "_" & J28, "_") & IF(B28<>"", "_" & B28, "") -> Bauernfeind_etal_2013 | H28: =SUBSTITUTE(SUBSTITUTE(_xlfn.TEXTBEFORE(A28,","), "-", ""), " ", "") -> Bauernfeind | I28: =_xlfn.LET( _xlpm.authors,_xlfn.TEXTBEFORE(A28," ("&J28&")"), _xlpm.hasAmp,ISNUMBER(SEARCH("&",_xlpm.authors)), _xlpm.commasBeforeAmp,IF(_xlpm.hasAmp,LEN(_xlfn.TEXTBEFORE(_xlpm.authors,"&"))-LEN(SUBSTITUTE(_xlfn.TEXTBEFORE(_xlpm.authors,"&"),",","")),0), IF(NOT(_xlpm.hasAmp),"",IF(_xlpm.commasBeforeAmp>2,"etal",TRIM(_xlfn.TEXTBEFORE(_xlfn.TEXTAFTER(_xlpm.authors,"& "),",")))) ) -> etal | J28: =_xlfn.TEXTBEFORE(_xlfn.TEXTAFTER(A28, "("), ")") -> 2013 | K28: =_xlfn.LET( _xlpm.doi,IF(D28<>"",D28,_xlfn.TEXTAFTER(A28,"https://doi.org/")), SUBSTITUTE( SUBSTITUTE( SUBSTITUTE( SUBSTITUTE( _xlpm.doi, "/","%2F"), ":","%3A"), "<","%3C"), ">","%3E") ) -> 10.1016%2Fj.jhevol.2012.12.003 | L28: =TRIM(_xlfn.TEXTJOIN("_",FALSE(),G28,(SUBSTITUTE(SUBSTITUTE(E28," ",""), "_", "")))) -> Bauernfeind_etal_2013_Table2 | M28: =K28 & "_" & SUBSTITUTE(SUBSTITUTE(SUBSTITUTE(E28,CHAR(160),"")," ",""),"_","") -> 10.1016%2Fj.jhevol.2012.12.003_Table2 | N28: {=IFERROR(INDEX(AUTO_Public_TSV_FileList!$A$1:$A$1000,MATCH(TRUE(),EXACT(M28,IFERROR(_xlfn.TEXTBEFORE(AUTO_Public_TSV_FileList!$A$1:$A$1000,".tsv"),"")),0)),"notfound")} -> 10.1016%2Fj.jhevol.2012.12.003_Table2.tsv | Q28: FINISHED | W28: table | Z28: Stephan, Sherwood | AG28: histological sections | AH28: volumetry | AJ28: insular cortex volumes | AK28: Primates | AL28: primary | AM28: primary | AN28: volume
A29: Bauernfeind, A. L., de Sousa, A. A., Avasthi, T., Dobson, S. D., Raghanti, M. A., Lewandowski, A. H., Zilles, K., Semendeferi, K., Allman, J. M., Craig, A. D., Hof, P. R., & Sherwood, C. C. (2013). A volumetric comparison of the insular cortex and its subregions in primates. J Hum Evol, 64(4), 263-279. https://doi.org/10.1016/j.jhevol.2012.12.003 | E29: Table 3 | F29: =RIGHT(A29,1) -> 3 | G29: =H29 & IF(I29<>"", "_" & I29, "_") & IF(J29<>"", "_" & J29, "_") & IF(B29<>"", "_" & B29, "") -> Bauernfeind_etal_2013 | H29: =SUBSTITUTE(SUBSTITUTE(_xlfn.TEXTBEFORE(A29,","), "-", ""), " ", "") -> Bauernfeind | I29: =_xlfn.LET( _xlpm.authors,_xlfn.TEXTBEFORE(A29," ("&J29&")"), _xlpm.hasAmp,ISNUMBER(SEARCH("&",_xlpm.authors)), _xlpm.commasBeforeAmp,IF(_xlpm.hasAmp,LEN(_xlfn.TEXTBEFORE(_xlpm.authors,"&"))-LEN(SUBSTITUTE(_xlfn.TEXTBEFORE(_xlpm.authors,"&"),",","")),0), IF(NOT(_xlpm.hasAmp),"",IF(_xlpm.commasBeforeAmp>2,"etal",TRIM(_xlfn.TEXTBEFORE(_xlfn.TEXTAFTER(_xlpm.authors,"& "),",")))) ) -> etal | J29: =_xlfn.TEXTBEFORE(_xlfn.TEXTAFTER(A29, "("), ")") -> 2013 | K29: =_xlfn.LET( _xlpm.doi,IF(D29<>"",D29,_xlfn.TEXTAFTER(A29,"https://doi.org/")), SUBSTITUTE( SUBSTITUTE( SUBSTITUTE( SUBSTITUTE( _xlpm.doi, "/","%2F"), ":","%3A"), "<","%3C"), ">","%3E") ) -> 10.1016%2Fj.jhevol.2012.12.003 | L29: =TRIM(_xlfn.TEXTJOIN("_",FALSE(),G29,(SUBSTITUTE(SUBSTITUTE(E29," ",""), "_", "")))) -> Bauernfeind_etal_2013_Table3 | M29: =K29 & "_" & SUBSTITUTE(SUBSTITUTE(SUBSTITUTE(E29,CHAR(160),"")," ",""),"_","") -> 10.1016%2Fj.jhevol.2012.12.003_Table3 | N29: {=IFERROR(INDEX(AUTO_Public_TSV_FileList!$A$1:$A$1000,MATCH(TRUE(),EXACT(M29,IFERROR(_xlfn.TEXTBEFORE(AUTO_Public_TSV_FileList!$A$1:$A$1000,".tsv"),"")),0)),"notfound")} -> 10.1016%2Fj.jhevol.2012.12.003_Table3.tsv | W29: table | Z29: Stephan, Sherwood | AG29: histological sections | AH29: volumetry | AJ29: insular cortex volumes | AK29: Primates | AL29: primary | AM29: primary | AN29: volume
A30: Bortoff, G. A., & Strick, P. L. (1993). Corticospinal terminations in two New-World primates: Further evidence that corticomotoneuronal connections provide part of the neural substrate for manual dexterity. The Journal of Neuroscience, 13(12), 5105–5118. https://doi.org/10.1523/JNEUROSCI.13-12-05105.1993 | E30: Table 1 | F30: =RIGHT(A30,1) -> 3 | G30: =H30 & IF(I30<>"", "_" & I30, "_") & IF(J30<>"", "_" & J30, "_") & IF(B30<>"", "_" & B30, "") -> Bortoff_Strick_1993 | H30: =SUBSTITUTE(SUBSTITUTE(_xlfn.TEXTBEFORE(A30,","), "-", ""), " ", "") -> Bortoff | I30: =_xlfn.LET( _xlpm.authors,_xlfn.TEXTBEFORE(A30," ("&J30&")"), _xlpm.hasAmp,ISNUMBER(SEARCH("&",_xlpm.authors)), _xlpm.commasBeforeAmp,IF(_xlpm.hasAmp,LEN(_xlfn.TEXTBEFORE(_xlpm.authors,"&"))-LEN(SUBSTITUTE(_xlfn.TEXTBEFORE(_xlpm.authors,"&"),",","")),0), IF(NOT(_xlpm.hasAmp),"",IF(_xlpm.commasBeforeAmp>2,"etal",TRIM(_xlfn.TEXTBEFORE(_xlfn.TEXTAFTER(_xlpm.authors,"& "),",")))) ) -> Strick | J30: =_xlfn.TEXTBEFORE(_xlfn.TEXTAFTER(A30, "("), ")") -> 1993 | K30: =_xlfn.LET( _xlpm.doi,IF(D30<>"",D30,_xlfn.TEXTAFTER(A30,"https://doi.org/")), SUBSTITUTE( SUBSTITUTE( SUBSTITUTE( SUBSTITUTE( _xlpm.doi, "/","%2F"), ":","%3A"), "<","%3C"), ">","%3E") ) -> 10.1523%2FJNEUROSCI.13-12-05105.1993 | L30: =TRIM(_xlfn.TEXTJOIN("_",FALSE(),G30,(SUBSTITUTE(SUBSTITUTE(E30," ",""), "_", "")))) -> Bortoff_Strick_1993_Table1 | M30: =K30 & "_" & SUBSTITUTE(SUBSTITUTE(SUBSTITUTE(E30,CHAR(160),"")," ",""),"_","") -> 10.1523%2FJNEUROSCI.13-12-05105.1993_Table1 | N30: {=IFERROR(INDEX(AUTO_Public_TSV_FileList!$A$1:$A$1000,MATCH(TRUE(),EXACT(M30,IFERROR(_xlfn.TEXTBEFORE(AUTO_Public_TSV_FileList!$A$1:$A$1000,".tsv"),"")),0)),"notfound")} -> 10.1523%2FJNEUROSCI.13-12-05105.1993_Table1.tsv | O30: Curated Table 1. Species-specific corticospinal termination extent and CM-connection inference | P30: Conservative curatorial compilation from Bortoff & Strick (1993) primary tract-tracing evidence. | Q30: FINISHED | R30: Europe PMC | S30: Bortoff_Strick_1993_Table1_snapshot.xlsx | T30: Y | U30: Bortoff_Strick_1993_Table1.csv | V30: pdf + curated snapshot | W30: table | X30: https://europepmc.org/articles/PMC6575756?pdf=render | Y30: https://doi.org/10.1523/JNEUROSCI.13-12-05105.1993 | Z30: Bortoff/Strick | AB30: CST ventral-horn / lamina IX termination extent; CM-connection inference | AC30: Two New-World primate species. Grade 0–2 is coded only from explicit species-level terminal-field evidence. CM_monosynaptic remains blank because light microscopy cannot establish direct monosynaptic presence or absence; likely/against is retained separately as inference. Data role = PRIMARY: the WGA-HRP result is Bortoff & Strick’s own, only the 0–2 grading is curatorial (see reference_tables/..._definitions.csv, Method:coding). Keyed on the article DOI — the earlier COMPILATION:Corticospinal_terminations override was removed 2026-08-15; a second CST paper gets its own folder and is pooled in __merging_behaviour, not appended to this table. | AG30: two New-World primate species | AH30: WGA-HRP anterograde tract tracing from primary motor cortex | AI30: spinal cord / M1 output | AJ30: corticospinal termination extent and corticomotoneuronal inference | AK30: Primates | AL30: primary (own WGA-HRP tract tracing); ordinal grade is curated | AM30: primary | AN30: ordinal anatomical grade + qualitative inference
A31: Boyer, D. M., & Harrington, A. R. (2018). Scaling of bony canals for encephalic vessels in euarchontans: Implications for the role of the vertebral artery and brain metabolism. J Hum Evol, 114, 85-101. https://doi.org/10.1016/j.jhevol.2017.09.003 | E31: Table 1 | F31: =RIGHT(A31,1) -> 3 | G31: =H31 & IF(I31<>"", "_" & I31, "_") & IF(J31<>"", "_" & J31, "_") & IF(B31<>"", "_" & B31, "") -> Boyer_Harrington_2018 | H31: =SUBSTITUTE(SUBSTITUTE(_xlfn.TEXTBEFORE(A31,","), "-", ""), " ", "") -> Boyer | I31: =_xlfn.LET( _xlpm.authors,_xlfn.TEXTBEFORE(A31," ("&J31&")"), _xlpm.hasAmp,ISNUMBER(SEARCH("&",_xlpm.authors)), _xlpm.commasBeforeAmp,IF(_xlpm.hasAmp,LEN(_xlfn.TEXTBEFORE(_xlpm.authors,"&"))-LEN(SUBSTITUTE(_xlfn.TEXTBEFORE(_xlpm.authors,"&"),",","")),0), IF(NOT(_xlpm.hasAmp),"",IF(_xlpm.commasBeforeAmp>2,"etal",TRIM(_xlfn.TEXTBEFORE(_xlfn.TEXTAFTER(_xlpm.authors,"& "),",")))) ) -> Harrington | J31: =_xlfn.TEXTBEFORE(_xlfn.TEXTAFTER(A31, "("), ")") -> 2018 | K31: =_xlfn.LET( _xlpm.doi,IF(D31<>"",D31,_xlfn.TEXTAFTER(A31,"https://doi.org/")), SUBSTITUTE( SUBSTITUTE( SUBSTITUTE( SUBSTITUTE( _xlpm.doi, "/","%2F"), ":","%3A"), "<","%3C"), ">","%3E") ) -> 10.1016%2Fj.jhevol.2017.09.003 | L31: =TRIM(_xlfn.TEXTJOIN("_",FALSE(),G31,(SUBSTITUTE(SUBSTITUTE(E31," ",""), "_", "")))) -> Boyer_Harrington_2018_Table1 | M31: =K31 & "_" & SUBSTITUTE(SUBSTITUTE(SUBSTITUTE(E31,CHAR(160),"")," ",""),"_","") -> 10.1016%2Fj.jhevol.2017.09.003_Table1 | N31: {=IFERROR(INDEX(AUTO_Public_TSV_FileList!$A$1:$A$1000,MATCH(TRUE(),EXACT(M31,IFERROR(_xlfn.TEXTBEFORE(AUTO_Public_TSV_FileList!$A$1:$A$1000,".tsv"),"")),0)),"notfound")} -> 10.1016%2Fj.jhevol.2017.09.003_Table1.tsv | O31: Table 1 Taxon list and species mean values.
A32: Boyer, D. M., & Harrington, A. R. (2019). New estimates of blood flow rates in the vertebral artery of euarchontans and their implications for encephalic blood flow scaling: A response to Seymour and Snelling (2018). J Hum Evol, 128, 93-98. https://doi.org/10.1016/j.jhevol.2018.10.002 | E32: SOM Table S6 | F32: =RIGHT(A32,1) -> 2 | G32: =H32 & IF(I32<>"", "_" & I32, "_") & IF(J32<>"", "_" & J32, "_") & IF(B32<>"", "_" & B32, "") -> Boyer_Harrington_2019 | H32: =SUBSTITUTE(SUBSTITUTE(_xlfn.TEXTBEFORE(A32,","), "-", ""), " ", "") -> Boyer | I32: =_xlfn.LET( _xlpm.authors,_xlfn.TEXTBEFORE(A32," ("&J32&")"), _xlpm.hasAmp,ISNUMBER(SEARCH("&",_xlpm.authors)), _xlpm.commasBeforeAmp,IF(_xlpm.hasAmp,LEN(_xlfn.TEXTBEFORE(_xlpm.authors,"&"))-LEN(SUBSTITUTE(_xlfn.TEXTBEFORE(_xlpm.authors,"&"),",","")),0), IF(NOT(_xlpm.hasAmp),"",IF(_xlpm.commasBeforeAmp>2,"etal",TRIM(_xlfn.TEXTBEFORE(_xlfn.TEXTAFTER(_xlpm.authors,"& "),",")))) ) -> Harrington | J32: =_xlfn.TEXTBEFORE(_xlfn.TEXTAFTER(A32, "("), ")") -> 2019 | K32: =_xlfn.LET( _xlpm.doi,IF(D32<>"",D32,_xlfn.TEXTAFTER(A32,"https://doi.org/")), SUBSTITUTE( SUBSTITUTE( SUBSTITUTE( SUBSTITUTE( _xlpm.doi, "/","%2F"), ":","%3A"), "<","%3C"), ">","%3E") ) -> 10.1016%2Fj.jhevol.2018.10.002 | L32: =TRIM(_xlfn.TEXTJOIN("_",FALSE(),G32,(SUBSTITUTE(SUBSTITUTE(E32," ",""), "_", "")))) -> Boyer_Harrington_2019_SOMTableS6 | M32: =K32 & "_" & SUBSTITUTE(SUBSTITUTE(SUBSTITUTE(E32,CHAR(160),"")," ",""),"_","") -> 10.1016%2Fj.jhevol.2018.10.002_SOMTableS6 | N32: {=IFERROR(INDEX(AUTO_Public_TSV_FileList!$A$1:$A$1000,MATCH(TRUE(),EXACT(M32,IFERROR(_xlfn.TEXTBEFORE(AUTO_Public_TSV_FileList!$A$1:$A$1000,".tsv"),"")),0)),"notfound")} -> 10.1016%2Fj.jhevol.2018.10.002_SOMTableS6.tsv
A33: Brodmann, K. (1913). Neue Ergebnisse über die vergleichende histologische Lokalisation der Grosshirnrinde mit besonderer Berücksichtigung des Stirnhirns. Verhandlungen der Anatomischen Gesellschaft, 41, 157-216. | D33: OCLC:8777719 | E33: Table 1 | F33: =RIGHT(A33,1) -> . | G33: =H33 & IF(I33<>"", "_" & I33, "_") & IF(J33<>"", "_" & J33, "_") & IF(B33<>"", "_" & B33, "") -> Brodmann__1913 | H33: =SUBSTITUTE(SUBSTITUTE(_xlfn.TEXTBEFORE(A33,","), "-", ""), " ", "") -> Brodmann | I33: =_xlfn.LET( _xlpm.authors,_xlfn.TEXTBEFORE(A33," ("&J33&")"), _xlpm.hasAmp,ISNUMBER(SEARCH("&",_xlpm.authors)), _xlpm.commasBeforeAmp,IF(_xlpm.hasAmp,LEN(_xlfn.TEXTBEFORE(_xlpm.authors,"&"))-LEN(SUBSTITUTE(_xlfn.TEXTBEFORE(_xlpm.authors,"&"),",","")),0), IF(NOT(_xlpm.hasAmp),"",IF(_xlpm.commasBeforeAmp>2,"etal",TRIM(_xlfn.TEXTBEFORE(_xlfn.TEXTAFTER(_xlpm.authors,"& "),",")))) ) | J33: =_xlfn.TEXTBEFORE(_xlfn.TEXTAFTER(A33, "("), ")") -> 1913 | K33: =_xlfn.LET( _xlpm.doi,IF(D33<>"",D33,_xlfn.TEXTAFTER(A33,"https://doi.org/")), SUBSTITUTE( SUBSTITUTE( SUBSTITUTE( SUBSTITUTE( _xlpm.doi, "/","%2F"), ":","%3A"), "<","%3C"), ">","%3E") ) -> OCLC%3A8777719 | L33: =TRIM(_xlfn.TEXTJOIN("_",FALSE(),G33,(SUBSTITUTE(SUBSTITUTE(E33," ",""), "_", "")))) -> Brodmann__1913_Table1 | M33: =K33 & "_" & SUBSTITUTE(SUBSTITUTE(SUBSTITUTE(E33,CHAR(160),"")," ",""),"_","") -> OCLC%3A8777719_Table1 | N33: {=IFERROR(INDEX(AUTO_Public_TSV_FileList!$A$1:$A$1000,MATCH(TRUE(),EXACT(M33,IFERROR(_xlfn.TEXTBEFORE(AUTO_Public_TSV_FileList!$A$1:$A$1000,".tsv"),"")),0)),"notfound")} -> OCLC%3A8777719_Table1.tsv | O33: Tabelle 1. Gesamtrindenfläche, Furchenrinde und Hirngewicht bei verschiedenen Säugetieren | Q33: FINISHED | AJ33: total cortical surface area; sulcal cortex; brain weight | AK33: Mammalia (all orders) | AL33: primary | AM33: primary | AN33: surface area (mm2) + mass (g)
A34: Brodmann, K. (1913). Neue Forschungsergebnisse der Großhirnrindenanatomie mit besonderer Berücksichtigung anthropologischer Fragen. Verhandlungen der Gesellschaft Deutscher Naturforscher und Ärzte, 85(1), 200-240 | D34: 10.0000/placeholder | E34: Tabelle 1 | F34: =RIGHT(A34,1) -> 0 | G34: =H34 & IF(I34<>"", "_" & I34, "_") & IF(J34<>"", "_" & J34, "_") & IF(B34<>"", "_" & B34, "") -> Brodmann__1913 | H34: =SUBSTITUTE(SUBSTITUTE(_xlfn.TEXTBEFORE(A34,","), "-", ""), " ", "") -> Brodmann | I34: =_xlfn.LET( _xlpm.authors,_xlfn.TEXTBEFORE(A34," ("&J34&")"), _xlpm.hasAmp,ISNUMBER(SEARCH("&",_xlpm.authors)), _xlpm.commasBeforeAmp,IF(_xlpm.hasAmp,LEN(_xlfn.TEXTBEFORE(_xlpm.authors,"&"))-LEN(SUBSTITUTE(_xlfn.TEXTBEFORE(_xlpm.authors,"&"),",","")),0), IF(NOT(_xlpm.hasAmp),"",IF(_xlpm.commasBeforeAmp>2,"etal",TRIM(_xlfn.TEXTBEFORE(_xlfn.TEXTAFTER(_xlpm.authors,"& "),",")))) ) | J34: =_xlfn.TEXTBEFORE(_xlfn.TEXTAFTER(A34, "("), ")") -> 1913 | K34: =_xlfn.LET( _xlpm.doi,IF(D34<>"",D34,_xlfn.TEXTAFTER(A34,"https://doi.org/")), SUBSTITUTE( SUBSTITUTE( SUBSTITUTE( SUBSTITUTE( _xlpm.doi, "/","%2F"), ":","%3A"), "<","%3C"), ">","%3E") ) -> 10.0000%2Fplaceholder | L34: =TRIM(_xlfn.TEXTJOIN("_",FALSE(),G34,(SUBSTITUTE(SUBSTITUTE(E34," ",""), "_", "")))) -> Brodmann__1913_Tabelle1 | M34: =K34 & "_" & SUBSTITUTE(SUBSTITUTE(SUBSTITUTE(E34,CHAR(160),"")," ",""),"_","") -> 10.0000%2Fplaceholder_Tabelle1 | N34: {=IFERROR(INDEX(AUTO_Public_TSV_FileList!$A$1:$A$1000,MATCH(TRUE(),EXACT(M34,IFERROR(_xlfn.TEXTBEFORE(AUTO_Public_TSV_FileList!$A$1:$A$1000,".tsv"),"")),0)),"notfound")} -> notfound | AJ34: cortical surface area | AK34: Mammals (various) | AM34: primary | AN34: cortical surface area
A35: Burger, J. R., George, M. A., Leadbetter, C., & Shaikh, F. (2019). The allometry of brain size in mammals. J Mammal, 100(2), 276-283. https://doi.org/10.1093/jmammal/gyz043 | E35: Supplementary Data SD1 | F35: =RIGHT(A35,1) -> 3 | G35: =H35 & IF(I35<>"", "_" & I35, "_") & IF(J35<>"", "_" & J35, "_") & IF(B35<>"", "_" & B35, "") -> Burger_etal_2019 | H35: =SUBSTITUTE(SUBSTITUTE(_xlfn.TEXTBEFORE(A35,","), "-", ""), " ", "") -> Burger | I35: =_xlfn.LET( _xlpm.authors,_xlfn.TEXTBEFORE(A35," ("&J35&")"), _xlpm.hasAmp,ISNUMBER(SEARCH("&",_xlpm.authors)), _xlpm.commasBeforeAmp,IF(_xlpm.hasAmp,LEN(_xlfn.TEXTBEFORE(_xlpm.authors,"&"))-LEN(SUBSTITUTE(_xlfn.TEXTBEFORE(_xlpm.authors,"&"),",","")),0), IF(NOT(_xlpm.hasAmp),"",IF(_xlpm.commasBeforeAmp>2,"etal",TRIM(_xlfn.TEXTBEFORE(_xlfn.TEXTAFTER(_xlpm.authors,"& "),",")))) ) -> etal | J35: =_xlfn.TEXTBEFORE(_xlfn.TEXTAFTER(A35, "("), ")") -> 2019 | K35: =_xlfn.LET( _xlpm.doi,IF(D35<>"",D35,_xlfn.TEXTAFTER(A35,"https://doi.org/")), SUBSTITUTE( SUBSTITUTE( SUBSTITUTE( SUBSTITUTE( _xlpm.doi, "/","%2F"), ":","%3A"), "<","%3C"), ">","%3E") ) -> 10.1093%2Fjmammal%2Fgyz043 | L35: =TRIM(_xlfn.TEXTJOIN("_",FALSE(),G35,(SUBSTITUTE(SUBSTITUTE(E35," ",""), "_", "")))) -> Burger_etal_2019_SupplementaryDataSD1 | M35: =K35 & "_" & SUBSTITUTE(SUBSTITUTE(SUBSTITUTE(E35,CHAR(160),"")," ",""),"_","") -> 10.1093%2Fjmammal%2Fgyz043_SupplementaryDataSD1 | N35: {=IFERROR(INDEX(AUTO_Public_TSV_FileList!$A$1:$A$1000,MATCH(TRUE(),EXACT(M35,IFERROR(_xlfn.TEXTBEFORE(AUTO_Public_TSV_FileList!$A$1:$A$1000,".tsv"),"")),0)),"notfound")} -> 10.1093%2Fjmammal%2Fgyz043_SupplementaryDataSD1.tsv | P35: Supplementary Data SD2 | Q35: FINISHED | R35: already there | S35: gyz043_suppl_Supplement_Data.csv | T35: N | U35: =IF(T35="N", S35, "write file name") -> gyz043_suppl_Supplement_Data.csv | V35: zipped csv | W35: table | X35: NO - the article link did not work in R, and goes to a zip | AC35: derived relative brain size data are problematic | AI35: mammals | AJ35: Brain and body size | AK35: Mammals | AL35: secondary | AM35: secondary | AN35: brain & body mass
A36: Burish, M. J., Peebles, J. K., Baldwin, M. K., Tavares, L., Kaas, J. H., & Herculano-Houzel, S. (2010). Cellular scaling rules for primate spinal cords. Brain Behav Evol, 76(1), 45-59. https://doi.org/10.1159/000319019 | E36: Supplementary Table 1 | F36: =RIGHT(A36,1) -> 9 | G36: =H36 & IF(I36<>"", "_" & I36, "_") & IF(J36<>"", "_" & J36, "_") & IF(B36<>"", "_" & B36, "") -> Burish_etal_2010 | H36: =SUBSTITUTE(SUBSTITUTE(_xlfn.TEXTBEFORE(A36,","), "-", ""), " ", "") -> Burish | I36: =_xlfn.LET( _xlpm.authors,_xlfn.TEXTBEFORE(A36," ("&J36&")"), _xlpm.hasAmp,ISNUMBER(SEARCH("&",_xlpm.authors)), _xlpm.commasBeforeAmp,IF(_xlpm.hasAmp,LEN(_xlfn.TEXTBEFORE(_xlpm.authors,"&"))-LEN(SUBSTITUTE(_xlfn.TEXTBEFORE(_xlpm.authors,"&"),",","")),0), IF(NOT(_xlpm.hasAmp),"",IF(_xlpm.commasBeforeAmp>2,"etal",TRIM(_xlfn.TEXTBEFORE(_xlfn.TEXTAFTER(_xlpm.authors,"& "),",")))) ) -> etal | J36: =_xlfn.TEXTBEFORE(_xlfn.TEXTAFTER(A36, "("), ")") -> 2010 | K36: =_xlfn.LET( _xlpm.doi,IF(D36<>"",D36,_xlfn.TEXTAFTER(A36,"https://doi.org/")), SUBSTITUTE( SUBSTITUTE( SUBSTITUTE( SUBSTITUTE( _xlpm.doi, "/","%2F"), ":","%3A"), "<","%3C"), ">","%3E") ) -> 10.1159%2F000319019 | L36: =TRIM(_xlfn.TEXTJOIN("_",FALSE(),G36,(SUBSTITUTE(SUBSTITUTE(E36," ",""), "_", "")))) -> Burish_etal_2010_SupplementaryTable1 | M36: =K36 & "_" & SUBSTITUTE(SUBSTITUTE(SUBSTITUTE(E36,CHAR(160),"")," ",""),"_","") -> 10.1159%2F000319019_SupplementaryTable1 | N36: {=IFERROR(INDEX(AUTO_Public_TSV_FileList!$A$1:$A$1000,MATCH(TRUE(),EXACT(M36,IFERROR(_xlfn.TEXTBEFORE(AUTO_Public_TSV_FileList!$A$1:$A$1000,".tsv"),"")),0)),"notfound")} -> 10.1159%2F000319019_SupplementaryTable1.tsv | O36: Supplementary Table 1: Dataset of individual spinal cord measurements | Q36: Species - binomials need to be added | S36: Burish_etal_2010_SupplementaryTable1_snapshot.csv | Z36: HH | AA36: HH | AB36: number spinal cord neurons | AH36: isotropic fractionator | AI36: primates and tree shrew | AK36: Primates (+ other mammals) | AL36: primary (individual) | AM36: review | AN36: review
A37: Burish, M. J., Peebles, J. K., Baldwin, M. K., Tavares, L., Kaas, J. H., & Herculano-Houzel, S. (2010). Cellular scaling rules for primate spinal cords. Brain Behav Evol, 76(1), 45-59. https://doi.org/10.1159/000319019 | E37: Table 1 | F37: =RIGHT(A37,1) -> 9 | G37: =H37 & IF(I37<>"", "_" & I37, "_") & IF(J37<>"", "_" & J37, "_") & IF(B37<>"", "_" & B37, "") -> Burish_etal_2010 | H37: =SUBSTITUTE(SUBSTITUTE(_xlfn.TEXTBEFORE(A37,","), "-", ""), " ", "") -> Burish | I37: =_xlfn.LET( _xlpm.authors,_xlfn.TEXTBEFORE(A37," ("&J37&")"), _xlpm.hasAmp,ISNUMBER(SEARCH("&",_xlpm.authors)), _xlpm.commasBeforeAmp,IF(_xlpm.hasAmp,LEN(_xlfn.TEXTBEFORE(_xlpm.authors,"&"))-LEN(SUBSTITUTE(_xlfn.TEXTBEFORE(_xlpm.authors,"&"),",","")),0), IF(NOT(_xlpm.hasAmp),"",IF(_xlpm.commasBeforeAmp>2,"etal",TRIM(_xlfn.TEXTBEFORE(_xlfn.TEXTAFTER(_xlpm.authors,"& "),",")))) ) -> etal | J37: =_xlfn.TEXTBEFORE(_xlfn.TEXTAFTER(A37, "("), ")") -> 2010 | K37: =_xlfn.LET( _xlpm.doi,IF(D37<>"",D37,_xlfn.TEXTAFTER(A37,"https://doi.org/")), SUBSTITUTE( SUBSTITUTE( SUBSTITUTE( SUBSTITUTE( _xlpm.doi, "/","%2F"), ":","%3A"), "<","%3C"), ">","%3E") ) -> 10.1159%2F000319019 | L37: =TRIM(_xlfn.TEXTJOIN("_",FALSE(),G37,(SUBSTITUTE(SUBSTITUTE(E37," ",""), "_", "")))) -> Burish_etal_2010_Table1 | M37: =K37 & "_" & SUBSTITUTE(SUBSTITUTE(SUBSTITUTE(E37,CHAR(160),"")," ",""),"_","") -> 10.1159%2F000319019_Table1 | N37: {=IFERROR(INDEX(AUTO_Public_TSV_FileList!$A$1:$A$1000,MATCH(TRUE(),EXACT(M37,IFERROR(_xlfn.TEXTBEFORE(AUTO_Public_TSV_FileList!$A$1:$A$1000,".tsv"),"")),0)),"notfound")} -> 10.1159%2F000319019_Table1.tsv | O37: Table 1. Cellular composition of the spinal cord | Q37: FINISHED | R37: added | S37: Burish_etal_2010_Table1_snapshot.csv | U37: Burish_etal_2010_Table1.csv | V37: pdf | W37: table | Y37: https://doi.org/10.1159/000319019 | Z37: HH | AA37: HH | AB37: number spinal cord neurons | AD37: species-name-error: species-name typo corrected from paper text (in .R script). | AH37: isotropic fractionator | AI37: primates and tree shrew | AK37: Primates (+ other mammals) | AL37: primary (averages) | AM37: review | AN37: review
A38: Bush, E. C., & Allman, J. M. (2003). The scaling of white matter to gray matter in cerebellum and neocortex. Brain Behav Evol, 61(1), 1-5. https://doi.org/10.1159/000068880 | E38: Table 1 | F38: =RIGHT(A38,1) -> 0 | G38: =H38 & IF(I38<>"", "_" & I38, "_") & IF(J38<>"", "_" & J38, "_") & IF(B38<>"", "_" & B38, "") -> Bush_Allman_2003 | H38: =SUBSTITUTE(SUBSTITUTE(_xlfn.TEXTBEFORE(A38,","), "-", ""), " ", "") -> Bush | I38: =_xlfn.LET( _xlpm.authors,_xlfn.TEXTBEFORE(A38," ("&J38&")"), _xlpm.hasAmp,ISNUMBER(SEARCH("&",_xlpm.authors)), _xlpm.commasBeforeAmp,IF(_xlpm.hasAmp,LEN(_xlfn.TEXTBEFORE(_xlpm.authors,"&"))-LEN(SUBSTITUTE(_xlfn.TEXTBEFORE(_xlpm.authors,"&"),",","")),0), IF(NOT(_xlpm.hasAmp),"",IF(_xlpm.commasBeforeAmp>2,"etal",TRIM(_xlfn.TEXTBEFORE(_xlfn.TEXTAFTER(_xlpm.authors,"& "),",")))) ) -> Allman | J38: =_xlfn.TEXTBEFORE(_xlfn.TEXTAFTER(A38, "("), ")") -> 2003 | K38: =_xlfn.LET( _xlpm.doi,IF(D38<>"",D38,_xlfn.TEXTAFTER(A38,"https://doi.org/")), SUBSTITUTE( SUBSTITUTE( SUBSTITUTE( SUBSTITUTE( _xlpm.doi, "/","%2F"), ":","%3A"), "<","%3C"), ">","%3E") ) -> 10.1159%2F000068880 | L38: =TRIM(_xlfn.TEXTJOIN("_",FALSE(),G38,(SUBSTITUTE(SUBSTITUTE(E38," ",""), "_", "")))) -> Bush_Allman_2003_Table1 | M38: =K38 & "_" & SUBSTITUTE(SUBSTITUTE(SUBSTITUTE(E38,CHAR(160),"")," ",""),"_","") -> 10.1159%2F000068880_Table1 | N38: {=IFERROR(INDEX(AUTO_Public_TSV_FileList!$A$1:$A$1000,MATCH(TRUE(),EXACT(M38,IFERROR(_xlfn.TEXTBEFORE(AUTO_Public_TSV_FileList!$A$1:$A$1000,".tsv"),"")),0)),"notfound")} -> 10.1159%2F000068880_Table1.tsv | O38: Table 2. Major axis regression slopes and 95% confidence intervals | Q38: not extracted (regression statistics, not species trait data) | Z38: Allman | AA38: AFIP
A39: Bush, E. C., & Allman, J. M. (2004). The scaling of frontal cortex in primates and carnivores. Proc Natl Acad Sci U S A, 101(11), 3962-3966. https://doi.org/10.1073/pnas.0305760101 | B39: a | E39: Table 2 | F39: =RIGHT(A39,1) -> 1 | G39: =H39 & IF(I39<>"", "_" & I39, "_") & IF(J39<>"", "_" & J39, "_") & IF(B39<>"", "_" & B39, "") -> Bush_Allman_2004_a | H39: =SUBSTITUTE(SUBSTITUTE(_xlfn.TEXTBEFORE(A39,","), "-", ""), " ", "") -> Bush | I39: =_xlfn.LET( _xlpm.authors,_xlfn.TEXTBEFORE(A39," ("&J39&")"), _xlpm.hasAmp,ISNUMBER(SEARCH("&",_xlpm.authors)), _xlpm.commasBeforeAmp,IF(_xlpm.hasAmp,LEN(_xlfn.TEXTBEFORE(_xlpm.authors,"&"))-LEN(SUBSTITUTE(_xlfn.TEXTBEFORE(_xlpm.authors,"&"),",","")),0), IF(NOT(_xlpm.hasAmp),"",IF(_xlpm.commasBeforeAmp>2,"etal",TRIM(_xlfn.TEXTBEFORE(_xlfn.TEXTAFTER(_xlpm.authors,"& "),",")))) ) -> Allman | J39: =_xlfn.TEXTBEFORE(_xlfn.TEXTAFTER(A39, "("), ")") -> 2004 | K39: =_xlfn.LET( _xlpm.doi,IF(D39<>"",D39,_xlfn.TEXTAFTER(A39,"https://doi.org/")), SUBSTITUTE( SUBSTITUTE( SUBSTITUTE( SUBSTITUTE( _xlpm.doi, "/","%2F"), ":","%3A"), "<","%3C"), ">","%3E") ) -> 10.1073%2Fpnas.0305760101 | L39: =TRIM(_xlfn.TEXTJOIN("_",FALSE(),G39,(SUBSTITUTE(SUBSTITUTE(E39," ",""), "_", "")))) -> Bush_Allman_2004_a_Table2 | M39: =K39 & "_" & SUBSTITUTE(SUBSTITUTE(SUBSTITUTE(E39,CHAR(160),"")," ",""),"_","") -> 10.1073%2Fpnas.0305760101_Table2 | N39: {=IFERROR(INDEX(AUTO_Public_TSV_FileList!$A$1:$A$1000,MATCH(TRUE(),EXACT(M39,IFERROR(_xlfn.TEXTBEFORE(AUTO_Public_TSV_FileList!$A$1:$A$1000,".tsv"),"")),0)),"notfound")} -> 10.1073%2Fpnas.0305760101_Table2.tsv | O39: Table 1. White matter and gray matter volumes (cm3) for neocortex and cerebellum for 45 mammals | Q39: Data readable | S39: Bush_Allman_2003_Table1_snapshot.csv | T39: Y | U39: Bush_Allman_2003_Table1.csv | V39: pdf | W39: table | Z39: Allman | AA39: AFIP | AG39: histological sections | AH39: volumetry | AI39: mammals (incl. primates) | AJ39: neocortex & cerebellum grey/white volumes | AL39: primary
A40: Bush, E. C., & Allman, J. M. (2004). Three-dimensional structure and evolution of primate primary visual cortex. Anat Rec (Hoboken), 281(1), 1088-1094. https://doi.org/10.1002/ar.a.20114 | B40: b | E40: TABLE 1 | F40: =RIGHT(A40,1) -> 4 | G40: =H40 & IF(I40<>"", "_" & I40, "_") & IF(J40<>"", "_" & J40, "_") & IF(B40<>"", "_" & B40, "") -> Bush_Allman_2004_b | H40: =SUBSTITUTE(SUBSTITUTE(_xlfn.TEXTBEFORE(A40,","), "-", ""), " ", "") -> Bush | I40: =_xlfn.LET( _xlpm.authors,_xlfn.TEXTBEFORE(A40," ("&J40&")"), _xlpm.hasAmp,ISNUMBER(SEARCH("&",_xlpm.authors)), _xlpm.commasBeforeAmp,IF(_xlpm.hasAmp,LEN(_xlfn.TEXTBEFORE(_xlpm.authors,"&"))-LEN(SUBSTITUTE(_xlfn.TEXTBEFORE(_xlpm.authors,"&"),",","")),0), IF(NOT(_xlpm.hasAmp),"",IF(_xlpm.commasBeforeAmp>2,"etal",TRIM(_xlfn.TEXTBEFORE(_xlfn.TEXTAFTER(_xlpm.authors,"& "),",")))) ) -> Allman | J40: =_xlfn.TEXTBEFORE(_xlfn.TEXTAFTER(A40, "("), ")") -> 2004 | K40: =_xlfn.LET( _xlpm.doi,IF(D40<>"",D40,_xlfn.TEXTAFTER(A40,"https://doi.org/")), SUBSTITUTE( SUBSTITUTE( SUBSTITUTE( SUBSTITUTE( _xlpm.doi, "/","%2F"), ":","%3A"), "<","%3C"), ">","%3E") ) -> 10.1002%2Far.a.20114 | L40: =TRIM(_xlfn.TEXTJOIN("_",FALSE(),G40,(SUBSTITUTE(SUBSTITUTE(E40," ",""), "_", "")))) -> Bush_Allman_2004_b_TABLE1 | M40: =K40 & "_" & SUBSTITUTE(SUBSTITUTE(SUBSTITUTE(E40,CHAR(160),"")," ",""),"_","") -> 10.1002%2Far.a.20114_TABLE1 | N40: {=IFERROR(INDEX(AUTO_Public_TSV_FileList!$A$1:$A$1000,MATCH(TRUE(),EXACT(M40,IFERROR(_xlfn.TEXTBEFORE(AUTO_Public_TSV_FileList!$A$1:$A$1000,".tsv"),"")),0)),"notfound")} -> 10.1002%2Far.a.20114_TABLE1.tsv | O40: Table 1. Measurements in V1 and the rest of the brain for a sample of primates | Q40: Data readable | S40: Bush_Allman_2004_Table1_snapshot.csv | T40: Y | U40: Bush_Allman_2004_Table1.csv | V40: pdf | W40: table | Z40: Allman | AA40: AFIP | AG40: histological sections | AH40: volumetry/stereology | AI40: primates | AJ40: V1 grey, LGN, V1 surface, neocortex GM/WM | AL40: primary
A41: Campos, G. B., & Welker, W. I. (1976). Comparisons between brains of a large and a small hystricomorph rodent: capybara, Hydrochoerus and guinea pig, Cavia; neocortical projection regions and measurements of brain subdivisions. Brain Behav Evol, 13(4), 243-266. https://doi.org/10.1159/000123814 | E41: Table 1 | F41: =RIGHT(A41,1) -> 4 | G41: =H41 & IF(I41<>"", "_" & I41, "_") & IF(J41<>"", "_" & J41, "_") & IF(B41<>"", "_" & B41, "") -> Campos_Welker_1976 | H41: =SUBSTITUTE(SUBSTITUTE(_xlfn.TEXTBEFORE(A41,","), "-", ""), " ", "") -> Campos | I41: =_xlfn.LET(_xlpm.authors,_xlfn.TEXTBEFORE(A41," ("&J41&")"),_xlpm.hasAmp,ISNUMBER(SEARCH("&",_xlpm.authors)),_xlpm.commasBeforeAmp,IF(_xlpm.hasAmp,LEN(_xlfn.TEXTBEFORE(_xlpm.authors,"&"))-LEN(SUBSTITUTE(_xlfn.TEXTBEFORE(_xlpm.authors,"&"),",","")),0),IF(NOT(_xlpm.hasAmp),"",IF(_xlpm.commasBeforeAmp>2,"etal",TRIM(_xlfn.TEXTBEFORE(_xlfn.TEXTAFTER(_xlpm.authors,"& "),","))))) -> Welker | J41: =_xlfn.TEXTBEFORE(_xlfn.TEXTAFTER(A41, "("), ")") -> 1976 | K41: =_xlfn.LET(_xlpm.doi,IF(D41<>"",D41,_xlfn.TEXTAFTER(A41,"https://doi.org/")),SUBSTITUTE(SUBSTITUTE(SUBSTITUTE(SUBSTITUTE(_xlpm.doi,"/","%2F"),":","%3A"),"<","%3C"),">","%3E")) -> 10.1159%2F000123814 | L41: =TRIM(_xlfn.TEXTJOIN("_",FALSE(),G41,(SUBSTITUTE(SUBSTITUTE(E41," ",""), "_", "")))) -> Campos_Welker_1976_Table1 | M41: =K41 & "_" & SUBSTITUTE(SUBSTITUTE(SUBSTITUTE(E41,CHAR(160),"")," ",""),"_","") -> 10.1159%2F000123814_Table1 | N41: =IFERROR(INDEX(AUTO_Public_TSV_FileList!$A$1:$A$1000,MATCH(TRUE(),EXACT(M41,IFERROR(_xlfn.TEXTBEFORE(AUTO_Public_TSV_FileList!$A$1:$A$1000,".tsv"),"")),0)),"notfound") -> notfound | O41: Table 1. Quantitative comparisons of brains of capybara and guinea pig | P41: Mixed primary table: regional volumes, cortical surface/fissure area and thickness, cortical/caudate cell density, and total cell number. Build as method-specific outputs rather than forcing every column into the volume merge. | Q41: PLANNED | R41: EndNote | V41: pdf | W41: table | X41: https://doi.org/10.1159/000123814 | Y41: https://doi.org/10.1159/000123814 | Z41: Welker/Wisconsin | AA41: University of Wisconsin | AB41: prosencephalon; neocortex; white matter; thalamus; caudate; globus pallidus; basal forebrain; hippocampus; hypothalamus; cortical surface/fissures/thickness; cell density and number | AC41: Two specimens/species (capybara and guinea pig). Includes multiplication factors as derived comparisons; retain raw specimen values as primary and tag ratios as derived. | AE41: mixed-datatype table; n=1 per species; derived multiplication-factor rows | AG41: one capybara and one guinea pig specimen | AH41: histological volumetry; cortical surface measurement; cell-density sampling and counts | AI41: brain subdivisions / cortex / cell counts | AJ41: regional volumes; cortical morphometry; cell density and number | AK41: Rodents | AL41: primary | AM41: primary | AN41: volume + area + thickness + cell density/count
A42: Capellini, I., Barton, R. A., McNamara, P., Preston, B. T., & Nunn, C. L. (2008). Phylogenetic analysis of the ecology and evolution of mammalian sleep. Evolution, 62(7), 1764-1776. https://doi.org/10.1111/j.1558-5646.2008.00392.x | E42: sleep-data_Female | F42: =RIGHT(A42,1) -> x | G42: =H42 & IF(I42<>"", "_" & I42, "_") & IF(J42<>"", "_" & J42, "_") & IF(B42<>"", "_" & B42, "") -> Capellini_etal_2008 | H42: =SUBSTITUTE(SUBSTITUTE(_xlfn.TEXTBEFORE(A42,","), "-", ""), " ", "") -> Capellini | I42: =_xlfn.LET( _xlpm.authors,_xlfn.TEXTBEFORE(A42," ("&J42&")"), _xlpm.hasAmp,ISNUMBER(SEARCH("&",_xlpm.authors)), _xlpm.commasBeforeAmp,IF(_xlpm.hasAmp,LEN(_xlfn.TEXTBEFORE(_xlpm.authors,"&"))-LEN(SUBSTITUTE(_xlfn.TEXTBEFORE(_xlpm.authors,"&"),",","")),0), IF(NOT(_xlpm.hasAmp),"",IF(_xlpm.commasBeforeAmp>2,"etal",TRIM(_xlfn.TEXTBEFORE(_xlfn.TEXTAFTER(_xlpm.authors,"& "),",")))) ) -> etal | J42: =_xlfn.TEXTBEFORE(_xlfn.TEXTAFTER(A42, "("), ")") -> 2008 | K42: =_xlfn.LET( _xlpm.doi,IF(D42<>"",D42,_xlfn.TEXTAFTER(A42,"https://doi.org/")), SUBSTITUTE( SUBSTITUTE( SUBSTITUTE( SUBSTITUTE( _xlpm.doi, "/","%2F"), ":","%3A"), "<","%3C"), ">","%3E") ) -> 10.1111%2Fj.1558-5646.2008.00392.x | L42: =TRIM(_xlfn.TEXTJOIN("_",FALSE(),G42,(SUBSTITUTE(SUBSTITUTE(E42," ",""), "_", "")))) -> Capellini_etal_2008_sleep-dataFemale | M42: =K42 & "_" & SUBSTITUTE(SUBSTITUTE(SUBSTITUTE(E42,CHAR(160),"")," ",""),"_","") -> 10.1111%2Fj.1558-5646.2008.00392.x_sleep-dataFemale | N42: {=IFERROR(INDEX(AUTO_Public_TSV_FileList!$A$1:$A$1000,MATCH(TRUE(),EXACT(M42,IFERROR(_xlfn.TEXTBEFORE(AUTO_Public_TSV_FileList!$A$1:$A$1000,".tsv"),"")),0)),"notfound")} -> 10.1111%2Fj.1558-5646.2008.00392.x_sleep-dataFemale.tsv | P42: all data downloaded from database cited in paper with search term Sex = Female | Q42: FINISHED | S42: none - digital-native (sleep-data_Female.csv IS the frozen source) | U42: Capellini_etal_2008_sleep-dataFemale.csv | V42: csv | W42: table | Z42: Capellini | AC42: one row per primary study x species x sex class, not per species - aggregate at the merge. Citation-dependent with HerculanoHouzel__2015_Table1 for daily sleep (both descend from Zepelin / Campbell & Tobler) - resolve, never average. | AJ42: sleep (total sleep time, REM, NREM) | AK42: Mammals | AL42: secondary compilation | AM42: secondary | AN42: sleep (h/day, REM %)
A43: Capellini, I., Barton, R. A., McNamara, P., Preston, B. T., & Nunn, C. L. (2008). Phylogenetic analysis of the ecology and evolution of mammalian sleep. Evolution, 62(7), 1764-1776. https://doi.org/10.1111/j.1558-5646.2008.00392.x | E43: sleep-data_Male | F43: =RIGHT(A43,1) -> x | G43: =H43 & IF(I43<>"", "_" & I43, "_") & IF(J43<>"", "_" & J43, "_") & IF(B43<>"", "_" & B43, "") -> Capellini_etal_2008 | H43: =SUBSTITUTE(SUBSTITUTE(_xlfn.TEXTBEFORE(A43,","), "-", ""), " ", "") -> Capellini | I43: =_xlfn.LET( _xlpm.authors,_xlfn.TEXTBEFORE(A43," ("&J43&")"), _xlpm.hasAmp,ISNUMBER(SEARCH("&",_xlpm.authors)), _xlpm.commasBeforeAmp,IF(_xlpm.hasAmp,LEN(_xlfn.TEXTBEFORE(_xlpm.authors,"&"))-LEN(SUBSTITUTE(_xlfn.TEXTBEFORE(_xlpm.authors,"&"),",","")),0), IF(NOT(_xlpm.hasAmp),"",IF(_xlpm.commasBeforeAmp>2,"etal",TRIM(_xlfn.TEXTBEFORE(_xlfn.TEXTAFTER(_xlpm.authors,"& "),",")))) ) -> etal | J43: =_xlfn.TEXTBEFORE(_xlfn.TEXTAFTER(A43, "("), ")") -> 2008 | K43: =_xlfn.LET( _xlpm.doi,IF(D43<>"",D43,_xlfn.TEXTAFTER(A43,"https://doi.org/")), SUBSTITUTE( SUBSTITUTE( SUBSTITUTE( SUBSTITUTE( _xlpm.doi, "/","%2F"), ":","%3A"), "<","%3C"), ">","%3E") ) -> 10.1111%2Fj.1558-5646.2008.00392.x | L43: =TRIM(_xlfn.TEXTJOIN("_",FALSE(),G43,(SUBSTITUTE(SUBSTITUTE(E43," ",""), "_", "")))) -> Capellini_etal_2008_sleep-dataMale | M43: =K43 & "_" & SUBSTITUTE(SUBSTITUTE(SUBSTITUTE(E43,CHAR(160),"")," ",""),"_","") -> 10.1111%2Fj.1558-5646.2008.00392.x_sleep-dataMale | N43: {=IFERROR(INDEX(AUTO_Public_TSV_FileList!$A$1:$A$1000,MATCH(TRUE(),EXACT(M43,IFERROR(_xlfn.TEXTBEFORE(AUTO_Public_TSV_FileList!$A$1:$A$1000,".tsv"),"")),0)),"notfound")} -> 10.1111%2Fj.1558-5646.2008.00392.x_sleep-dataMale.tsv | P43: all data downloaded from database cited in paper with search term Sex = Male | Q43: FINISHED | S43: none - digital-native (sleep-data_Male.csv IS the frozen source) | U43: Capellini_etal_2008_sleep-dataMale.csv | V43: csv | W43: table | Z43: Capellini | AC43: one row per primary study x species x sex class, not per species - aggregate at the merge. Citation-dependent with HerculanoHouzel__2015_Table1 for daily sleep (both descend from Zepelin / Campbell & Tobler) - resolve, never average. | AJ43: sleep (total sleep time, REM, NREM) | AK43: Mammals | AL43: secondary compilation | AM43: secondary | AN43: sleep (h/day, REM %)
A44: Capellini, I., Barton, R. A., McNamara, P., Preston, B. T., & Nunn, C. L. (2008). Phylogenetic analysis of the ecology and evolution of mammalian sleep. Evolution, 62(7), 1764-1776. https://doi.org/10.1111/j.1558-5646.2008.00392.x | E44: sleep-data_Mixed | F44: =RIGHT(A44,1) -> x | G44: =H44 & IF(I44<>"", "_" & I44, "_") & IF(J44<>"", "_" & J44, "_") & IF(B44<>"", "_" & B44, "") -> Capellini_etal_2008 | H44: =SUBSTITUTE(SUBSTITUTE(_xlfn.TEXTBEFORE(A44,","), "-", ""), " ", "") -> Capellini | I44: =_xlfn.LET( _xlpm.authors,_xlfn.TEXTBEFORE(A44," ("&J44&")"), _xlpm.hasAmp,ISNUMBER(SEARCH("&",_xlpm.authors)), _xlpm.commasBeforeAmp,IF(_xlpm.hasAmp,LEN(_xlfn.TEXTBEFORE(_xlpm.authors,"&"))-LEN(SUBSTITUTE(_xlfn.TEXTBEFORE(_xlpm.authors,"&"),",","")),0), IF(NOT(_xlpm.hasAmp),"",IF(_xlpm.commasBeforeAmp>2,"etal",TRIM(_xlfn.TEXTBEFORE(_xlfn.TEXTAFTER(_xlpm.authors,"& "),",")))) ) -> etal | J44: =_xlfn.TEXTBEFORE(_xlfn.TEXTAFTER(A44, "("), ")") -> 2008 | K44: =_xlfn.LET( _xlpm.doi,IF(D44<>"",D44,_xlfn.TEXTAFTER(A44,"https://doi.org/")), SUBSTITUTE( SUBSTITUTE( SUBSTITUTE( SUBSTITUTE( _xlpm.doi, "/","%2F"), ":","%3A"), "<","%3C"), ">","%3E") ) -> 10.1111%2Fj.1558-5646.2008.00392.x | L44: =TRIM(_xlfn.TEXTJOIN("_",FALSE(),G44,(SUBSTITUTE(SUBSTITUTE(E44," ",""), "_", "")))) -> Capellini_etal_2008_sleep-dataMixed | M44: =K44 & "_" & SUBSTITUTE(SUBSTITUTE(SUBSTITUTE(E44,CHAR(160),"")," ",""),"_","") -> 10.1111%2Fj.1558-5646.2008.00392.x_sleep-dataMixed | N44: {=IFERROR(INDEX(AUTO_Public_TSV_FileList!$A$1:$A$1000,MATCH(TRUE(),EXACT(M44,IFERROR(_xlfn.TEXTBEFORE(AUTO_Public_TSV_FileList!$A$1:$A$1000,".tsv"),"")),0)),"notfound")} -> 10.1111%2Fj.1558-5646.2008.00392.x_sleep-dataMixed.tsv | P44: all data downloaded from database cited in paper with search term Sex = Mixed | Q44: FINISHED | S44: none - digital-native (sleep-data_Mixed.csv IS the frozen source) | U44: Capellini_etal_2008_sleep-dataMixed.csv | V44: csv | W44: table | Z44: Capellini | AC44: one row per primary study x species x sex class, not per species - aggregate at the merge. Citation-dependent with HerculanoHouzel__2015_Table1 for daily sleep (both descend from Zepelin / Campbell & Tobler) - resolve, never average. | AJ44: sleep (total sleep time, REM, NREM) | AK44: Mammals | AL44: secondary compilation | AM44: secondary | AN44: sleep (h/day, REM %)
A45: Caspar, K. R., Pallasdies, F., Mader, L., Sartorelli, H., & Begall, S. (2022). The evolution and biological correlates of hand preferences in anthropoid primates. Elife, 11, e77875. https://doi.org/10.7554/eLife.77875 | E45: Supplementary file 3 | F45: =RIGHT(A45,1) -> 5 | G45: =H45 & IF(I45<>"", "_" & I45, "_") & IF(J45<>"", "_" & J45, "_") & IF(B45<>"", "_" & B45, "") -> Caspar_etal_2022 | H45: =SUBSTITUTE(SUBSTITUTE(_xlfn.TEXTBEFORE(A45,","), "-", ""), " ", "") -> Caspar | I45: =_xlfn.LET( _xlpm.authors,_xlfn.TEXTBEFORE(A45," ("&J45&")"), _xlpm.hasAmp,ISNUMBER(SEARCH("&",_xlpm.authors)), _xlpm.commasBeforeAmp,IF(_xlpm.hasAmp,LEN(_xlfn.TEXTBEFORE(_xlpm.authors,"&"))-LEN(SUBSTITUTE(_xlfn.TEXTBEFORE(_xlpm.authors,"&"),",","")),0), IF(NOT(_xlpm.hasAmp),"",IF(_xlpm.commasBeforeAmp>2,"etal",TRIM(_xlfn.TEXTBEFORE(_xlfn.TEXTAFTER(_xlpm.authors,"& "),",")))) ) -> etal | J45: =_xlfn.TEXTBEFORE(_xlfn.TEXTAFTER(A45, "("), ")") -> 2022 | K45: =_xlfn.LET( _xlpm.doi,IF(D45<>"",D45,_xlfn.TEXTAFTER(A45,"https://doi.org/")), SUBSTITUTE( SUBSTITUTE( SUBSTITUTE( SUBSTITUTE( _xlpm.doi, "/","%2F"), ":","%3A"), "<","%3C"), ">","%3E") ) -> 10.7554%2FeLife.77875 | L45: =TRIM(_xlfn.TEXTJOIN("_",FALSE(),G45,(SUBSTITUTE(SUBSTITUTE(E45," ",""), "_", "")))) -> Caspar_etal_2022_Supplementaryfile3 | M45: =K45 & "_" & SUBSTITUTE(SUBSTITUTE(SUBSTITUTE(E45,CHAR(160),"")," ",""),"_","") -> 10.7554%2FeLife.77875_Supplementaryfile3 | N45: {=IFERROR(INDEX(AUTO_Public_TSV_FileList!$A$1:$A$1000,MATCH(TRUE(),EXACT(M45,IFERROR(_xlfn.TEXTBEFORE(AUTO_Public_TSV_FileList!$A$1:$A$1000,".tsv"),"")),0)),"notfound")} -> 10.7554%2FeLife.77875_Supplementaryfile3.tsv | O45: part 2: ecological table | Q45: FINISHED | R45: added | S45: elife-77875-supp3-v1.xlsx | T45: N | U45: =IF(T45="N", S45, "write file name") -> elife-77875-supp3-v1.xlsx | V45: xlsx | W45: table | X45: YES - download link | Y45: https://cdn.elifesciences.org/articles/77875/elife-77875-supp3-v1.xlsx | AI45: primates | AJ45: Habitual Tool Use, Ecology, Female brain size | AK45: Primates | AL45: secondary | AM45: secondary | AN45: behavioural (handedness, tool use, ecology)
A46: Caspar, K. R., Pallasdies, F., Mader, L., Sartorelli, H., & Begall, S. (2022). The evolution and biological correlates of hand preferences in anthropoid primates. Elife, 11, e77875. https://doi.org/10.7554/eLife.77875 | E46: Table 1 | F46: =RIGHT(A46,1) -> 5 | G46: =H46 & IF(I46<>"", "_" & I46, "_") & IF(J46<>"", "_" & J46, "_") & IF(B46<>"", "_" & B46, "") -> Caspar_etal_2022 | H46: =SUBSTITUTE(SUBSTITUTE(_xlfn.TEXTBEFORE(A46,","), "-", ""), " ", "") -> Caspar | I46: =_xlfn.LET( _xlpm.authors,_xlfn.TEXTBEFORE(A46," ("&J46&")"), _xlpm.hasAmp,ISNUMBER(SEARCH("&",_xlpm.authors)), _xlpm.commasBeforeAmp,IF(_xlpm.hasAmp,LEN(_xlfn.TEXTBEFORE(_xlpm.authors,"&"))-LEN(SUBSTITUTE(_xlfn.TEXTBEFORE(_xlpm.authors,"&"),",","")),0), IF(NOT(_xlpm.hasAmp),"",IF(_xlpm.commasBeforeAmp>2,"etal",TRIM(_xlfn.TEXTBEFORE(_xlfn.TEXTAFTER(_xlpm.authors,"& "),",")))) ) -> etal | J46: =_xlfn.TEXTBEFORE(_xlfn.TEXTAFTER(A46, "("), ")") -> 2022 | K46: =_xlfn.LET( _xlpm.doi,IF(D46<>"",D46,_xlfn.TEXTAFTER(A46,"https://doi.org/")), SUBSTITUTE( SUBSTITUTE( SUBSTITUTE( SUBSTITUTE( _xlpm.doi, "/","%2F"), ":","%3A"), "<","%3C"), ">","%3E") ) -> 10.7554%2FeLife.77875 | L46: =TRIM(_xlfn.TEXTJOIN("_",FALSE(),G46,(SUBSTITUTE(SUBSTITUTE(E46," ",""), "_", "")))) -> Caspar_etal_2022_Table1 | M46: =K46 & "_" & SUBSTITUTE(SUBSTITUTE(SUBSTITUTE(E46,CHAR(160),"")," ",""),"_","") -> 10.7554%2FeLife.77875_Table1 | N46: {=IFERROR(INDEX(AUTO_Public_TSV_FileList!$A$1:$A$1000,MATCH(TRUE(),EXACT(M46,IFERROR(_xlfn.TEXTBEFORE(AUTO_Public_TSV_FileList!$A$1:$A$1000,".tsv"),"")),0)),"notfound")} -> 10.7554%2FeLife.77875_Table1.tsv | O46: part 1: handedness summary table | Q46: FINISHED | R46: added | S46: Caspar_etal_2022_Table1_snapshot.xlsx | T46: Y | U46: Caspar_etal_2022_Table1.csv | V46: pdf | W46: table | X46: YES - but formatting issues | Y46: https://elifesciences.org/download/aHR0cHM6Ly9jZG4uZWxpZmVzY2llbmNlcy5vcmcvYXJ0aWNsZXMvNzc4NzUvZWxpZmUtNzc4NzUtdjEucGRmP2Nhbm9uaWNhbFVyaT1odHRwczovL2VsaWZlc2NpZW5jZXMub3JnL2FydGljbGVzLzc3ODc1/elife-77875-v1.pdf?_hash=NStjcL9fTlmy3AQDwSiM0YgMVB3UYjO8nDg0UbwN5gM%3D | AC46: perhaps useful to get raw data as well? | AI46: primates | AJ46: Handedness derived data | AK46: Primates | AL46: derived from primary | AM46: secondary | AN46: behavioural (handedness)
A47: Caves, E. M., Brandley, N. C., & Johnsen, S. (2018). Visual Acuity and the Evolution of Signals. Trends Ecol Evol, 33(5), 358-372. https://doi.org/10.1016/j.tree.2018.03.001 | E47: Table S1 | F47: =RIGHT(A47,1) -> 1 | G47: =H47 & IF(I47<>"", "_" & I47, "_") & IF(J47<>"", "_" & J47, "_") & IF(B47<>"", "_" & B47, "") -> Caves_etal_2018 | H47: =SUBSTITUTE(SUBSTITUTE(_xlfn.TEXTBEFORE(A47,","), "-", ""), " ", "") -> Caves | I47: =_xlfn.LET( _xlpm.authors,_xlfn.TEXTBEFORE(A47," ("&J47&")"), _xlpm.hasAmp,ISNUMBER(SEARCH("&",_xlpm.authors)), _xlpm.commasBeforeAmp,IF(_xlpm.hasAmp,LEN(_xlfn.TEXTBEFORE(_xlpm.authors,"&"))-LEN(SUBSTITUTE(_xlfn.TEXTBEFORE(_xlpm.authors,"&"),",","")),0), IF(NOT(_xlpm.hasAmp),"",IF(_xlpm.commasBeforeAmp>2,"etal",TRIM(_xlfn.TEXTBEFORE(_xlfn.TEXTAFTER(_xlpm.authors,"& "),",")))) ) -> etal | J47: =_xlfn.TEXTBEFORE(_xlfn.TEXTAFTER(A47, "("), ")") -> 2018 | K47: =_xlfn.LET( _xlpm.doi,IF(D47<>"",D47,_xlfn.TEXTAFTER(A47,"https://doi.org/")), SUBSTITUTE( SUBSTITUTE( SUBSTITUTE( SUBSTITUTE( _xlpm.doi, "/","%2F"), ":","%3A"), "<","%3C"), ">","%3E") ) -> 10.1016%2Fj.tree.2018.03.001 | L47: =TRIM(_xlfn.TEXTJOIN("_",FALSE(),G47,(SUBSTITUTE(SUBSTITUTE(E47," ",""), "_", "")))) -> Caves_etal_2018_TableS1 | M47: =K47 & "_" & SUBSTITUTE(SUBSTITUTE(SUBSTITUTE(E47,CHAR(160),"")," ",""),"_","") -> 10.1016%2Fj.tree.2018.03.001_TableS1 | N47: {=IFERROR(INDEX(AUTO_Public_TSV_FileList!$A$1:$A$1000,MATCH(TRUE(),EXACT(M47,IFERROR(_xlfn.TEXTBEFORE(AUTO_Public_TSV_FileList!$A$1:$A$1000,".tsv"),"")),0)),"notfound")} -> 10.1016%2Fj.tree.2018.03.001_TableS1.tsv
A48: Changizi, M. A. (2001). Principles underlying mammalian neocortical scaling. Biol Cybern, 84(3), 207-215. https://doi.org/10.1007/s004220000205 | E48: Figure 3 | F48: =RIGHT(A48,1) -> 5 | G48: =H48 & IF(I48<>"", "_" & I48, "_") & IF(J48<>"", "_" & J48, "_") & IF(B48<>"", "_" & B48, "") -> Changizi__2001 | H48: =SUBSTITUTE(SUBSTITUTE(_xlfn.TEXTBEFORE(A48,","), "-", ""), " ", "") -> Changizi | I48: =_xlfn.LET( _xlpm.authors,_xlfn.TEXTBEFORE(A48," ("&J48&")"), _xlpm.hasAmp,ISNUMBER(SEARCH("&",_xlpm.authors)), _xlpm.commasBeforeAmp,IF(_xlpm.hasAmp,LEN(_xlfn.TEXTBEFORE(_xlpm.authors,"&"))-LEN(SUBSTITUTE(_xlfn.TEXTBEFORE(_xlpm.authors,"&"),",","")),0), IF(NOT(_xlpm.hasAmp),"",IF(_xlpm.commasBeforeAmp>2,"etal",TRIM(_xlfn.TEXTBEFORE(_xlfn.TEXTAFTER(_xlpm.authors,"& "),",")))) ) | J48: =_xlfn.TEXTBEFORE(_xlfn.TEXTAFTER(A48, "("), ")") -> 2001 | K48: =_xlfn.LET( _xlpm.doi,IF(D48<>"",D48,_xlfn.TEXTAFTER(A48,"https://doi.org/")), SUBSTITUTE( SUBSTITUTE( SUBSTITUTE( SUBSTITUTE( _xlpm.doi, "/","%2F"), ":","%3A"), "<","%3C"), ">","%3E") ) -> 10.1007%2Fs004220000205 | L48: =TRIM(_xlfn.TEXTJOIN("_",FALSE(),G48,(SUBSTITUTE(SUBSTITUTE(E48," ",""), "_", "")))) -> Changizi__2001_Figure3 | M48: =K48 & "_" & SUBSTITUTE(SUBSTITUTE(SUBSTITUTE(E48,CHAR(160),"")," ",""),"_","") -> 10.1007%2Fs004220000205_Figure3 | N48: {=IFERROR(INDEX(AUTO_Public_TSV_FileList!$A$1:$A$1000,MATCH(TRUE(),EXACT(M48,IFERROR(_xlfn.TEXTBEFORE(AUTO_Public_TSV_FileList!$A$1:$A$1000,".tsv"),"")),0)),"notfound")} -> 10.1007%2Fs004220000205_Figure3.tsv | Q48: Species -- wait for Project Kaskan | R48: NA | S48: Changizi__2001_Figure3_snapshot.csv | T48: Y | U48: Changizi__2001_Figure3.csv | V48: pdf | W48: figure and caption | X48: NO - paywall | AC48: summary to check more precise areas from ProjectKaskan | AJ48: number of cortical areas | AK48: Mammals | AL48: primary (derived from published materials) | AM48: secondary | AN48: cortical area count / scaling
A49: Changizi, M. A. (2003). Relationship between number of muscles, behavioral repertoire size, and encephalization in mammals. Journal of Theoretical Biology, 220(2), 157–168. https://doi.org/10.1006/jtbi.2003.3125 | D49: 10.1006/jtbi.2003.3125 | E49: Table 1 | F49: =RIGHT(A49,1) -> 5 | G49: =H49 & IF(I49<>"", "_" & I49, "_") & IF(J49<>"", "_" & J49, "_") & IF(B49<>"", "_" & B49, "") -> Changizi__2003 | H49: =SUBSTITUTE(SUBSTITUTE(_xlfn.TEXTBEFORE(A49,","), "-", ""), " ", "") -> Changizi | I49: =_xlfn.LET( _xlpm.authors,_xlfn.TEXTBEFORE(A49," ("&J49&")"), _xlpm.hasAmp,ISNUMBER(SEARCH("&",_xlpm.authors)), _xlpm.commasBeforeAmp,IF(_xlpm.hasAmp,LEN(_xlfn.TEXTBEFORE(_xlpm.authors,"&"))-LEN(SUBSTITUTE(_xlfn.TEXTBEFORE(_xlpm.authors,"&"),",","")),0), IF(NOT(_xlpm.hasAmp),"",IF(_xlpm.commasBeforeAmp>2,"etal",TRIM(_xlfn.TEXTBEFORE(_xlfn.TEXTAFTER(_xlpm.authors,"& "),",")))) ) | J49: =_xlfn.TEXTBEFORE(_xlfn.TEXTAFTER(A49, "("), ")") -> 2003 | K49: =_xlfn.LET( _xlpm.doi,IF(D49<>"",D49,_xlfn.TEXTAFTER(A49,"https://doi.org/")), SUBSTITUTE( SUBSTITUTE( SUBSTITUTE( SUBSTITUTE( _xlpm.doi, "/","%2F"), ":","%3A"), "<","%3C"), ">","%3E") ) -> 10.1006%2Fjtbi.2003.3125 | L49: =TRIM(_xlfn.TEXTJOIN("_",FALSE(),G49,(SUBSTITUTE(SUBSTITUTE(E49," ",""), "_", "")))) -> Changizi__2003_Table1 | M49: =K49 & "_" & SUBSTITUTE(SUBSTITUTE(SUBSTITUTE(E49,CHAR(160),"")," ",""),"_","") -> 10.1006%2Fjtbi.2003.3125_Table1 | N49: {=IFERROR(INDEX(AUTO_Public_TSV_FileList!$A$1:$A$1000,MATCH(TRUE(),EXACT(M49,IFERROR(_xlfn.TEXTBEFORE(AUTO_Public_TSV_FileList!$A$1:$A$1000,".tsv"),"")),0)),"notfound")} -> notfound | O49: Estimates for number of ethobehavior types, encephalization index, and number of muscle types for mammalian orders and species. | P49: High relevance: directly provides comparative species/order behavioral repertoire values. | U49: No – table is embedded in PDF; extraction/verification required | V49: published article | W49: PDF table | X49: changizi_2003.pdf | Y49: https://doi.org/10.1006/jtbi.2003.3125 | Z49: comparative intelligence | AA49: intelligence and cognition | AB49: Behavioral repertoire size; encephalization; muscle types | AC49: High relevance: directly provides comparative species/order behavioral repertoire values. | AD49: Source table and interpretation checked against attached PDF | AE49: Verify taxon names and whether values are raw, derived, or model summaries before merge | AG49: species/order | AH49: See article table and methods | AI49: comparative cognition | AJ49: Behavioral repertoire size; encephalization; muscle types | AK49: Mammals | AL49: published literature | AM49: both | AN49: observed counts / derived index | AO49: candidate | AP49: The full genus-by-procedure cognitive ranking dataset: the same 30 procedures and nine paradigms represented in Johnson et al. (2002), with extensive methodological interpretation in the surrounding text. | AQ49: es—high priority, canonical version. Ingest this rather than averaging it with Johnson Table 1; use Johnson as provenance/cross-check.
A50: Changizi, M. A., & Shimojo, S. (2005). Parcellation and area-area connectivity as a function of neocortex size. Brain Behavior and Evolution, 66(2), 88-98. https://doi.org/10.1159/000085942 | E50: Table 1 | F50: =RIGHT(A50,1) -> 2 | G50: =H50 & IF(I50<>"", "_" & I50, "_") & IF(J50<>"", "_" & J50, "_") & IF(B50<>"", "_" & B50, "") -> Changizi_Shimojo_2005 | H50: =SUBSTITUTE(SUBSTITUTE(_xlfn.TEXTBEFORE(A50,","), "-", ""), " ", "") -> Changizi | I50: =_xlfn.LET( _xlpm.authors,_xlfn.TEXTBEFORE(A50," ("&J50&")"), _xlpm.hasAmp,ISNUMBER(SEARCH("&",_xlpm.authors)), _xlpm.commasBeforeAmp,IF(_xlpm.hasAmp,LEN(_xlfn.TEXTBEFORE(_xlpm.authors,"&"))-LEN(SUBSTITUTE(_xlfn.TEXTBEFORE(_xlpm.authors,"&"),",","")),0), IF(NOT(_xlpm.hasAmp),"",IF(_xlpm.commasBeforeAmp>2,"etal",TRIM(_xlfn.TEXTBEFORE(_xlfn.TEXTAFTER(_xlpm.authors,"& "),",")))) ) -> Shimojo | J50: =_xlfn.TEXTBEFORE(_xlfn.TEXTAFTER(A50, "("), ")") -> 2005 | K50: =_xlfn.LET( _xlpm.doi,IF(D50<>"",D50,_xlfn.TEXTAFTER(A50,"https://doi.org/")), SUBSTITUTE( SUBSTITUTE( SUBSTITUTE( SUBSTITUTE( _xlpm.doi, "/","%2F"), ":","%3A"), "<","%3C"), ">","%3E") ) -> 10.1159%2F000085942 | L50: =TRIM(_xlfn.TEXTJOIN("_",FALSE(),G50,(SUBSTITUTE(SUBSTITUTE(E50," ",""), "_", "")))) -> Changizi_Shimojo_2005_Table1 | M50: =K50 & "_" & SUBSTITUTE(SUBSTITUTE(SUBSTITUTE(E50,CHAR(160),"")," ",""),"_","") -> 10.1159%2F000085942_Table1 | N50: {=IFERROR(INDEX(AUTO_Public_TSV_FileList!$A$1:$A$1000,MATCH(TRUE(),EXACT(M50,IFERROR(_xlfn.TEXTBEFORE(AUTO_Public_TSV_FileList!$A$1:$A$1000,".tsv"),"")),0)),"notfound")} -> 10.1159%2F000085942_Table1.tsv | Q50: FINISHED | S50: Changizi_Shimojo_2005_Table1_snapshot.xlsx | U50: Changizi_Shimojo_2005_Table1.csv | V50: pdf | W50: table | Z50: Changizi | AC50: 19 animals. The 4 rows with no SD (mouse, rat, ferret, cat) were COUNTED from unflattened maps, not measured - avg = 100/(2 x areas shown) reproduces all four exactly; recorded in rel_size_basis. brain_mass_g is kept in grams as printed (project unit is mg - convert x1000 at merge time). | AJ50: average relative size of cortical areas; brain mass; EQ | AK50: Mammals | AL50: both (authors' own measurements of other groups' published flattened maps + compiled brain mass/EQ) | AM50: both | AN50: cortical parcellation (mean relative area size)
A51: Changizi, M. A., & Shimojo, S. (2005). Parcellation and area-area connectivity as a function of neocortex size. Brain Behavior and Evolution, 66(2), 88-98. https://doi.org/10.1159/000085942 | E51: Table 2 | F51: =RIGHT(A51,1) -> 2 | G51: =H51 & IF(I51<>"", "_" & I51, "_") & IF(J51<>"", "_" & J51, "_") & IF(B51<>"", "_" & B51, "") -> Changizi_Shimojo_2005 | H51: =SUBSTITUTE(SUBSTITUTE(_xlfn.TEXTBEFORE(A51,","), "-", ""), " ", "") -> Changizi | I51: =_xlfn.LET( _xlpm.authors,_xlfn.TEXTBEFORE(A51," ("&J51&")"), _xlpm.hasAmp,ISNUMBER(SEARCH("&",_xlpm.authors)), _xlpm.commasBeforeAmp,IF(_xlpm.hasAmp,LEN(_xlfn.TEXTBEFORE(_xlpm.authors,"&"))-LEN(SUBSTITUTE(_xlfn.TEXTBEFORE(_xlpm.authors,"&"),",","")),0), IF(NOT(_xlpm.hasAmp),"",IF(_xlpm.commasBeforeAmp>2,"etal",TRIM(_xlfn.TEXTBEFORE(_xlfn.TEXTAFTER(_xlpm.authors,"& "),",")))) ) -> Shimojo | J51: =_xlfn.TEXTBEFORE(_xlfn.TEXTAFTER(A51, "("), ")") -> 2005 | K51: =_xlfn.LET( _xlpm.doi,IF(D51<>"",D51,_xlfn.TEXTAFTER(A51,"https://doi.org/")), SUBSTITUTE( SUBSTITUTE( SUBSTITUTE( SUBSTITUTE( _xlpm.doi, "/","%2F"), ":","%3A"), "<","%3C"), ">","%3E") ) -> 10.1159%2F000085942 | L51: =TRIM(_xlfn.TEXTJOIN("_",FALSE(),G51,(SUBSTITUTE(SUBSTITUTE(E51," ",""), "_", "")))) -> Changizi_Shimojo_2005_Table2 | M51: =K51 & "_" & SUBSTITUTE(SUBSTITUTE(SUBSTITUTE(E51,CHAR(160),"")," ",""),"_","") -> 10.1159%2F000085942_Table2 | N51: {=IFERROR(INDEX(AUTO_Public_TSV_FileList!$A$1:$A$1000,MATCH(TRUE(),EXACT(M51,IFERROR(_xlfn.TEXTBEFORE(AUTO_Public_TSV_FileList!$A$1:$A$1000,".tsv"),"")),0)),"notfound")} -> 10.1159%2F000085942_Table2.tsv | Q51: FINISHED | S51: Changizi_Shimojo_2005_Table2_snapshot.xlsx | U51: Changizi_Shimojo_2005_Table2.csv | V51: pdf | W51: table | Z51: Changizi | AC51: 16 animals; blanks are 'not measured', NEVER zero, and are the main hazard in this table - a shifted row misassigns M1. Mouse's row is entirely blank and is kept as printed. V2, A1, S1 and M1 are not yet in _keys/anatomy_reference.csv. | AJ51: relative size of V1, V2, A1, S1 and M1 (% of neocortex) | AK51: Mammals | AL51: primary | AM51: primary | AN51: cortical area relative size (pct neocortex)
A52: Changizi, M. A., & Shimojo, S. (2005). Parcellation and area-area connectivity as a function of neocortex size. Brain Behavior and Evolution, 66(2), 88-98. https://doi.org/10.1159/000085942 | E52: Table 3 | F52: =RIGHT(A52,1) -> 2 | G52: =H52 & IF(I52<>"", "_" & I52, "_") & IF(J52<>"", "_" & J52, "_") & IF(B52<>"", "_" & B52, "") -> Changizi_Shimojo_2005 | H52: =SUBSTITUTE(SUBSTITUTE(_xlfn.TEXTBEFORE(A52,","), "-", ""), " ", "") -> Changizi | I52: =_xlfn.LET( _xlpm.authors,_xlfn.TEXTBEFORE(A52," ("&J52&")"), _xlpm.hasAmp,ISNUMBER(SEARCH("&",_xlpm.authors)), _xlpm.commasBeforeAmp,IF(_xlpm.hasAmp,LEN(_xlfn.TEXTBEFORE(_xlpm.authors,"&"))-LEN(SUBSTITUTE(_xlfn.TEXTBEFORE(_xlpm.authors,"&"),",","")),0), IF(NOT(_xlpm.hasAmp),"",IF(_xlpm.commasBeforeAmp>2,"etal",TRIM(_xlfn.TEXTBEFORE(_xlfn.TEXTAFTER(_xlpm.authors,"& "),",")))) ) -> Shimojo | J52: =_xlfn.TEXTBEFORE(_xlfn.TEXTAFTER(A52, "("), ")") -> 2005 | K52: =_xlfn.LET( _xlpm.doi,IF(D52<>"",D52,_xlfn.TEXTAFTER(A52,"https://doi.org/")), SUBSTITUTE( SUBSTITUTE( SUBSTITUTE( SUBSTITUTE( _xlpm.doi, "/","%2F"), ":","%3A"), "<","%3C"), ">","%3E") ) -> 10.1159%2F000085942 | L52: =TRIM(_xlfn.TEXTJOIN("_",FALSE(),G52,(SUBSTITUTE(SUBSTITUTE(E52," ",""), "_", "")))) -> Changizi_Shimojo_2005_Table3 | M52: =K52 & "_" & SUBSTITUTE(SUBSTITUTE(SUBSTITUTE(E52,CHAR(160),"")," ",""),"_","") -> 10.1159%2F000085942_Table3 | N52: {=IFERROR(INDEX(AUTO_Public_TSV_FileList!$A$1:$A$1000,MATCH(TRUE(),EXACT(M52,IFERROR(_xlfn.TEXTBEFORE(AUTO_Public_TSV_FileList!$A$1:$A$1000,".tsv"),"")),0)),"notfound")} -> 10.1159%2F000085942_Table3.tsv | Q52: FINISHED | S52: Changizi_Shimojo_2005_Table3_snapshot.xlsx | U52: Changizi_Shimojo_2005_Table3.csv | V52: pdf | W52: table | Z52: Changizi | AC52: 10 sensory / somato-motor subnetworks compiled from other groups' connectivity matrices. | AJ52: number of cortical areas and area-area connections per subnetwork | AK52: Mammals | AL52: secondary compilation | AM52: secondary | AN52: cortical connectivity (areas, edges)
A53: Changizi, M. A., & Shimojo, S. (2005). Parcellation and area-area connectivity as a function of neocortex size. Brain Behavior and Evolution, 66(2), 88-98. https://doi.org/10.1159/000085942 | E53: Table 4 | F53: =RIGHT(A53,1) -> 2 | G53: =H53 & IF(I53<>"", "_" & I53, "_") & IF(J53<>"", "_" & J53, "_") & IF(B53<>"", "_" & B53, "") -> Changizi_Shimojo_2005 | H53: =SUBSTITUTE(SUBSTITUTE(_xlfn.TEXTBEFORE(A53,","), "-", ""), " ", "") -> Changizi | I53: =_xlfn.LET( _xlpm.authors,_xlfn.TEXTBEFORE(A53," ("&J53&")"), _xlpm.hasAmp,ISNUMBER(SEARCH("&",_xlpm.authors)), _xlpm.commasBeforeAmp,IF(_xlpm.hasAmp,LEN(_xlfn.TEXTBEFORE(_xlpm.authors,"&"))-LEN(SUBSTITUTE(_xlfn.TEXTBEFORE(_xlpm.authors,"&"),",","")),0), IF(NOT(_xlpm.hasAmp),"",IF(_xlpm.commasBeforeAmp>2,"etal",TRIM(_xlfn.TEXTBEFORE(_xlfn.TEXTAFTER(_xlpm.authors,"& "),",")))) ) -> Shimojo | J53: =_xlfn.TEXTBEFORE(_xlfn.TEXTAFTER(A53, "("), ")") -> 2005 | K53: =_xlfn.LET( _xlpm.doi,IF(D53<>"",D53,_xlfn.TEXTAFTER(A53,"https://doi.org/")), SUBSTITUTE( SUBSTITUTE( SUBSTITUTE( SUBSTITUTE( _xlpm.doi, "/","%2F"), ":","%3A"), "<","%3C"), ">","%3E") ) -> 10.1159%2F000085942 | L53: =TRIM(_xlfn.TEXTJOIN("_",FALSE(),G53,(SUBSTITUTE(SUBSTITUTE(E53," ",""), "_", "")))) -> Changizi_Shimojo_2005_Table4 | M53: =K53 & "_" & SUBSTITUTE(SUBSTITUTE(SUBSTITUTE(E53,CHAR(160),"")," ",""),"_","") -> 10.1159%2F000085942_Table4 | N53: {=IFERROR(INDEX(AUTO_Public_TSV_FileList!$A$1:$A$1000,MATCH(TRUE(),EXACT(M53,IFERROR(_xlfn.TEXTBEFORE(AUTO_Public_TSV_FileList!$A$1:$A$1000,".tsv"),"")),0)),"notfound")} -> 10.1159%2F000085942_Table4.tsv | Q53: FINISHED | S53: Changizi_Shimojo_2005_Table4_snapshot.xlsx | U53: Changizi_Shimojo_2005_Table4.csv | V53: pdf | W53: table | Z53: Changizi | AC53: 38 rows / 11 animals. 3 rows print 'not shown here' -> NA with area_not_shown flagged. Table 4 prints 'TD' twice in the tree-shrew block; the second is almost certainly TI (Lyon et al. 1998) - kept verbatim, flagged. The opossum here is Kahn et al. 2000 (Monodelphis domestica), NOT the Didelphis of Table 1. | AJ53: area-area connections per cortical area | AK53: Mammals | AL53: secondary compilation | AM53: secondary | AN53: cortical connectivity (connections per area)
A54: Changizi, M. A., & Shimojo, S. (2005). Parcellation and area-area connectivity as a function of neocortex size. Brain Behavior and Evolution, 66(2), 88-98. https://doi.org/10.1159/000085942 | E54: Table 5 | F54: =RIGHT(A54,1) -> 2 | G54: =H54 & IF(I54<>"", "_" & I54, "_") & IF(J54<>"", "_" & J54, "_") & IF(B54<>"", "_" & B54, "") -> Changizi_Shimojo_2005 | H54: =SUBSTITUTE(SUBSTITUTE(_xlfn.TEXTBEFORE(A54,","), "-", ""), " ", "") -> Changizi | I54: =_xlfn.LET( _xlpm.authors,_xlfn.TEXTBEFORE(A54," ("&J54&")"), _xlpm.hasAmp,ISNUMBER(SEARCH("&",_xlpm.authors)), _xlpm.commasBeforeAmp,IF(_xlpm.hasAmp,LEN(_xlfn.TEXTBEFORE(_xlpm.authors,"&"))-LEN(SUBSTITUTE(_xlfn.TEXTBEFORE(_xlpm.authors,"&"),",","")),0), IF(NOT(_xlpm.hasAmp),"",IF(_xlpm.commasBeforeAmp>2,"etal",TRIM(_xlfn.TEXTBEFORE(_xlfn.TEXTAFTER(_xlpm.authors,"& "),",")))) ) -> Shimojo | J54: =_xlfn.TEXTBEFORE(_xlfn.TEXTAFTER(A54, "("), ")") -> 2005 | K54: =_xlfn.LET( _xlpm.doi,IF(D54<>"",D54,_xlfn.TEXTAFTER(A54,"https://doi.org/")), SUBSTITUTE( SUBSTITUTE( SUBSTITUTE( SUBSTITUTE( _xlpm.doi, "/","%2F"), ":","%3A"), "<","%3C"), ">","%3E") ) -> 10.1159%2F000085942 | L54: =TRIM(_xlfn.TEXTJOIN("_",FALSE(),G54,(SUBSTITUTE(SUBSTITUTE(E54," ",""), "_", "")))) -> Changizi_Shimojo_2005_Table5 | M54: =K54 & "_" & SUBSTITUTE(SUBSTITUTE(SUBSTITUTE(E54,CHAR(160),"")," ",""),"_","") -> 10.1159%2F000085942_Table5 | N54: {=IFERROR(INDEX(AUTO_Public_TSV_FileList!$A$1:$A$1000,MATCH(TRUE(),EXACT(M54,IFERROR(_xlfn.TEXTBEFORE(AUTO_Public_TSV_FileList!$A$1:$A$1000,".tsv"),"")),0)),"notfound")} -> 10.1159%2F000085942_Table5.tsv | Q54: FINISHED | S54: Changizi_Shimojo_2005_Table5_snapshot.xlsx | U54: Changizi_Shimojo_2005_Table5.csv | V54: pdf | W54: table | Z54: Changizi | AC54: 11 rows, derived from Table 4: 10^mean(log10 x) and the sample SD of log10 x reproduce Table 5's mean AND SD to 2 dp for all 9 recomputable animals. Rat SD = 0 is a true zero (n = 1). | AJ54: average number of area connections per area | AK54: Mammals | AL54: secondary compilation | AM54: secondary | AN54: cortical connectivity (mean connections per area)
A55: Chen, Z., & Wiens, J. J. (2020). The origins of acoustic communication in vertebrates. Nature Communications, 11(1), 369. https://doi.org/10.1038/s41467-020-14356-3 | E55: Supplementary Data 3 | F55: =RIGHT(A55,1) -> 3 | G55: =H55 & IF(I55<>"", "_" & I55, "_") & IF(J55<>"", "_" & J55, "_") & IF(B55<>"", "_" & B55, "") -> Chen_Wiens_2020 | H55: =SUBSTITUTE(SUBSTITUTE(_xlfn.TEXTBEFORE(A55,","), "-", ""), " ", "") -> Chen | I55: =_xlfn.LET( _xlpm.authors,_xlfn.TEXTBEFORE(A55," ("&J55&")"), _xlpm.hasAmp,ISNUMBER(SEARCH("&",_xlpm.authors)), _xlpm.commasBeforeAmp,IF(_xlpm.hasAmp,LEN(_xlfn.TEXTBEFORE(_xlpm.authors,"&"))-LEN(SUBSTITUTE(_xlfn.TEXTBEFORE(_xlpm.authors,"&"),",","")),0), IF(NOT(_xlpm.hasAmp),"",IF(_xlpm.commasBeforeAmp>2,"etal",TRIM(_xlfn.TEXTBEFORE(_xlfn.TEXTAFTER(_xlpm.authors,"& "),",")))) ) -> Wiens | J55: =_xlfn.TEXTBEFORE(_xlfn.TEXTAFTER(A55, "("), ")") -> 2020 | K55: =_xlfn.LET( _xlpm.doi,IF(D55<>"",D55,_xlfn.TEXTAFTER(A55,"https://doi.org/")), SUBSTITUTE( SUBSTITUTE( SUBSTITUTE( SUBSTITUTE( _xlpm.doi, "/","%2F"), ":","%3A"), "<","%3C"), ">","%3E") ) -> 10.1038%2Fs41467-020-14356-3 | L55: =TRIM(_xlfn.TEXTJOIN("_",FALSE(),G55,(SUBSTITUTE(SUBSTITUTE(E55," ",""), "_", "")))) -> Chen_Wiens_2020_SupplementaryData3 | M55: =K55 & "_" & SUBSTITUTE(SUBSTITUTE(SUBSTITUTE(E55,CHAR(160),"")," ",""),"_","") -> 10.1038%2Fs41467-020-14356-3_SupplementaryData3 | N55: {=IFERROR(INDEX(AUTO_Public_TSV_FileList!$A$1:$A$1000,MATCH(TRUE(),EXACT(M55,IFERROR(_xlfn.TEXTBEFORE(AUTO_Public_TSV_FileList!$A$1:$A$1000,".tsv"),"")),0)),"notfound")} -> 10.1038%2Fs41467-020-14356-3_SupplementaryData3.tsv | Q55: FINISHED | R55: added | S55: 41467_2020_14356_MOESM6_ESM.xlsx | T55: N | U55: =IF(T55="N", S55, "write file name") -> 41467_2020_14356_MOESM6_ESM.xlsx | V55: xlsx | W55: table | X55: YES - download link | Y55: https://static-content.springer.com/esm/art%3A10.1038%2Fs41467-020-14356-3/MediaObjects/41467_2020_14356_MOESM6_ESM.xlsx | AB55: dial activity (Supp 4) | AC55: maybe delete: not relevent in current dataset, unless for imputations? | AI55: vertebrates | AJ55: acoustic communication | AK55: Tetrapod vertebrates | AL55: secondary | AM55: secondary | AN55: behavioural (acoustic communication)
A56: Collins, C. E., Airey, D. C., Young, N. A., Leitch, D. B., & Kaas, J. H. (2010). Neuron densities vary across and within cortical areas in primates. Proc Natl Acad Sci U S A, 107(36), 15927-15932. https://doi.org/10.1073/pnas.1010356107 | E56: Dataset S1 | F56: =RIGHT(A56,1) -> 7 | G56: =H56 & IF(I56<>"", "_" & I56, "_") & IF(J56<>"", "_" & J56, "_") & IF(B56<>"", "_" & B56, "") -> Collins_etal_2010 | H56: =SUBSTITUTE(SUBSTITUTE(_xlfn.TEXTBEFORE(A56,","), "-", ""), " ", "") -> Collins | I56: =_xlfn.LET( _xlpm.authors,_xlfn.TEXTBEFORE(A56," ("&J56&")"), _xlpm.hasAmp,ISNUMBER(SEARCH("&",_xlpm.authors)), _xlpm.commasBeforeAmp,IF(_xlpm.hasAmp,LEN(_xlfn.TEXTBEFORE(_xlpm.authors,"&"))-LEN(SUBSTITUTE(_xlfn.TEXTBEFORE(_xlpm.authors,"&"),",","")),0), IF(NOT(_xlpm.hasAmp),"",IF(_xlpm.commasBeforeAmp>2,"etal",TRIM(_xlfn.TEXTBEFORE(_xlfn.TEXTAFTER(_xlpm.authors,"& "),",")))) ) -> etal | J56: =_xlfn.TEXTBEFORE(_xlfn.TEXTAFTER(A56, "("), ")") -> 2010 | K56: =_xlfn.LET( _xlpm.doi,IF(D56<>"",D56,_xlfn.TEXTAFTER(A56,"https://doi.org/")), SUBSTITUTE( SUBSTITUTE( SUBSTITUTE( SUBSTITUTE( _xlpm.doi, "/","%2F"), ":","%3A"), "<","%3C"), ">","%3E") ) -> 10.1073%2Fpnas.1010356107 | L56: =TRIM(_xlfn.TEXTJOIN("_",FALSE(),G56,(SUBSTITUTE(SUBSTITUTE(E56," ",""), "_", "")))) -> Collins_etal_2010_DatasetS1 | M56: =K56 & "_" & SUBSTITUTE(SUBSTITUTE(SUBSTITUTE(E56,CHAR(160),"")," ",""),"_","") -> 10.1073%2Fpnas.1010356107_DatasetS1 | N56: {=IFERROR(INDEX(AUTO_Public_TSV_FileList!$A$1:$A$1000,MATCH(TRUE(),EXACT(M56,IFERROR(_xlfn.TEXTBEFORE(AUTO_Public_TSV_FileList!$A$1:$A$1000,".tsv"),"")),0)),"notfound")} -> 10.1073%2Fpnas.1010356107_DatasetS1.tsv | Z56: Kaas | AJ56: cortical area surface area, neuron density | AK56: Primates | AL56: primary | AM56: primary | AN56: cortical surface area
A57: Collins, C. E., Turner, E. C., Sawyer, E. K., Reed, J. L., Young, N. A., Flaherty, D. K., & Kaas, J. H. (2016). Cortical cell and neuron density estimates in one chimpanzee hemisphere. Proc Natl Acad Sci U S A, 113(3), 740-745. https://doi.org/10.1073/pnas.1524208113 | E57: Table 1 | F57: =RIGHT(A57,1) -> 3 | G57: =H57 & IF(I57<>"", "_" & I57, "_") & IF(J57<>"", "_" & J57, "_") & IF(B57<>"", "_" & B57, "") -> Collins_etal_2016 | H57: =SUBSTITUTE(SUBSTITUTE(_xlfn.TEXTBEFORE(A57,","), "-", ""), " ", "") -> Collins | I57: =_xlfn.LET( _xlpm.authors,_xlfn.TEXTBEFORE(A57," ("&J57&")"), _xlpm.hasAmp,ISNUMBER(SEARCH("&",_xlpm.authors)), _xlpm.commasBeforeAmp,IF(_xlpm.hasAmp,LEN(_xlfn.TEXTBEFORE(_xlpm.authors,"&"))-LEN(SUBSTITUTE(_xlfn.TEXTBEFORE(_xlpm.authors,"&"),",","")),0), IF(NOT(_xlpm.hasAmp),"",IF(_xlpm.commasBeforeAmp>2,"etal",TRIM(_xlfn.TEXTBEFORE(_xlfn.TEXTAFTER(_xlpm.authors,"& "),",")))) ) -> etal | J57: =_xlfn.TEXTBEFORE(_xlfn.TEXTAFTER(A57, "("), ")") -> 2016 | K57: =_xlfn.LET( _xlpm.doi,IF(D57<>"",D57,_xlfn.TEXTAFTER(A57,"https://doi.org/")), SUBSTITUTE( SUBSTITUTE( SUBSTITUTE( SUBSTITUTE( _xlpm.doi, "/","%2F"), ":","%3A"), "<","%3C"), ">","%3E") ) -> 10.1073%2Fpnas.1524208113 | L57: =TRIM(_xlfn.TEXTJOIN("_",FALSE(),G57,(SUBSTITUTE(SUBSTITUTE(E57," ",""), "_", "")))) -> Collins_etal_2016_Table1 | M57: =K57 & "_" & SUBSTITUTE(SUBSTITUTE(SUBSTITUTE(E57,CHAR(160),"")," ",""),"_","") -> 10.1073%2Fpnas.1524208113_Table1 | N57: {=IFERROR(INDEX(AUTO_Public_TSV_FileList!$A$1:$A$1000,MATCH(TRUE(),EXACT(M57,IFERROR(_xlfn.TEXTBEFORE(AUTO_Public_TSV_FileList!$A$1:$A$1000,".tsv"),"")),0)),"notfound")} -> 10.1073%2Fpnas.1524208113_Table1.tsv | O57: Cortical cell and neuron density in one chimpanzee hemisphere (Table 1) | W57: table | Z57: Kaas | AA57: HH | AH57: isotropic fractionator | AJ57: cortical neuron/cell density | AK57: Primates | AL57: primary | AM57: primary | AN57: neuron/cell density & number
A58: de Jager, E., Prigge, L., Amod, N., Oettle, A., & Beaudet, A. (2022). Exploring the relationship between soft and hard tissues: The example of vertebral arteries and transverse foramina. J Anat, 241(2), 447-452. https://doi.org/10.1111/joa.13681 | E58: Table 1 | F58: =RIGHT(A58,1) -> 1 | G58: =H58 & IF(I58<>"", "_" & I58, "_") & IF(J58<>"", "_" & J58, "_") & IF(B58<>"", "_" & B58, "") -> deJager_etal_2022 | H58: =SUBSTITUTE(SUBSTITUTE(_xlfn.TEXTBEFORE(A58,","), "-", ""), " ", "") -> deJager | I58: =_xlfn.LET( _xlpm.authors,_xlfn.TEXTBEFORE(A58," ("&J58&")"), _xlpm.hasAmp,ISNUMBER(SEARCH("&",_xlpm.authors)), _xlpm.commasBeforeAmp,IF(_xlpm.hasAmp,LEN(_xlfn.TEXTBEFORE(_xlpm.authors,"&"))-LEN(SUBSTITUTE(_xlfn.TEXTBEFORE(_xlpm.authors,"&"),",","")),0), IF(NOT(_xlpm.hasAmp),"",IF(_xlpm.commasBeforeAmp>2,"etal",TRIM(_xlfn.TEXTBEFORE(_xlfn.TEXTAFTER(_xlpm.authors,"& "),",")))) ) -> etal | J58: =_xlfn.TEXTBEFORE(_xlfn.TEXTAFTER(A58, "("), ")") -> 2022 | K58: =_xlfn.LET( _xlpm.doi,IF(D58<>"",D58,_xlfn.TEXTAFTER(A58,"https://doi.org/")), SUBSTITUTE( SUBSTITUTE( SUBSTITUTE( SUBSTITUTE( _xlpm.doi, "/","%2F"), ":","%3A"), "<","%3C"), ">","%3E") ) -> 10.1111%2Fjoa.13681 | L58: =TRIM(_xlfn.TEXTJOIN("_",FALSE(),G58,(SUBSTITUTE(SUBSTITUTE(E58," ",""), "_", "")))) -> deJager_etal_2022_Table1 | M58: =K58 & "_" & SUBSTITUTE(SUBSTITUTE(SUBSTITUTE(E58,CHAR(160),"")," ",""),"_","") -> 10.1111%2Fjoa.13681_Table1 | N58: {=IFERROR(INDEX(AUTO_Public_TSV_FileList!$A$1:$A$1000,MATCH(TRUE(),EXACT(M58,IFERROR(_xlfn.TEXTBEFORE(AUTO_Public_TSV_FileList!$A$1:$A$1000,".tsv"),"")),0)),"notfound")} -> 10.1111%2Fjoa.13681_Table1.tsv
A59: de Sousa, A. A., Sherwood, C. C., Hof, P. R., & Zilles, K. (2013). Lamination of the lateral geniculate nucleus of catarrhine primates. Brain Behav Evol, 81(2), 93-108. https://doi.org/10.1159/000346495 | E59: Table 1 | F59: =RIGHT(A59,1) -> 5 | G59: =H59 & IF(I59<>"", "_" & I59, "_") & IF(J59<>"", "_" & J59, "_") & IF(B59<>"", "_" & B59, "") -> deSousa_etal_2013 | H59: =SUBSTITUTE(SUBSTITUTE(_xlfn.TEXTBEFORE(A59,","), "-", ""), " ", "") -> deSousa | I59: =_xlfn.LET( _xlpm.authors,_xlfn.TEXTBEFORE(A59," ("&J59&")"), _xlpm.hasAmp,ISNUMBER(SEARCH("&",_xlpm.authors)), _xlpm.commasBeforeAmp,IF(_xlpm.hasAmp,LEN(_xlfn.TEXTBEFORE(_xlpm.authors,"&"))-LEN(SUBSTITUTE(_xlfn.TEXTBEFORE(_xlpm.authors,"&"),",","")),0), IF(NOT(_xlpm.hasAmp),"",IF(_xlpm.commasBeforeAmp>2,"etal",TRIM(_xlfn.TEXTBEFORE(_xlfn.TEXTAFTER(_xlpm.authors,"& "),",")))) ) -> etal | J59: =_xlfn.TEXTBEFORE(_xlfn.TEXTAFTER(A59, "("), ")") -> 2013 | K59: =_xlfn.LET( _xlpm.doi,IF(D59<>"",D59,_xlfn.TEXTAFTER(A59,"https://doi.org/")), SUBSTITUTE( SUBSTITUTE( SUBSTITUTE( SUBSTITUTE( _xlpm.doi, "/","%2F"), ":","%3A"), "<","%3C"), ">","%3E") ) -> 10.1159%2F000346495 | L59: =TRIM(_xlfn.TEXTJOIN("_",FALSE(),G59,(SUBSTITUTE(SUBSTITUTE(E59," ",""), "_", "")))) -> deSousa_etal_2013_Table1 | M59: =K59 & "_" & SUBSTITUTE(SUBSTITUTE(SUBSTITUTE(E59,CHAR(160),"")," ",""),"_","") -> 10.1159%2F000346495_Table1 | N59: {=IFERROR(INDEX(AUTO_Public_TSV_FileList!$A$1:$A$1000,MATCH(TRUE(),EXACT(M59,IFERROR(_xlfn.TEXTBEFORE(AUTO_Public_TSV_FileList!$A$1:$A$1000,".tsv"),"")),0)),"notfound")} -> 10.1159%2F000346495_Table1.tsv | O59: Table 1. LGN parvocellular lamination, species mean brain weights and LGN volumes | Q59: Data readable | S59: deSousa_etal_2013_Table1_snapshot.csv | T59: Y | U59: deSousa_etal_2013_Table1.csv | V59: pdf | W59: table | Z59: Stephan, Zilles | AA59: Stephan, Zilles, AFIP, Sherwood, Hof | AG59: histological sections | AH59: volumetry | AI59: catarrhine primates | AJ59: LGN volume + parvocellular lamination + brain weight | AK59: Primates (+ Insectivora) | AL59: primary | AM59: primary | AN59: volume
A60: de Sousa, A. A., Sherwood, C. C., Mohlberg, H., Amunts, K., Schleicher, A., MacLeod, C. E., Hof, P. R., Frahm, H., & Zilles, K. (2010). Hominoid visual brain structure volumes and the position of the lunate sulcus. J Hum Evol, 58(4), 281-292. https://doi.org/10.1016/j.jhevol.2009.11.011 | E60: Sup Table 2 | F60: =RIGHT(A60,1) -> 1 | G60: =H60 & IF(I60<>"", "_" & I60, "_") & IF(J60<>"", "_" & J60, "_") & IF(B60<>"", "_" & B60, "") -> deSousa_etal_2010 | H60: =SUBSTITUTE(SUBSTITUTE(_xlfn.TEXTBEFORE(A60,","), "-", ""), " ", "") -> deSousa | I60: =_xlfn.LET( _xlpm.authors,_xlfn.TEXTBEFORE(A60," ("&J60&")"), _xlpm.hasAmp,ISNUMBER(SEARCH("&",_xlpm.authors)), _xlpm.commasBeforeAmp,IF(_xlpm.hasAmp,LEN(_xlfn.TEXTBEFORE(_xlpm.authors,"&"))-LEN(SUBSTITUTE(_xlfn.TEXTBEFORE(_xlpm.authors,"&"),",","")),0), IF(NOT(_xlpm.hasAmp),"",IF(_xlpm.commasBeforeAmp>2,"etal",TRIM(_xlfn.TEXTBEFORE(_xlfn.TEXTAFTER(_xlpm.authors,"& "),",")))) ) -> etal | J60: =_xlfn.TEXTBEFORE(_xlfn.TEXTAFTER(A60, "("), ")") -> 2010 | K60: =_xlfn.LET( _xlpm.doi,IF(D60<>"",D60,_xlfn.TEXTAFTER(A60,"https://doi.org/")), SUBSTITUTE( SUBSTITUTE( SUBSTITUTE( SUBSTITUTE( _xlpm.doi, "/","%2F"), ":","%3A"), "<","%3C"), ">","%3E") ) -> 10.1016%2Fj.jhevol.2009.11.011 | L60: =TRIM(_xlfn.TEXTJOIN("_",FALSE(),G60,(SUBSTITUTE(SUBSTITUTE(E60," ",""), "_", "")))) -> deSousa_etal_2010_SupTable2 | M60: =K60 & "_" & SUBSTITUTE(SUBSTITUTE(SUBSTITUTE(E60,CHAR(160),"")," ",""),"_","") -> 10.1016%2Fj.jhevol.2009.11.011_SupTable2 | N60: {=IFERROR(INDEX(AUTO_Public_TSV_FileList!$A$1:$A$1000,MATCH(TRUE(),EXACT(M60,IFERROR(_xlfn.TEXTBEFORE(AUTO_Public_TSV_FileList!$A$1:$A$1000,".tsv"),"")),0)),"notfound")} -> 10.1016%2Fj.jhevol.2009.11.011_SupTable2.tsv | O60: Supplementary Table 2. Primate species mean volumes | P60: VALUE ERROR — neocortex (kept in snapshot, corrected in data) | Q60: FINISHED | S60: deSousa_etal_2010_SupTable2_snapshot.xlsx | T60: Y | U60: deSousa_etal_2010_SupTable2.csv | W60: doc (online supplement, mmc2.doc) | Y60: https://doi.org/10.1016/j.jhevol.2009.11.011 | Z60: Stephan,Zilles | AA60: Stephan, Zilles, AFIP, Sherwood, Hof | AC60: Online supplementary Table 2 (file 1-s2.0-S0047248410000023-mmc2.doc). Snapshot reproduces the published table verbatim incl. the error; cleaned CSV corrects it. See deSousa_etal_2010.ReadMe.md. | AD60: value-error: Neocortex (Neo. vol.) for 17 strepsirrhine/tarsier spp. mis-copied from Stephan 1981/1988 in published Supp. Table 2 (13/17 exceed brain vol., impossible) — kept in snapshot, corrected to Stephan values in dataset. || species-name-error: 7 binomials misspelt in published table — kept in snapshot, corrected in dataset (see correction column). | AE60: units labelled 'g' in source but values are cm3 | AG60: histological sections | AH60: volumetry | AI60: value error (transcription) + species-name errors | AJ60: brain, neocortex, V1 (area striata), LGN mean volumes | AK60: Primates (+ Insectivora) | AL60: primary | AM60: primary | AN60: volume
A61: de Sousa, A. A., Sherwood, C. C., Mohlberg, H., Amunts, K., Schleicher, A., MacLeod, C. E., Hof, P. R., Frahm, H., & Zilles, K. (2010). Hominoid visual brain structure volumes and the position of the lunate sulcus. J Hum Evol, 58(4), 281-292. https://doi.org/10.1016/j.jhevol.2009.11.011 | E61: Table 1 | F61: =RIGHT(A61,1) -> 1 | G61: =H61 & IF(I61<>"", "_" & I61, "_") & IF(J61<>"", "_" & J61, "_") & IF(B61<>"", "_" & B61, "") -> deSousa_etal_2010 | H61: =SUBSTITUTE(SUBSTITUTE(_xlfn.TEXTBEFORE(A61,","), "-", ""), " ", "") -> deSousa | I61: =_xlfn.LET( _xlpm.authors,_xlfn.TEXTBEFORE(A61," ("&J61&")"), _xlpm.hasAmp,ISNUMBER(SEARCH("&",_xlpm.authors)), _xlpm.commasBeforeAmp,IF(_xlpm.hasAmp,LEN(_xlfn.TEXTBEFORE(_xlpm.authors,"&"))-LEN(SUBSTITUTE(_xlfn.TEXTBEFORE(_xlpm.authors,"&"),",","")),0), IF(NOT(_xlpm.hasAmp),"",IF(_xlpm.commasBeforeAmp>2,"etal",TRIM(_xlfn.TEXTBEFORE(_xlfn.TEXTAFTER(_xlpm.authors,"& "),",")))) ) -> etal | J61: =_xlfn.TEXTBEFORE(_xlfn.TEXTAFTER(A61, "("), ")") -> 2010 | K61: =_xlfn.LET( _xlpm.doi,IF(D61<>"",D61,_xlfn.TEXTAFTER(A61,"https://doi.org/")), SUBSTITUTE( SUBSTITUTE( SUBSTITUTE( SUBSTITUTE( _xlpm.doi, "/","%2F"), ":","%3A"), "<","%3C"), ">","%3E") ) -> 10.1016%2Fj.jhevol.2009.11.011 | L61: =TRIM(_xlfn.TEXTJOIN("_",FALSE(),G61,(SUBSTITUTE(SUBSTITUTE(E61," ",""), "_", "")))) -> deSousa_etal_2010_Table1 | M61: =K61 & "_" & SUBSTITUTE(SUBSTITUTE(SUBSTITUTE(E61,CHAR(160),"")," ",""),"_","") -> 10.1016%2Fj.jhevol.2009.11.011_Table1 | N61: {=IFERROR(INDEX(AUTO_Public_TSV_FileList!$A$1:$A$1000,MATCH(TRUE(),EXACT(M61,IFERROR(_xlfn.TEXTBEFORE(AUTO_Public_TSV_FileList!$A$1:$A$1000,".tsv"),"")),0)),"notfound")} -> 10.1016%2Fj.jhevol.2009.11.011_Table1.tsv | O61: Hominoid visual brain structure volumes (Table 1) | W61: table | Z61: Stephan, Zilles | AA61: Stephan, Zilles, AFIP, Sherwood, Hof | AG61: histological sections & MRI | AH61: volumetry | AJ61: visual brain structure volumes | AK61: Primates (+ Insectivora) | AL61: primary | AM61: primary | AN61: volume
A62: de Sousa, A. A., Sherwood, C. C., Schleicher, A., Amunts, K., MacLeod, C. E., Hof, P. R., & Zilles, K. (2009). Comparative cytoarchitectural analyses of striate and extrastriate areas in hominoids. Cereb Cortex, 20(4), 966-981. https://doi.org/10.1093/cercor/bhp158 | E62: Table 1 | F62: =RIGHT(A62,1) -> 8 | G62: =H62 & IF(I62<>"", "_" & I62, "_") & IF(J62<>"", "_" & J62, "_") & IF(B62<>"", "_" & B62, "") -> deSousa_etal_2009 | H62: =SUBSTITUTE(SUBSTITUTE(_xlfn.TEXTBEFORE(A62,","), "-", ""), " ", "") -> deSousa | I62: =_xlfn.LET( _xlpm.authors,_xlfn.TEXTBEFORE(A62," ("&J62&")"), _xlpm.hasAmp,ISNUMBER(SEARCH("&",_xlpm.authors)), _xlpm.commasBeforeAmp,IF(_xlpm.hasAmp,LEN(_xlfn.TEXTBEFORE(_xlpm.authors,"&"))-LEN(SUBSTITUTE(_xlfn.TEXTBEFORE(_xlpm.authors,"&"),",","")),0), IF(NOT(_xlpm.hasAmp),"",IF(_xlpm.commasBeforeAmp>2,"etal",TRIM(_xlfn.TEXTBEFORE(_xlfn.TEXTAFTER(_xlpm.authors,"& "),",")))) ) -> etal | J62: =_xlfn.TEXTBEFORE(_xlfn.TEXTAFTER(A62, "("), ")") -> 2009 | K62: =_xlfn.LET( _xlpm.doi,IF(D62<>"",D62,_xlfn.TEXTAFTER(A62,"https://doi.org/")), SUBSTITUTE( SUBSTITUTE( SUBSTITUTE( SUBSTITUTE( _xlpm.doi, "/","%2F"), ":","%3A"), "<","%3C"), ">","%3E") ) -> 10.1093%2Fcercor%2Fbhp158 | L62: =TRIM(_xlfn.TEXTJOIN("_",FALSE(),G62,(SUBSTITUTE(SUBSTITUTE(E62," ",""), "_", "")))) -> deSousa_etal_2009_Table1 | M62: =K62 & "_" & SUBSTITUTE(SUBSTITUTE(SUBSTITUTE(E62,CHAR(160),"")," ",""),"_","") -> 10.1093%2Fcercor%2Fbhp158_Table1 | N62: {=IFERROR(INDEX(AUTO_Public_TSV_FileList!$A$1:$A$1000,MATCH(TRUE(),EXACT(M62,IFERROR(_xlfn.TEXTBEFORE(AUTO_Public_TSV_FileList!$A$1:$A$1000,".tsv"),"")),0)),"notfound")} -> 10.1093%2Fcercor%2Fbhp158_Table1.tsv | O62: Table 1 Samples used in analyses of V1, V2, and VP | P62: SECONDARY item: the sample-description table of a cytoarchitectural (GLI) study. Built for provenance; not merged. | Q62: FINISHED | S62: deSousa_etal_2009_Table1_snapshot.xlsx | T62: Y | U62: deSousa_etal_2009_Table1.csv | V62: pdf | W62: table | Y62: https://doi.org/10.1093/cercor/bhp158 | Z62: Stephan, Zilles | AA62: Zilles (C&O Vogt Institute), Stephan | AC62: Data role = SECONDARY. Every macroanatomical column is re-used data: left V1 / left LGN / neocortex / brain mass = deSousa_etal_2010_Table1 (the same 9 specimens; audited 31 match, 1 mismatch, 4 one-sided within print precision); optic nerve cross-sectional area + eye half surface area = Stephan & Frahm 1981 species means (footnote f); human neocortex = MacLeod unpublished combined-sex mean n = 8 (footnote b); ptd brain+body mass = Herndon et al. 1999 (footnote d); Homo body mass = Zilles 1972 (a); Pan paniscus body mass = Jungers & Susman 1984 (c); EQ = derived (Martin 1981 / Ruff et al. 1997). The paper's own primary measurements (GLI values, relative laminar widths) are published only in Figures 5-7 and are not tabulated, and Tables 2-4 are derived statistics, so nothing here is ingested into a merge. Why the item is still worth having: it prints left V1 and left LGN in whole mm3 where 2010 Table 1 prints 1-d.p. cm3, and it confirms Macaca fascicularis ma22 left LGN = 46 mm3, which 2010 printed as 0 and the project had reconstructed as 0.046 cm3 from Supp. Table 2. All nine specimens resolve to the collection catalog (CAT-070, 080, 082, 095, 111, 131, 133, 134, 150) with printed sex and age matching. See deSousa_etal_2009_Table1.ReadMe.md. | AD62: value-provenance: neocortex for ppz (Zahlia) printed as 279 cm3 is the value deSousa_etal_2010_Table1 gives for a DIFFERENT bonobo (YN86-137); Zahlia's own neocortex is 214.4 cm3. Kept as printed in the snapshot and the data, flagged, and not merged (plausible value belonging to a real sibling specimen, so it is not corrected by guesswork). || laterality: left V1 + left LGN are LEFT hemisphere printed UNDOUBLED - registered in __merging_volumes/laterality_known.csv as doubling = none, required_suffix = _left. || rounding vs deSousa_etal_2010_Table1: brain mass 58 g vs 57.6 g (mf2) and 360 g vs 359.5 g (ptb); neocortex 254 vs 254.3, 269 vs 268.5, 263 vs 262.8, 198 vs 198.3 cm3 - print rounding, not disagreement. || derived-not-transcribed: Tables 2-4 (RMA regressions, Euclidean distances, PCA loadings) deliberately not built. | AG62: histological sections | AH62: volumetry (re-used); cytoarchitecture / GLI is the paper's own method but is figure-only | AI62: sample description table: specimen metadata + re-used size variables | AJ62: specimen sex + age; body mass; brain mass; neocortex, left V1 (area striata) and left LGN volumes; optic nerve cross-sectional area; eye half surface area | AK62: Primates (catarrhines) | AL62: secondary | AM62: secondary | AN62: volume, mass, area
A63: Deaner, R. O., van Schaik, C. P., & Johnson, V. E. (2006). Do some taxa have better domain-general cognition than others? A meta-analysis. Evol Psychol, 4, 149–196. https://doi.org/10.1177/147470490600400114 | E63: Table 1 | F63: =RIGHT(A63,1) -> 4 | G63: =H63 & IF(I63<>"", "_" & I63, "_") & IF(J63<>"", "_" & J63, "_") & IF(B63<>"", "_" & B63, "") -> Deaner_etal_2006 | H63: =SUBSTITUTE(SUBSTITUTE(_xlfn.TEXTBEFORE(A63,","), "-", ""), " ", "") -> Deaner | I63: =_xlfn.LET( _xlpm.authors,_xlfn.TEXTBEFORE(A63," ("&J63&")"), _xlpm.hasAmp,ISNUMBER(SEARCH("&",_xlpm.authors)), _xlpm.commasBeforeAmp,IF(_xlpm.hasAmp,LEN(_xlfn.TEXTBEFORE(_xlpm.authors,"&"))-LEN(SUBSTITUTE(_xlfn.TEXTBEFORE(_xlpm.authors,"&"),",","")),0), IF(NOT(_xlpm.hasAmp),"",IF(_xlpm.commasBeforeAmp>2,"etal",TRIM(_xlfn.TEXTBEFORE(_xlfn.TEXTAFTER(_xlpm.authors,"& "),",")))) ) -> etal | J63: =_xlfn.TEXTBEFORE(_xlfn.TEXTAFTER(A63, "("), ")") -> 2006 | K63: =_xlfn.LET( _xlpm.doi,IF(D63<>"",D63,_xlfn.TEXTAFTER(A63,"https://doi.org/")), SUBSTITUTE( SUBSTITUTE( SUBSTITUTE( SUBSTITUTE( _xlpm.doi, "/","%2F"), ":","%3A"), "<","%3C"), ">","%3E") ) -> 10.1177%2F147470490600400114 | L63: =TRIM(_xlfn.TEXTJOIN("_",FALSE(),G63,(SUBSTITUTE(SUBSTITUTE(E63," ",""), "_", "")))) -> Deaner_etal_2006_Table1 | M63: =K63 & "_" & SUBSTITUTE(SUBSTITUTE(SUBSTITUTE(E63,CHAR(160),"")," ",""),"_","") -> 10.1177%2F147470490600400114_Table1 | N63: {=IFERROR(INDEX(AUTO_Public_TSV_FileList!$A$1:$A$1000,MATCH(TRUE(),EXACT(M63,IFERROR(_xlfn.TEXTBEFORE(AUTO_Public_TSV_FileList!$A$1:$A$1000,".tsv"),"")),0)),"notfound")} -> notfound | O63: Full genus-by-procedure ranking dataset across nine cognitive paradigms; lower rank indicates better performance. | P63: Core comparative cognition table; largely overlaps Johnson et al. (2002) Table 1 but includes detailed procedural interpretation. | U63: No – table is embedded in PDF; extraction/verification required | V63: published article | W63: PDF table | X63: deaner_etal_2006.pdf | Z63: comparative intelligence | AA63: intelligence and cognition | AB63: Domain-general cognition; task rank | AC63: Core comparative cognition table; largely overlaps Johnson et al. (2002) Table 1 but includes detailed procedural interpretation. | AD63: Source table and interpretation checked against attached PDF | AE63: Verify taxon names and whether values are raw, derived, or model summaries before merge | AG63: genus/taxonomic group/task/model | AH63: See article table and methods | AI63: comparative cognition | AJ63: Domain-general cognition; task rank | AK63: Primates | AL63: published literature | AM63: primary | AN63: rank | AO63: candidate | AP63: The full genus-by-procedure cognitive ranking dataset: the same 30 procedures and nine paradigms represented in Johnson et al. (2002), with extensive methodological interpretation in the surrounding text. | AQ63: Yes—high priority, canonical version. Ingest this rather than averaging it with Johnson Table 1; use Johnson as provenance/cross-check.
A64: DeCasien, A. R., & Higham, J. P. (2019). Primate mosaic brain evolution reflects selection on sensory and cognitive specialization. Nat Ecol Evol, 3(10), 1483-1493. https://doi.org/10.1038/s41559-019-0969-0 | E64: Supplementary Data 1-Activity Period | F64: =RIGHT(A64,1) -> 0 | G64: =H64 & IF(I64<>"", "_" & I64, "_") & IF(J64<>"", "_" & J64, "_") & IF(B64<>"", "_" & B64, "") -> DeCasien_Higham_2019 | H64: =SUBSTITUTE(SUBSTITUTE(_xlfn.TEXTBEFORE(A64,","), "-", ""), " ", "") -> DeCasien | I64: =_xlfn.LET( _xlpm.authors,_xlfn.TEXTBEFORE(A64," ("&J64&")"), _xlpm.hasAmp,ISNUMBER(SEARCH("&",_xlpm.authors)), _xlpm.commasBeforeAmp,IF(_xlpm.hasAmp,LEN(_xlfn.TEXTBEFORE(_xlpm.authors,"&"))-LEN(SUBSTITUTE(_xlfn.TEXTBEFORE(_xlpm.authors,"&"),",","")),0), IF(NOT(_xlpm.hasAmp),"",IF(_xlpm.commasBeforeAmp>2,"etal",TRIM(_xlfn.TEXTBEFORE(_xlfn.TEXTAFTER(_xlpm.authors,"& "),",")))) ) -> Higham | J64: =_xlfn.TEXTBEFORE(_xlfn.TEXTAFTER(A64, "("), ")") -> 2019 | K64: =_xlfn.LET( _xlpm.doi,IF(D64<>"",D64,_xlfn.TEXTAFTER(A64,"https://doi.org/")), SUBSTITUTE( SUBSTITUTE( SUBSTITUTE( SUBSTITUTE( _xlpm.doi, "/","%2F"), ":","%3A"), "<","%3C"), ">","%3E") ) -> 10.1038%2Fs41559-019-0969-0 | L64: =TRIM(_xlfn.TEXTJOIN("_",FALSE(),G64,(SUBSTITUTE(SUBSTITUTE(E64," ",""), "_", "")))) -> DeCasien_Higham_2019_SupplementaryData1-ActivityPeriod | M64: =K64 & "_" & SUBSTITUTE(SUBSTITUTE(SUBSTITUTE(E64,CHAR(160),"")," ",""),"_","") -> 10.1038%2Fs41559-019-0969-0_SupplementaryData1-ActivityPeriod | N64: {=IFERROR(INDEX(AUTO_Public_TSV_FileList!$A$1:$A$1000,MATCH(TRUE(),EXACT(M64,IFERROR(_xlfn.TEXTBEFORE(AUTO_Public_TSV_FileList!$A$1:$A$1000,".tsv"),"")),0)),"notfound")} -> notfound | O64: Supplementary Data 1 Brain Region Data (mm3) | V64: xlsx | W64: table Sheet 1 | X64: YES - download link | Y64: https://www.nature.com/articles/s41559-019-0969-0#Sec13 | AG64: histological sections | AI64: primates | AJ64: Activity Period | AK64: Primates | AL64: secondary | AM64: secondary | AN64: ecology (activity period)
A65: DeCasien, A. R., & Higham, J. P. (2019). Primate mosaic brain evolution reflects selection on sensory and cognitive specialization. Nat Ecol Evol, 3(10), 1483-1493. https://doi.org/10.1038/s41559-019-0969-0 | E65: Supplementary Data 1-Brain Region | F65: =RIGHT(A65,1) -> 0 | G65: =H65 & IF(I65<>"", "_" & I65, "_") & IF(J65<>"", "_" & J65, "_") & IF(B65<>"", "_" & B65, "") -> DeCasien_Higham_2019 | H65: =SUBSTITUTE(SUBSTITUTE(_xlfn.TEXTBEFORE(A65,","), "-", ""), " ", "") -> DeCasien | I65: =_xlfn.LET( _xlpm.authors,_xlfn.TEXTBEFORE(A65," ("&J65&")"), _xlpm.hasAmp,ISNUMBER(SEARCH("&",_xlpm.authors)), _xlpm.commasBeforeAmp,IF(_xlpm.hasAmp,LEN(_xlfn.TEXTBEFORE(_xlpm.authors,"&"))-LEN(SUBSTITUTE(_xlfn.TEXTBEFORE(_xlpm.authors,"&"),",","")),0), IF(NOT(_xlpm.hasAmp),"",IF(_xlpm.commasBeforeAmp>2,"etal",TRIM(_xlfn.TEXTBEFORE(_xlfn.TEXTAFTER(_xlpm.authors,"& "),",")))) ) -> Higham | J65: =_xlfn.TEXTBEFORE(_xlfn.TEXTAFTER(A65, "("), ")") -> 2019 | K65: =_xlfn.LET( _xlpm.doi,IF(D65<>"",D65,_xlfn.TEXTAFTER(A65,"https://doi.org/")), SUBSTITUTE( SUBSTITUTE( SUBSTITUTE( SUBSTITUTE( _xlpm.doi, "/","%2F"), ":","%3A"), "<","%3C"), ">","%3E") ) -> 10.1038%2Fs41559-019-0969-0 | L65: =TRIM(_xlfn.TEXTJOIN("_",FALSE(),G65,(SUBSTITUTE(SUBSTITUTE(E65," ",""), "_", "")))) -> DeCasien_Higham_2019_SupplementaryData1-BrainRegion | M65: =K65 & "_" & SUBSTITUTE(SUBSTITUTE(SUBSTITUTE(E65,CHAR(160),"")," ",""),"_","") -> 10.1038%2Fs41559-019-0969-0_SupplementaryData1-BrainRegion | N65: {=IFERROR(INDEX(AUTO_Public_TSV_FileList!$A$1:$A$1000,MATCH(TRUE(),EXACT(M65,IFERROR(_xlfn.TEXTBEFORE(AUTO_Public_TSV_FileList!$A$1:$A$1000,".tsv"),"")),0)),"notfound")} -> notfound | O65: Supplementary Data 1 Brain Region Data (mm3) | V65: xlsx | W65: table Sheet 1 | X65: YES - download link | Y65: https://www.nature.com/articles/s41559-019-0969-0#Sec13 | AC65: mostly Stephan and other Ddorf studies | AG65: histological sections | AI65: primates | AJ65: Brain Regions Volumes | AK65: Primates | AL65: secondary | AM65: secondary | AN65: volume
A66: DeCasien, A. R., & Higham, J. P. (2019). Primate mosaic brain evolution reflects selection on sensory and cognitive specialization. Nat Ecol Evol, 3(10), 1483-1493. https://doi.org/10.1038/s41559-019-0969-0 | E66: Supplementary Data 1-Diet | F66: =RIGHT(A66,1) -> 0 | G66: =H66 & IF(I66<>"", "_" & I66, "_") & IF(J66<>"", "_" & J66, "_") & IF(B66<>"", "_" & B66, "") -> DeCasien_Higham_2019 | H66: =SUBSTITUTE(SUBSTITUTE(_xlfn.TEXTBEFORE(A66,","), "-", ""), " ", "") -> DeCasien | I66: =_xlfn.LET( _xlpm.authors,_xlfn.TEXTBEFORE(A66," ("&J66&")"), _xlpm.hasAmp,ISNUMBER(SEARCH("&",_xlpm.authors)), _xlpm.commasBeforeAmp,IF(_xlpm.hasAmp,LEN(_xlfn.TEXTBEFORE(_xlpm.authors,"&"))-LEN(SUBSTITUTE(_xlfn.TEXTBEFORE(_xlpm.authors,"&"),",","")),0), IF(NOT(_xlpm.hasAmp),"",IF(_xlpm.commasBeforeAmp>2,"etal",TRIM(_xlfn.TEXTBEFORE(_xlfn.TEXTAFTER(_xlpm.authors,"& "),",")))) ) -> Higham | J66: =_xlfn.TEXTBEFORE(_xlfn.TEXTAFTER(A66, "("), ")") -> 2019 | K66: =_xlfn.LET( _xlpm.doi,IF(D66<>"",D66,_xlfn.TEXTAFTER(A66,"https://doi.org/")), SUBSTITUTE( SUBSTITUTE( SUBSTITUTE( SUBSTITUTE( _xlpm.doi, "/","%2F"), ":","%3A"), "<","%3C"), ">","%3E") ) -> 10.1038%2Fs41559-019-0969-0 | L66: =TRIM(_xlfn.TEXTJOIN("_",FALSE(),G66,(SUBSTITUTE(SUBSTITUTE(E66," ",""), "_", "")))) -> DeCasien_Higham_2019_SupplementaryData1-Diet | M66: =K66 & "_" & SUBSTITUTE(SUBSTITUTE(SUBSTITUTE(E66,CHAR(160),"")," ",""),"_","") -> 10.1038%2Fs41559-019-0969-0_SupplementaryData1-Diet | N66: {=IFERROR(INDEX(AUTO_Public_TSV_FileList!$A$1:$A$1000,MATCH(TRUE(),EXACT(M66,IFERROR(_xlfn.TEXTBEFORE(AUTO_Public_TSV_FileList!$A$1:$A$1000,".tsv"),"")),0)),"notfound")} -> notfound | O66: Supplementary Data 1 Brain Region Data (mm3) | V66: xlsx | W66: table Sheet 1 | X66: YES - download link | Y66: https://www.nature.com/articles/s41559-019-0969-0#Sec13 | AG66: histological sections | AI66: primates | AJ66: Diet | AK66: Primates | AL66: secondary | AM66: secondary | AN66: ecology (diet)
A67: DeCasien, A. R., & Higham, J. P. (2019). Primate mosaic brain evolution reflects selection on sensory and cognitive specialization. Nat Ecol Evol, 3(10), 1483-1493. https://doi.org/10.1038/s41559-019-0969-0 | E67: Supplementary Data 1-Social System | F67: =RIGHT(A67,1) -> 0 | G67: =H67 & IF(I67<>"", "_" & I67, "_") & IF(J67<>"", "_" & J67, "_") & IF(B67<>"", "_" & B67, "") -> DeCasien_Higham_2019 | H67: =SUBSTITUTE(SUBSTITUTE(_xlfn.TEXTBEFORE(A67,","), "-", ""), " ", "") -> DeCasien | I67: =_xlfn.LET( _xlpm.authors,_xlfn.TEXTBEFORE(A67," ("&J67&")"), _xlpm.hasAmp,ISNUMBER(SEARCH("&",_xlpm.authors)), _xlpm.commasBeforeAmp,IF(_xlpm.hasAmp,LEN(_xlfn.TEXTBEFORE(_xlpm.authors,"&"))-LEN(SUBSTITUTE(_xlfn.TEXTBEFORE(_xlpm.authors,"&"),",","")),0), IF(NOT(_xlpm.hasAmp),"",IF(_xlpm.commasBeforeAmp>2,"etal",TRIM(_xlfn.TEXTBEFORE(_xlfn.TEXTAFTER(_xlpm.authors,"& "),",")))) ) -> Higham | J67: =_xlfn.TEXTBEFORE(_xlfn.TEXTAFTER(A67, "("), ")") -> 2019 | K67: =_xlfn.LET( _xlpm.doi,IF(D67<>"",D67,_xlfn.TEXTAFTER(A67,"https://doi.org/")), SUBSTITUTE( SUBSTITUTE( SUBSTITUTE( SUBSTITUTE( _xlpm.doi, "/","%2F"), ":","%3A"), "<","%3C"), ">","%3E") ) -> 10.1038%2Fs41559-019-0969-0 | L67: =TRIM(_xlfn.TEXTJOIN("_",FALSE(),G67,(SUBSTITUTE(SUBSTITUTE(E67," ",""), "_", "")))) -> DeCasien_Higham_2019_SupplementaryData1-SocialSystem | M67: =K67 & "_" & SUBSTITUTE(SUBSTITUTE(SUBSTITUTE(E67,CHAR(160),"")," ",""),"_","") -> 10.1038%2Fs41559-019-0969-0_SupplementaryData1-SocialSystem | N67: {=IFERROR(INDEX(AUTO_Public_TSV_FileList!$A$1:$A$1000,MATCH(TRUE(),EXACT(M67,IFERROR(_xlfn.TEXTBEFORE(AUTO_Public_TSV_FileList!$A$1:$A$1000,".tsv"),"")),0)),"notfound")} -> notfound | O67: BUILT 2026-08-15: primary regional measurements for 10 individual wild/domestic sheep. | P67: FINISHED | Q67: FINISHED | R67: Ebinger__1974_Tables3-4_snapshot.csv | S67: Brain mass converted g to mg; OCR J2879 corrected to the rendered 12879; 260/260 cells otherwise match the export. | T67: Ebinger__1974_Tables3-4.csv | U67: Ebinger__1974_Tables3-4.csv | V67: xlsx | W67: table Sheet 1 | X67: YES - download link | Y67: https://www.nature.com/articles/s41559-019-0969-0#Sec13 | AG67: histological sections | AI67: primates | AJ67: Social System | AK67: Primates | AL67: primary | AM67: primary | AN67: ecology (social system)
A68: Dos Santos, S. E., Medeiros, M., Porfirio, J., Tavares, W., Pessoa, L., Grinberg, L., Leite, R. E. P., Ferretti-Rebustini, R. E. L., Suemoto, C. K., Filho, W. J., Noctor, S. C., Sherwood, C. C., Kaas, J. H., Manger, P. R., & Herculano-Houzel, S. (2020). Similar Microglial Cell Densities across Brain Structures and Mammalian Species: Implications for Brain Tissue Function. J Neurosci, 40(24), 4622-4643. https://doi.org/10.1523/JNEUROSCI.2339-19.2020 | E68: Table 1 | F68: =RIGHT(A68,1) -> 0 | G68: =H68 & IF(I68<>"", "_" & I68, "_") & IF(J68<>"", "_" & J68, "_") & IF(B68<>"", "_" & B68, "") -> DosSantos_etal_2020 | H68: =SUBSTITUTE(SUBSTITUTE(_xlfn.TEXTBEFORE(A68,","), "-", ""), " ", "") -> DosSantos | I68: =_xlfn.LET( _xlpm.authors,_xlfn.TEXTBEFORE(A68," ("&J68&")"), _xlpm.hasAmp,ISNUMBER(SEARCH("&",_xlpm.authors)), _xlpm.commasBeforeAmp,IF(_xlpm.hasAmp,LEN(_xlfn.TEXTBEFORE(_xlpm.authors,"&"))-LEN(SUBSTITUTE(_xlfn.TEXTBEFORE(_xlpm.authors,"&"),",","")),0), IF(NOT(_xlpm.hasAmp),"",IF(_xlpm.commasBeforeAmp>2,"etal",TRIM(_xlfn.TEXTBEFORE(_xlfn.TEXTAFTER(_xlpm.authors,"& "),",")))) ) -> etal | J68: =_xlfn.TEXTBEFORE(_xlfn.TEXTAFTER(A68, "("), ")") -> 2020 | K68: =_xlfn.LET( _xlpm.doi,IF(D68<>"",D68,_xlfn.TEXTAFTER(A68,"https://doi.org/")), SUBSTITUTE( SUBSTITUTE( SUBSTITUTE( SUBSTITUTE( _xlpm.doi, "/","%2F"), ":","%3A"), "<","%3C"), ">","%3E") ) -> 10.1523%2FJNEUROSCI.2339-19.2020 | L68: =TRIM(_xlfn.TEXTJOIN("_",FALSE(),G68,(SUBSTITUTE(SUBSTITUTE(E68," ",""), "_", "")))) -> DosSantos_etal_2020_Table1 | M68: =K68 & "_" & SUBSTITUTE(SUBSTITUTE(SUBSTITUTE(E68,CHAR(160),"")," ",""),"_","") -> 10.1523%2FJNEUROSCI.2339-19.2020_Table1 | N68: {=IFERROR(INDEX(AUTO_Public_TSV_FileList!$A$1:$A$1000,MATCH(TRUE(),EXACT(M68,IFERROR(_xlfn.TEXTBEFORE(AUTO_Public_TSV_FileList!$A$1:$A$1000,".tsv"),"")),0)),"notfound")} -> 10.1523%2FJNEUROSCI.2339-19.2020_Table1.tsv | P68: VALUE ERROR — cell-count typos (superseded by unpublished) | Q68: FINISHED | R68: added | S68: DosSantos_etal_2020_Table1_snapshot.csv | T68: Y | U68: DosSantos_etal_2020_Table1.csv | V68: pdf online | W68: table | Z68: HH | AA68: HH | AD68: value-error: published Table 1 (main PDF) has transcription typos in several cell counts (some impossible — neurons or microglia > total cells; e.g. Tragelaphus strepsiceros whole-brain cells ~1000x too small). Superseded by the authors' unpublished data. Verify: DosSantos_etal_2020_Table1_check.R + DosSantos_etal_2020_comparison_summary.md. | AF68: EXCLUDED from merged cellcounts (cell-count typos); DosSantos_etal_2020_unpublished used instead (commented out in cellcounts_compiled.R). | AH68: isotropic fractionator | AI68: microglia | AJ68: Cell numbers, region size | AK68: Mammals | AL68: primary; secondary (compiled team data) | AM68: primary | AN68: cell count (microglia)
A69: Dos Santos, S. E., Medeiros, M., Porfirio, J., Tavares, W., Pessoa, L., Grinberg, L., Leite, R. E. P., Ferretti-Rebustini, R. E. L., Suemoto, C. K., Filho, W. J., Noctor, S. C., Sherwood, C. C., Kaas, J. H., Manger, P. R., & Herculano-Houzel, S. (2020). Similar Microglial Cell Densities across Brain Structures and Mammalian Species: Implications for Brain Tissue Function. J Neurosci, 40(24), 4622-4643. https://doi.org/10.1523/JNEUROSCI.2339-19.2020 | E69: unpublished | F69: =RIGHT(A69,1) -> 0 | G69: =H69 & IF(I69<>"", "_" & I69, "_") & IF(J69<>"", "_" & J69, "_") & IF(B69<>"", "_" & B69, "") -> DosSantos_etal_2020 | H69: =SUBSTITUTE(SUBSTITUTE(_xlfn.TEXTBEFORE(A69,","), "-", ""), " ", "") -> DosSantos | I69: =_xlfn.LET( _xlpm.authors,_xlfn.TEXTBEFORE(A69," ("&J69&")"), _xlpm.hasAmp,ISNUMBER(SEARCH("&",_xlpm.authors)), _xlpm.commasBeforeAmp,IF(_xlpm.hasAmp,LEN(_xlfn.TEXTBEFORE(_xlpm.authors,"&"))-LEN(SUBSTITUTE(_xlfn.TEXTBEFORE(_xlpm.authors,"&"),",","")),0), IF(NOT(_xlpm.hasAmp),"",IF(_xlpm.commasBeforeAmp>2,"etal",TRIM(_xlfn.TEXTBEFORE(_xlfn.TEXTAFTER(_xlpm.authors,"& "),",")))) ) -> etal | J69: =_xlfn.TEXTBEFORE(_xlfn.TEXTAFTER(A69, "("), ")") -> 2020 | K69: =_xlfn.LET( _xlpm.doi,IF(D69<>"",D69,_xlfn.TEXTAFTER(A69,"https://doi.org/")), SUBSTITUTE( SUBSTITUTE( SUBSTITUTE( SUBSTITUTE( _xlpm.doi, "/","%2F"), ":","%3A"), "<","%3C"), ">","%3E") ) -> 10.1523%2FJNEUROSCI.2339-19.2020 | L69: =TRIM(_xlfn.TEXTJOIN("_",FALSE(),G69,(SUBSTITUTE(SUBSTITUTE(E69," ",""), "_", "")))) -> DosSantos_etal_2020_unpublished | M69: =K69 & "_" & SUBSTITUTE(SUBSTITUTE(SUBSTITUTE(E69,CHAR(160),"")," ",""),"_","") -> 10.1523%2FJNEUROSCI.2339-19.2020_unpublished | N69: {=IFERROR(INDEX(AUTO_Public_TSV_FileList!$A$1:$A$1000,MATCH(TRUE(),EXACT(M69,IFERROR(_xlfn.TEXTBEFORE(AUTO_Public_TSV_FileList!$A$1:$A$1000,".tsv"),"")),0)),"notfound")} -> 10.1523%2FJNEUROSCI.2339-19.2020_unpublished.tsv | P69: corrected source used in merge (instead of published Table 1) | Q69: FINISHED | R69: added | S69: DosSantos_etal_2020_Table1_snapshot.csv | T69: Y | U69: DosSantos_etal_2020_Table1.csv | V69: pdf online | W69: table | Y69: https://doi.org/10.1523/JNEUROSCI.2339-19.2020 | Z69: HH | AA69: HH | AD69: value-correction-source: authors' unpublished spreadsheet used in the merged cellcounts INSTEAD of the published Table 1 (which has cell-count typos); internally consistent and matches Herculano-Houzel et al. 2015. Provides microglia/cell (I/C) ratios; received 22 Mar 2024 via O. S. Todorov from the authors' team. | AH69: isotropic fractionator | AI69: microglia | AJ69: Cell numbers, region size | AK69: Mammals | AL69: primary; secondary (compiled team data) | AM69: primary | AN69: cell count (microglia)
A70: Dos Santos, S. E., Porfirio, J., da Cunha, F. B., Manger, P. R., Tavares, W., Pessoa, L., Raghanti, M. A., Sherwood, C. C., & Herculano-Houzel, S. (2017). Cellular Scaling Rules for the Brains of Marsupials: Not as "Primitive" as Expected. Brain Behav Evol. https://doi.org/10.1159/000452856 | E70: Table S1 | F70: =RIGHT(A70,1) -> 6 | G70: =H70 & IF(I70<>"", "_" & I70, "_") & IF(J70<>"", "_" & J70, "_") & IF(B70<>"", "_" & B70, "") -> DosSantos_etal_2017 | H70: =SUBSTITUTE(SUBSTITUTE(_xlfn.TEXTBEFORE(A70,","), "-", ""), " ", "") -> DosSantos | I70: =_xlfn.LET( _xlpm.authors,_xlfn.TEXTBEFORE(A70," ("&J70&")"), _xlpm.hasAmp,ISNUMBER(SEARCH("&",_xlpm.authors)), _xlpm.commasBeforeAmp,IF(_xlpm.hasAmp,LEN(_xlfn.TEXTBEFORE(_xlpm.authors,"&"))-LEN(SUBSTITUTE(_xlfn.TEXTBEFORE(_xlpm.authors,"&"),",","")),0), IF(NOT(_xlpm.hasAmp),"",IF(_xlpm.commasBeforeAmp>2,"etal",TRIM(_xlfn.TEXTBEFORE(_xlfn.TEXTAFTER(_xlpm.authors,"& "),",")))) ) -> etal | J70: =_xlfn.TEXTBEFORE(_xlfn.TEXTAFTER(A70, "("), ")") -> 2017 | K70: =_xlfn.LET( _xlpm.doi,IF(D70<>"",D70,_xlfn.TEXTAFTER(A70,"https://doi.org/")), SUBSTITUTE( SUBSTITUTE( SUBSTITUTE( SUBSTITUTE( _xlpm.doi, "/","%2F"), ":","%3A"), "<","%3C"), ">","%3E") ) -> 10.1159%2F000452856 | L70: =TRIM(_xlfn.TEXTJOIN("_",FALSE(),G70,(SUBSTITUTE(SUBSTITUTE(E70," ",""), "_", "")))) -> DosSantos_etal_2017_TableS1 | M70: =K70 & "_" & SUBSTITUTE(SUBSTITUTE(SUBSTITUTE(E70,CHAR(160),"")," ",""),"_","") -> 10.1159%2F000452856_TableS1 | N70: {=IFERROR(INDEX(AUTO_Public_TSV_FileList!$A$1:$A$1000,MATCH(TRUE(),EXACT(M70,IFERROR(_xlfn.TEXTBEFORE(AUTO_Public_TSV_FileList!$A$1:$A$1000,".tsv"),"")),0)),"notfound")} -> 10.1159%2F000452856_TableS1.tsv | P70: ERRATUM ! | Q70: FINISHED | R70: added | S70: DosSantos_etal_2017_TableS1_snapshot.csv | T70: Y | U70: DosSantos_etal_2017_TableS1.csv | V70: doc, erratum (on pdf) | W70: table, erratum | X70: YES - download link | Y70: https://ndownloader.figstatic.com/files/7428211 | Z70: HH | AA70: HH | AD70: erratum | AH70: isotropic fractionator | AI70: marsupials | AJ70: Cell numbers, region size | AK70: Marsupials | AL70: primary | AM70: primary | AN70: cell count (isotropic fractionator)
A71: Eagleman, D. M., & Vaughn, D. A. (2021). The Defensive Activation Theory: REM Sleep as a Mechanism to Prevent Takeover of the Visual Cortex [Hypothesis and Theory]. Front Neurosci, 15(598), 632853. https://doi.org/10.3389/fnins.2021.632853 | E71: TABLE 1 | F71: =RIGHT(A71,1) -> 3 | G71: =H71 & IF(I71<>"", "_" & I71, "_") & IF(J71<>"", "_" & J71, "_") & IF(B71<>"", "_" & B71, "") -> Eagleman_Vaughn_2021 | H71: =SUBSTITUTE(SUBSTITUTE(_xlfn.TEXTBEFORE(A71,","), "-", ""), " ", "") -> Eagleman | I71: =_xlfn.LET( _xlpm.authors,_xlfn.TEXTBEFORE(A71," ("&J71&")"), _xlpm.hasAmp,ISNUMBER(SEARCH("&",_xlpm.authors)), _xlpm.commasBeforeAmp,IF(_xlpm.hasAmp,LEN(_xlfn.TEXTBEFORE(_xlpm.authors,"&"))-LEN(SUBSTITUTE(_xlfn.TEXTBEFORE(_xlpm.authors,"&"),",","")),0), IF(NOT(_xlpm.hasAmp),"",IF(_xlpm.commasBeforeAmp>2,"etal",TRIM(_xlfn.TEXTBEFORE(_xlfn.TEXTAFTER(_xlpm.authors,"& "),",")))) ) -> Vaughn | J71: =_xlfn.TEXTBEFORE(_xlfn.TEXTAFTER(A71, "("), ")") -> 2021 | K71: =_xlfn.LET( _xlpm.doi,IF(D71<>"",D71,_xlfn.TEXTAFTER(A71,"https://doi.org/")), SUBSTITUTE( SUBSTITUTE( SUBSTITUTE( SUBSTITUTE( _xlpm.doi, "/","%2F"), ":","%3A"), "<","%3C"), ">","%3E") ) -> 10.3389%2Ffnins.2021.632853 | L71: =TRIM(_xlfn.TEXTJOIN("_",FALSE(),G71,(SUBSTITUTE(SUBSTITUTE(E71," ",""), "_", "")))) -> Eagleman_Vaughn_2021_TABLE1 | M71: =K71 & "_" & SUBSTITUTE(SUBSTITUTE(SUBSTITUTE(E71,CHAR(160),"")," ",""),"_","") -> 10.3389%2Ffnins.2021.632853_TABLE1 | N71: {=IFERROR(INDEX(AUTO_Public_TSV_FileList!$A$1:$A$1000,MATCH(TRUE(),EXACT(M71,IFERROR(_xlfn.TEXTBEFORE(AUTO_Public_TSV_FileList!$A$1:$A$1000,".tsv"),"")),0)),"notfound")} -> 10.3389%2Ffnins.2021.632853_TABLE1.tsv | O71: TABLE 1 | Three behavioral correlates of plasticity and the proportion of REM (versus non-REM) sleep in 25 primate species. | V71: pdf | AJ71: proportion REM and developmental milestones | AK71: Mammals | AL71: secondary | AM71: secondary | AN71: behaviour/physiology (REM sleep, development)
A72: Ebinger, P. (1974). A cytoarchitectonic volumetric comparison of brains in wild and domestic sheep. Z Anat Entwicklungsgesch, 144(3), 267-302. https://doi.org/10.1007/BF00522811 | E72: Tables 3-4 | F72: =RIGHT(A72,1) -> 1 | G72: =H72 & IF(I72<>"", "_" & I72, "_") & IF(J72<>"", "_" & J72, "_") & IF(B72<>"", "_" & B72, "") -> Ebinger__1974 | H72: =SUBSTITUTE(SUBSTITUTE(_xlfn.TEXTBEFORE(A72,","), "-", ""), " ", "") -> Ebinger | I72: =_xlfn.LET( _xlpm.authors,_xlfn.TEXTBEFORE(A72," ("&J72&")"), _xlpm.hasAmp,ISNUMBER(SEARCH("&",_xlpm.authors)), _xlpm.commasBeforeAmp,IF(_xlpm.hasAmp,LEN(_xlfn.TEXTBEFORE(_xlpm.authors,"&"))-LEN(SUBSTITUTE(_xlfn.TEXTBEFORE(_xlpm.authors,"&"),",","")),0), IF(NOT(_xlpm.hasAmp),"",IF(_xlpm.commasBeforeAmp>2,"etal",TRIM(_xlfn.TEXTBEFORE(_xlfn.TEXTAFTER(_xlpm.authors,"& "),",")))) ) | J72: =_xlfn.TEXTBEFORE(_xlfn.TEXTAFTER(A72, "("), ")") -> 1974 | K72: =_xlfn.LET( _xlpm.doi,IF(D72<>"",D72,_xlfn.TEXTAFTER(A72,"https://doi.org/")), SUBSTITUTE( SUBSTITUTE( SUBSTITUTE( SUBSTITUTE( _xlpm.doi, "/","%2F"), ":","%3A"), "<","%3C"), ">","%3E") ) -> 10.1007%2FBF00522811 | L72: =TRIM(_xlfn.TEXTJOIN("_",FALSE(),G72,(SUBSTITUTE(SUBSTITUTE(E72," ",""), "_", "")))) -> Ebinger__1974_Tables3-4 | M72: =K72 & "_" & SUBSTITUTE(SUBSTITUTE(SUBSTITUTE(E72,CHAR(160),"")," ",""),"_","") -> 10.1007%2FBF00522811_Tables3-4 | N72: {=IFERROR(INDEX(AUTO_Public_TSV_FileList!$A$1:$A$1000,MATCH(TRUE(),EXACT(M72,IFERROR(_xlfn.TEXTBEFORE(AUTO_Public_TSV_FileList!$A$1:$A$1000,".tsv"),"")),0)),"notfound")} -> 10.1007%2FBF00522811_Tables3-4.tsv | O72: Tables 3-4. Individual absolute brain and brain-structure volumes in wild and domestic sheep | P72: BUILT 2026-08-15: primary regional measurements for 10 individual wild/domestic sheep. | Q72: FINISHED | S72: Ebinger__1974_Tables3-4_snapshot.csv | T72: Brain mass converted g to mg; OCR J2879 corrected to the rendered 12879; 260/260 cells otherwise match the export. | U72: Ebinger__1974_Tables3-4.csv | AM72: primary
A73: Falcone, C., Wolf-Ochoa, M., Amina, S., Hong, T., Vakilzadeh, G., Hopkins, W. D., Hof, P. R., Sherwood, C. C., Manger, P. R., Noctor, S. C., & Martinez-Cerdeno, V. (2019). Cortical interlaminar astrocytes across the therian mammal radiation. J Comp Neurol, 527(10), 1654-1674. https://doi.org/10.1002/cne.24605 | E73: TABLE 1 | F73: =RIGHT(A73,1) -> 5 | G73: =H73 & IF(I73<>"", "_" & I73, "_") & IF(J73<>"", "_" & J73, "_") & IF(B73<>"", "_" & B73, "") -> Falcone_etal_2019 | H73: =SUBSTITUTE(SUBSTITUTE(_xlfn.TEXTBEFORE(A73,","), "-", ""), " ", "") -> Falcone | I73: =_xlfn.LET( _xlpm.authors,_xlfn.TEXTBEFORE(A73," ("&J73&")"), _xlpm.hasAmp,ISNUMBER(SEARCH("&",_xlpm.authors)), _xlpm.commasBeforeAmp,IF(_xlpm.hasAmp,LEN(_xlfn.TEXTBEFORE(_xlpm.authors,"&"))-LEN(SUBSTITUTE(_xlfn.TEXTBEFORE(_xlpm.authors,"&"),",","")),0), IF(NOT(_xlpm.hasAmp),"",IF(_xlpm.commasBeforeAmp>2,"etal",TRIM(_xlfn.TEXTBEFORE(_xlfn.TEXTAFTER(_xlpm.authors,"& "),",")))) ) -> etal | J73: =_xlfn.TEXTBEFORE(_xlfn.TEXTAFTER(A73, "("), ")") -> 2019 | K73: =_xlfn.LET( _xlpm.doi,IF(D73<>"",D73,_xlfn.TEXTAFTER(A73,"https://doi.org/")), SUBSTITUTE( SUBSTITUTE( SUBSTITUTE( SUBSTITUTE( _xlpm.doi, "/","%2F"), ":","%3A"), "<","%3C"), ">","%3E") ) -> 10.1002%2Fcne.24605 | L73: =TRIM(_xlfn.TEXTJOIN("_",FALSE(),G73,(SUBSTITUTE(SUBSTITUTE(E73," ",""), "_", "")))) -> Falcone_etal_2019_TABLE1 | M73: =K73 & "_" & SUBSTITUTE(SUBSTITUTE(SUBSTITUTE(E73,CHAR(160),"")," ",""),"_","") -> 10.1002%2Fcne.24605_TABLE1 | N73: {=IFERROR(INDEX(AUTO_Public_TSV_FileList!$A$1:$A$1000,MATCH(TRUE(),EXACT(M73,IFERROR(_xlfn.TEXTBEFORE(AUTO_Public_TSV_FileList!$A$1:$A$1000,".tsv"),"")),0)),"notfound")} -> 10.1002%2Fcne.24605_TABLE1.tsv | O73: TABLE 1 Pial and subpial ILA presence in mammalian species analyzed. Highlighted in red are the species where proper subpial ILA are present | V73: pdf | AJ73: interlaminar astrocyte morphology | AK73: Primates & other mammals | AL73: primary | AM73: primary | AN73: cell morphology (interlaminar astrocytes)
A74: Falcone, C., Wolf-Ochoa, M., Amina, S., Hong, T., Vakilzadeh, G., Hopkins, W. D., Hof, P. R., Sherwood, C. C., Manger, P. R., Noctor, S. C., & Martinez-Cerdeno, V. (2019). Cortical interlaminar astrocytes across the therian mammal radiation. J Comp Neurol, 527(10), 1654-1674. https://doi.org/10.1002/cne.24605 | E74: TABLE 2 | F74: =RIGHT(A74,1) -> 5 | G74: =H74 & IF(I74<>"", "_" & I74, "_") & IF(J74<>"", "_" & J74, "_") & IF(B74<>"", "_" & B74, "") -> Falcone_etal_2019 | H74: =SUBSTITUTE(SUBSTITUTE(_xlfn.TEXTBEFORE(A74,","), "-", ""), " ", "") -> Falcone | I74: =_xlfn.LET( _xlpm.authors,_xlfn.TEXTBEFORE(A74," ("&J74&")"), _xlpm.hasAmp,ISNUMBER(SEARCH("&",_xlpm.authors)), _xlpm.commasBeforeAmp,IF(_xlpm.hasAmp,LEN(_xlfn.TEXTBEFORE(_xlpm.authors,"&"))-LEN(SUBSTITUTE(_xlfn.TEXTBEFORE(_xlpm.authors,"&"),",","")),0), IF(NOT(_xlpm.hasAmp),"",IF(_xlpm.commasBeforeAmp>2,"etal",TRIM(_xlfn.TEXTBEFORE(_xlfn.TEXTAFTER(_xlpm.authors,"& "),",")))) ) -> etal | J74: =_xlfn.TEXTBEFORE(_xlfn.TEXTAFTER(A74, "("), ")") -> 2019 | K74: =_xlfn.LET( _xlpm.doi,IF(D74<>"",D74,_xlfn.TEXTAFTER(A74,"https://doi.org/")), SUBSTITUTE( SUBSTITUTE( SUBSTITUTE( SUBSTITUTE( _xlpm.doi, "/","%2F"), ":","%3A"), "<","%3C"), ">","%3E") ) -> 10.1002%2Fcne.24605 | L74: =TRIM(_xlfn.TEXTJOIN("_",FALSE(),G74,(SUBSTITUTE(SUBSTITUTE(E74," ",""), "_", "")))) -> Falcone_etal_2019_TABLE2 | M74: =K74 & "_" & SUBSTITUTE(SUBSTITUTE(SUBSTITUTE(E74,CHAR(160),"")," ",""),"_","") -> 10.1002%2Fcne.24605_TABLE2 | N74: {=IFERROR(INDEX(AUTO_Public_TSV_FileList!$A$1:$A$1000,MATCH(TRUE(),EXACT(M74,IFERROR(_xlfn.TEXTBEFORE(AUTO_Public_TSV_FileList!$A$1:$A$1000,".tsv"),"")),0)),"notfound")} -> 10.1002%2Fcne.24605_TABLE2.tsv | O74: TABLE 2 ILA linear density, number of primary processes, number of total processes, total length, and complexity, of mammalian species analyzed | V74: pdf | AJ74: interlaminar astrocyte morphology | AK74: Primates & other mammals | AL74: primary | AM74: primary | AN74: cell morphology (interlaminar astrocytes)
A75: Finlay, B. L., Cheung, D. T.-M., & Darlington, R. B. (2006). Developmental constraints on or developmental structure in brain evolution? In Y. Munakata & M. H. Johnson (Eds.), Processes of Change in Brain and Cognitive Development (Vol. 8208, pp. 131-162). Oxford University Press. https://doi.org/10.1093/oso/9780198568742.003.0006 | E75: Table 6.1 | F75: =RIGHT(A75,1) -> 6 | G75: =H75 & IF(I75<>"", "_" & I75, "_") & IF(J75<>"", "_" & J75, "_") & IF(B75<>"", "_" & B75, "") -> Finlay_etal_2006 | H75: =SUBSTITUTE(SUBSTITUTE(_xlfn.TEXTBEFORE(A75,","), "-", ""), " ", "") -> Finlay | I75: =_xlfn.LET( _xlpm.authors,_xlfn.TEXTBEFORE(A75," ("&J75&")"), _xlpm.hasAmp,ISNUMBER(SEARCH("&",_xlpm.authors)), _xlpm.commasBeforeAmp,IF(_xlpm.hasAmp,LEN(_xlfn.TEXTBEFORE(_xlpm.authors,"&"))-LEN(SUBSTITUTE(_xlfn.TEXTBEFORE(_xlpm.authors,"&"),",","")),0), IF(NOT(_xlpm.hasAmp),"",IF(_xlpm.commasBeforeAmp>2,"etal",TRIM(_xlfn.TEXTBEFORE(_xlfn.TEXTAFTER(_xlpm.authors,"& "),",")))) ) -> etal | J75: =_xlfn.TEXTBEFORE(_xlfn.TEXTAFTER(A75, "("), ")") -> 2006 | K75: =_xlfn.LET( _xlpm.doi,IF(D75<>"",D75,_xlfn.TEXTAFTER(A75,"https://doi.org/")), SUBSTITUTE( SUBSTITUTE( SUBSTITUTE( SUBSTITUTE( _xlpm.doi, "/","%2F"), ":","%3A"), "<","%3C"), ">","%3E") ) -> 10.1093%2Foso%2F9780198568742.003.0006 | L75: =TRIM(_xlfn.TEXTJOIN("_",FALSE(),G75,(SUBSTITUTE(SUBSTITUTE(E75," ",""), "_", "")))) -> Finlay_etal_2006_Table6.1 | M75: =K75 & "_" & SUBSTITUTE(SUBSTITUTE(SUBSTITUTE(E75,CHAR(160),"")," ",""),"_","") -> 10.1093%2Foso%2F9780198568742.003.0006_Table6.1 | N75: {=IFERROR(INDEX(AUTO_Public_TSV_FileList!$A$1:$A$1000,MATCH(TRUE(),EXACT(M75,IFERROR(_xlfn.TEXTBEFORE(AUTO_Public_TSV_FileList!$A$1:$A$1000,".tsv"),"")),0)),"notfound")} -> 10.1093%2Foso%2F9780198568742.003.0006_Table6.1.tsv | Q75: Species -- wait for Project Kaskan | R75: NA | S75: Finlay_etal_2006_Table6.1_snapshot.xlsx | T75: Y | U75: Finlay_etal_2006_Table6.1.csv | V75: pdf | W75: table | X75: YES - but formatting issues | Y75: https://www.researchgate.net/publication/299027052_Developmental_constraints_on_or_developmental_structure_in_brain_evolution | AC75: summary to check more precise areas from ProjectKaskan | AI75: mammals | AJ75: cerebral cortex surface area and number of areas (broadly defined) | AK75: Mammals | AL75: primary (derived from published materials) | AM75: secondary | AN75: cortical surface area / volume
A76: Fox, J. H., & Wilczynski, W. (1986). Allometry of major CNS divisions: towards a reevaluation of somatic brain-body scaling. Brain Behav Evol, 28(4), 157-169. https://doi.org/10.1159/000118700 | E76: Table I | F76: =RIGHT(A76,1) -> 0 | G76: =H76 & IF(I76<>"", "_" & I76, "_") & IF(J76<>"", "_" & J76, "_") & IF(B76<>"", "_" & B76, "") -> Fox_Wilczynski_1986 | H76: =SUBSTITUTE(SUBSTITUTE(_xlfn.TEXTBEFORE(A76,","), "-", ""), " ", "") -> Fox | I76: =_xlfn.LET(_xlpm.authors,_xlfn.TEXTBEFORE(A76," ("&J76&")"),_xlpm.hasAmp,ISNUMBER(SEARCH("&",_xlpm.authors)),_xlpm.commasBeforeAmp,IF(_xlpm.hasAmp,LEN(_xlfn.TEXTBEFORE(_xlpm.authors,"&"))-LEN(SUBSTITUTE(_xlfn.TEXTBEFORE(_xlpm.authors,"&"),",","")),0),IF(NOT(_xlpm.hasAmp),"",IF(_xlpm.commasBeforeAmp>2,"etal",TRIM(_xlfn.TEXTBEFORE(_xlfn.TEXTAFTER(_xlpm.authors,"& "),","))))) -> Wilczynski | J76: =_xlfn.TEXTBEFORE(_xlfn.TEXTAFTER(A76, "("), ")") -> 1986 | K76: =_xlfn.LET(_xlpm.doi,IF(D76<>"",D76,_xlfn.TEXTAFTER(A76,"https://doi.org/")),SUBSTITUTE(SUBSTITUTE(SUBSTITUTE(SUBSTITUTE(_xlpm.doi,"/","%2F"),":","%3A"),"<","%3C"),">","%3E")) -> 10.1159%2F000118700 | L76: =TRIM(_xlfn.TEXTJOIN("_",FALSE(),G76,(SUBSTITUTE(SUBSTITUTE(E76," ",""), "_", "")))) -> Fox_Wilczynski_1986_TableI | M76: =K76 & "_" & SUBSTITUTE(SUBSTITUTE(SUBSTITUTE(E76,CHAR(160),"")," ",""),"_","") -> 10.1159%2F000118700_TableI | N76: =IFERROR(INDEX(AUTO_Public_TSV_FileList!$A$1:$A$1000,MATCH(TRUE(),EXACT(M76,IFERROR(_xlfn.TEXTBEFORE(AUTO_Public_TSV_FileList!$A$1:$A$1000,".tsv"),"")),0)),"notfound") -> notfound | O76: Rodent weight data (means ± SD) | P76: Species-level mean body weight and weights of whole brain, brainstem, cerebellum, and forebrain for four rodent species/sex groups. Weights rather than Stephan-style fresh volumes; partially compatible after unit/type harmonization. | Q76: candidate | U76: No – table is embedded in PDF; extraction/verification required | V76: published literature | W76: table | X76: Fox-1986-Allometry of major C.pdf | Z76: comparative brain volumes | AA76: Stephan-compatible brain structure volumes | AB76: Body mass; whole brain; forebrain; cerebellum; brainstem | AC76: Species-level mean body weight and weights of whole brain, brainstem, cerebellum, and forebrain for four rodent species/sex groups. Weights rather than Stephan-style fresh volumes; partially compatible after unit/type harmonization. | AD76: Source paper and target table identified | AE76: Verify taxonomy, specimen metadata, units, and structure ontology before merge | AG76: species | AH76: Gross dissection and analytical weighing; formalin-fixed brains | AI76: comparative neuroanatomy | AJ76: Body mass; whole brain; forebrain; cerebellum; brainstem | AK76: Rodentia | AL76: published literature | AM76: primary and secondary | AN76: mass (g); spinal cord area (mm²) | AO76: candidate | AP76: Partially compatible. New rodent brain-division measurements are primary; nonrodent values were taken from Stephan et al. (1970). | AQ76: Extract Table I only as primary data, mark measurement type as weight. Do not duplicate Stephan-derived nonrodent data.
A77: Frahm, H. D., & Zilles, K. (1994). Volumetric comparison of hippocampal regions in 44 primate species. J Hirnforsch, 35(3), 343-354. https://www.ncbi.nlm.nih.gov/pubmed/7983368 | D77: PMID:7983368 | E77: Table 1 | F77: =RIGHT(A77,1) -> 8 | G77: =H77 & IF(I77<>"", "_" & I77, "_") & IF(J77<>"", "_" & J77, "_") & IF(B77<>"", "_" & B77, "") -> Frahm_Zilles_1994 | H77: =SUBSTITUTE(SUBSTITUTE(_xlfn.TEXTBEFORE(A77,","), "-", ""), " ", "") -> Frahm | I77: =_xlfn.LET( _xlpm.authors,_xlfn.TEXTBEFORE(A77," ("&J77&")"), _xlpm.hasAmp,ISNUMBER(SEARCH("&",_xlpm.authors)), _xlpm.commasBeforeAmp,IF(_xlpm.hasAmp,LEN(_xlfn.TEXTBEFORE(_xlpm.authors,"&"))-LEN(SUBSTITUTE(_xlfn.TEXTBEFORE(_xlpm.authors,"&"),",","")),0), IF(NOT(_xlpm.hasAmp),"",IF(_xlpm.commasBeforeAmp>2,"etal",TRIM(_xlfn.TEXTBEFORE(_xlfn.TEXTAFTER(_xlpm.authors,"& "),",")))) ) -> Zilles | J77: =_xlfn.TEXTBEFORE(_xlfn.TEXTAFTER(A77, "("), ")") -> 1994 | K77: =_xlfn.LET( _xlpm.doi,IF(D77<>"",D77,_xlfn.TEXTAFTER(A77,"https://doi.org/")), SUBSTITUTE( SUBSTITUTE( SUBSTITUTE( SUBSTITUTE( _xlpm.doi, "/","%2F"), ":","%3A"), "<","%3C"), ">","%3E") ) -> PMID%3A7983368 | L77: =TRIM(_xlfn.TEXTJOIN("_",FALSE(),G77,(SUBSTITUTE(SUBSTITUTE(E77," ",""), "_", "")))) -> Frahm_Zilles_1994_Table1 | M77: =K77 & "_" & SUBSTITUTE(SUBSTITUTE(SUBSTITUTE(E77,CHAR(160),"")," ",""),"_","") -> PMID%3A7983368_Table1 | N77: {=IFERROR(INDEX(AUTO_Public_TSV_FileList!$A$1:$A$1000,MATCH(TRUE(),EXACT(M77,IFERROR(_xlfn.TEXTBEFORE(AUTO_Public_TSV_FileList!$A$1:$A$1000,".tsv"),"")),0)),"notfound")} -> PMID%3A7983368_Table1.tsv | O77: Hippocampal regions in 44 primates (Table 1) | W77: table | X77: NO - not digitized | Z77: Stephan | AA77: Stephan | AG77: histological sections | AH77: volumetry | AJ77: hippocampal region volumes | AK77: Insectivora, Scandentia & Primates | AL77: primary | AM77: primary | AN77: volume
A78: Frahm, H. D., & Zilles, K. (1994). Volumetric comparison of hippocampal regions in 44 primate species. J Hirnforsch, 35(3), 343-354. https://www.ncbi.nlm.nih.gov/pubmed/7983368 | D78: PMID:7983368 | E78: Table 2 | F78: =RIGHT(A78,1) -> 8 | G78: =H78 & IF(I78<>"", "_" & I78, "_") & IF(J78<>"", "_" & J78, "_") & IF(B78<>"", "_" & B78, "") -> Frahm_Zilles_1994 | H78: =SUBSTITUTE(SUBSTITUTE(_xlfn.TEXTBEFORE(A78,","), "-", ""), " ", "") -> Frahm | I78: =_xlfn.LET( _xlpm.authors,_xlfn.TEXTBEFORE(A78," ("&J78&")"), _xlpm.hasAmp,ISNUMBER(SEARCH("&",_xlpm.authors)), _xlpm.commasBeforeAmp,IF(_xlpm.hasAmp,LEN(_xlfn.TEXTBEFORE(_xlpm.authors,"&"))-LEN(SUBSTITUTE(_xlfn.TEXTBEFORE(_xlpm.authors,"&"),",","")),0), IF(NOT(_xlpm.hasAmp),"",IF(_xlpm.commasBeforeAmp>2,"etal",TRIM(_xlfn.TEXTBEFORE(_xlfn.TEXTAFTER(_xlpm.authors,"& "),",")))) ) -> Zilles | J78: =_xlfn.TEXTBEFORE(_xlfn.TEXTAFTER(A78, "("), ")") -> 1994 | K78: =_xlfn.LET( _xlpm.doi,IF(D78<>"",D78,_xlfn.TEXTAFTER(A78,"https://doi.org/")), SUBSTITUTE( SUBSTITUTE( SUBSTITUTE( SUBSTITUTE( _xlpm.doi, "/","%2F"), ":","%3A"), "<","%3C"), ">","%3E") ) -> PMID%3A7983368 | L78: =TRIM(_xlfn.TEXTJOIN("_",FALSE(),G78,(SUBSTITUTE(SUBSTITUTE(E78," ",""), "_", "")))) -> Frahm_Zilles_1994_Table2 | M78: =K78 & "_" & SUBSTITUTE(SUBSTITUTE(SUBSTITUTE(E78,CHAR(160),"")," ",""),"_","") -> PMID%3A7983368_Table2 | N78: {=IFERROR(INDEX(AUTO_Public_TSV_FileList!$A$1:$A$1000,MATCH(TRUE(),EXACT(M78,IFERROR(_xlfn.TEXTBEFORE(AUTO_Public_TSV_FileList!$A$1:$A$1000,".tsv"),"")),0)),"notfound")} -> notfound
A79: Frahm, H. D., Rehkamper, G., & Nevo, E. (1997). Brain structure volumes in the mole rat, Spalax ehrenbergi (Spalacidae, Rodentia) in comparison to the rat and subterrestrial insectivores. J Hirnforsch, 38(2), 209-222. https://www.ncbi.nlm.nih.gov/pubmed/9176733 | D79: PMID:9176733 | E79: Table 1 | F79: =RIGHT(A79,1) -> 3 | G79: =H79 & IF(I79<>"", "_" & I79, "_") & IF(J79<>"", "_" & J79, "_") & IF(B79<>"", "_" & B79, "") -> Frahm_etal_1997 | H79: =SUBSTITUTE(SUBSTITUTE(_xlfn.TEXTBEFORE(A79,","), "-", ""), " ", "") -> Frahm | I79: =_xlfn.LET( _xlpm.authors,_xlfn.TEXTBEFORE(A79," ("&J79&")"), _xlpm.hasAmp,ISNUMBER(SEARCH("&",_xlpm.authors)), _xlpm.commasBeforeAmp,IF(_xlpm.hasAmp,LEN(_xlfn.TEXTBEFORE(_xlpm.authors,"&"))-LEN(SUBSTITUTE(_xlfn.TEXTBEFORE(_xlpm.authors,"&"),",","")),0), IF(NOT(_xlpm.hasAmp),"",IF(_xlpm.commasBeforeAmp>2,"etal",TRIM(_xlfn.TEXTBEFORE(_xlfn.TEXTAFTER(_xlpm.authors,"& "),",")))) ) -> etal | J79: =_xlfn.TEXTBEFORE(_xlfn.TEXTAFTER(A79, "("), ")") -> 1997 | K79: =_xlfn.LET( _xlpm.doi,IF(D79<>"",D79,_xlfn.TEXTAFTER(A79,"https://doi.org/")), SUBSTITUTE( SUBSTITUTE( SUBSTITUTE( SUBSTITUTE( _xlpm.doi, "/","%2F"), ":","%3A"), "<","%3C"), ">","%3E") ) -> PMID%3A9176733 | L79: =TRIM(_xlfn.TEXTJOIN("_",FALSE(),G79,(SUBSTITUTE(SUBSTITUTE(E79," ",""), "_", "")))) -> Frahm_etal_1997_Table1 | M79: =K79 & "_" & SUBSTITUTE(SUBSTITUTE(SUBSTITUTE(E79,CHAR(160),"")," ",""),"_","") -> PMID%3A9176733_Table1 | N79: {=IFERROR(INDEX(AUTO_Public_TSV_FileList!$A$1:$A$1000,MATCH(TRUE(),EXACT(M79,IFERROR(_xlfn.TEXTBEFORE(AUTO_Public_TSV_FileList!$A$1:$A$1000,".tsv"),"")),0)),"notfound")} -> PMID%3A9176733_Table1.tsv | O79: Brain structure volumes in Spalax ehrenbergi (Table 1) | W79: table | X79: NO - not digitized | Z79: Stephan | AA79: Stephan | AG79: histological sections | AH79: volumetry | AJ79: brain structure volumes (Spalax) | AK79: Insectivora, Scandentia & Primates | AL79: primary | AM79: primary | AN79: volume
A80: Frahm, H. D., Stephan, H., & Baron, G. (1984). Comparison of brain structure volumes in insectivora and primates. V. Area striata (AS). J Hirnforsch, 25(5), 537-557. https://www.ncbi.nlm.nih.gov/pubmed/6501869 | D80: PMID:6501869 | E80: Table 1 | F80: =RIGHT(A80,1) -> 9 | G80: =H80 & IF(I80<>"", "_" & I80, "_") & IF(J80<>"", "_" & J80, "_") & IF(B80<>"", "_" & B80, "") -> Frahm_etal_1984 | H80: =SUBSTITUTE(SUBSTITUTE(_xlfn.TEXTBEFORE(A80,","), "-", ""), " ", "") -> Frahm | I80: =_xlfn.LET( _xlpm.authors,_xlfn.TEXTBEFORE(A80," ("&J80&")"), _xlpm.hasAmp,ISNUMBER(SEARCH("&",_xlpm.authors)), _xlpm.commasBeforeAmp,IF(_xlpm.hasAmp,LEN(_xlfn.TEXTBEFORE(_xlpm.authors,"&"))-LEN(SUBSTITUTE(_xlfn.TEXTBEFORE(_xlpm.authors,"&"),",","")),0), IF(NOT(_xlpm.hasAmp),"",IF(_xlpm.commasBeforeAmp>2,"etal",TRIM(_xlfn.TEXTBEFORE(_xlfn.TEXTAFTER(_xlpm.authors,"& "),",")))) ) -> etal | J80: =_xlfn.TEXTBEFORE(_xlfn.TEXTAFTER(A80, "("), ")") -> 1984 | K80: =_xlfn.LET( _xlpm.doi,IF(D80<>"",D80,_xlfn.TEXTAFTER(A80,"https://doi.org/")), SUBSTITUTE( SUBSTITUTE( SUBSTITUTE( SUBSTITUTE( _xlpm.doi, "/","%2F"), ":","%3A"), "<","%3C"), ">","%3E") ) -> PMID%3A6501869 | L80: =TRIM(_xlfn.TEXTJOIN("_",FALSE(),G80,(SUBSTITUTE(SUBSTITUTE(E80," ",""), "_", "")))) -> Frahm_etal_1984_Table1 | M80: =K80 & "_" & SUBSTITUTE(SUBSTITUTE(SUBSTITUTE(E80,CHAR(160),"")," ",""),"_","") -> PMID%3A6501869_Table1 | N80: {=IFERROR(INDEX(AUTO_Public_TSV_FileList!$A$1:$A$1000,MATCH(TRUE(),EXACT(M80,IFERROR(_xlfn.TEXTBEFORE(AUTO_Public_TSV_FileList!$A$1:$A$1000,".tsv"),"")),0)),"notfound")} -> PMID%3A6501869_Table1.tsv | O80: Table 1. Volumes of area striata and some of its laminar components (in mm3). | W80: table | X80: NO - not digitized | Z80: Stephan | AA80: Stephan | AG80: histological sections | AH80: volumetry | AJ80: area striata volume | AK80: Insectivora, Scandentia & Primates | AL80: primary | AM80: primary | AN80: volume
A81: Frahm, H. D., Stephan, H., & Stephan, M. (1982). Comparison of brain structure volumes in Insectivora and Primates. I. Neocortex. J Hirnforsch, 23(4), 375-389. https://www.ncbi.nlm.nih.gov/pubmed/7161477 | D81: PMID:7161477 | E81: Table 2 | F81: =RIGHT(A81,1) -> 7 | G81: =H81 & IF(I81<>"", "_" & I81, "_") & IF(J81<>"", "_" & J81, "_") & IF(B81<>"", "_" & B81, "") -> Frahm_etal_1982 | H81: =SUBSTITUTE(SUBSTITUTE(_xlfn.TEXTBEFORE(A81,","), "-", ""), " ", "") -> Frahm | I81: =_xlfn.LET( _xlpm.authors,_xlfn.TEXTBEFORE(A81," ("&J81&")"), _xlpm.hasAmp,ISNUMBER(SEARCH("&",_xlpm.authors)), _xlpm.commasBeforeAmp,IF(_xlpm.hasAmp,LEN(_xlfn.TEXTBEFORE(_xlpm.authors,"&"))-LEN(SUBSTITUTE(_xlfn.TEXTBEFORE(_xlpm.authors,"&"),",","")),0), IF(NOT(_xlpm.hasAmp),"",IF(_xlpm.commasBeforeAmp>2,"etal",TRIM(_xlfn.TEXTBEFORE(_xlfn.TEXTAFTER(_xlpm.authors,"& "),",")))) ) -> etal | J81: =_xlfn.TEXTBEFORE(_xlfn.TEXTAFTER(A81, "("), ")") -> 1982 | K81: =_xlfn.LET( _xlpm.doi,IF(D81<>"",D81,_xlfn.TEXTAFTER(A81,"https://doi.org/")), SUBSTITUTE( SUBSTITUTE( SUBSTITUTE( SUBSTITUTE( _xlpm.doi, "/","%2F"), ":","%3A"), "<","%3C"), ">","%3E") ) -> PMID%3A7161477 | L81: =TRIM(_xlfn.TEXTJOIN("_",FALSE(),G81,(SUBSTITUTE(SUBSTITUTE(E81," ",""), "_", "")))) -> Frahm_etal_1982_Table2 | M81: =K81 & "_" & SUBSTITUTE(SUBSTITUTE(SUBSTITUTE(E81,CHAR(160),"")," ",""),"_","") -> PMID%3A7161477_Table2 | N81: {=IFERROR(INDEX(AUTO_Public_TSV_FileList!$A$1:$A$1000,MATCH(TRUE(),EXACT(M81,IFERROR(_xlfn.TEXTBEFORE(AUTO_Public_TSV_FileList!$A$1:$A$1000,".tsv"),"")),0)),"notfound")} -> PMID%3A7161477_Table2.tsv | O81: Table 2. Volumes and percentages of total neocortex, white and grey matters, and laminae 1 and 2-6 in Insectivora, Scandentia, and Primates. | W81: table | X81: NO - not digitized | Z81: Stephan | AA81: Stephan | AG81: histological sections | AH81: volumetry | AJ81: neocortex volume | AK81: Insectivora, Scandentia & Primates | AL81: primary | AM81: primary | AN81: volume
A82: Frahm, H. D., Zilles, K., Schleicher, A., & Stephan, H. (1998). The size of the middle temporal area in primates. J Hirnforsch, 39(1), 45-54. https://www.ncbi.nlm.nih.gov/pubmed/9672110 | D82: PMID:9672110 | E82: Table 1 | F82: =RIGHT(A82,1) -> 0 | G82: =H82 & IF(I82<>"", "_" & I82, "_") & IF(J82<>"", "_" & J82, "_") & IF(B82<>"", "_" & B82, "") -> Frahm_etal_1998 | H82: =SUBSTITUTE(SUBSTITUTE(_xlfn.TEXTBEFORE(A82,","), "-", ""), " ", "") -> Frahm | I82: =_xlfn.LET( _xlpm.authors,_xlfn.TEXTBEFORE(A82," ("&J82&")"), _xlpm.hasAmp,ISNUMBER(SEARCH("&",_xlpm.authors)), _xlpm.commasBeforeAmp,IF(_xlpm.hasAmp,LEN(_xlfn.TEXTBEFORE(_xlpm.authors,"&"))-LEN(SUBSTITUTE(_xlfn.TEXTBEFORE(_xlpm.authors,"&"),",","")),0), IF(NOT(_xlpm.hasAmp),"",IF(_xlpm.commasBeforeAmp>2,"etal",TRIM(_xlfn.TEXTBEFORE(_xlfn.TEXTAFTER(_xlpm.authors,"& "),",")))) ) -> etal | J82: =_xlfn.TEXTBEFORE(_xlfn.TEXTAFTER(A82, "("), ")") -> 1998 | K82: =_xlfn.LET( _xlpm.doi,IF(D82<>"",D82,_xlfn.TEXTAFTER(A82,"https://doi.org/")), SUBSTITUTE( SUBSTITUTE( SUBSTITUTE( SUBSTITUTE( _xlpm.doi, "/","%2F"), ":","%3A"), "<","%3C"), ">","%3E") ) -> PMID%3A9672110 | L82: =TRIM(_xlfn.TEXTJOIN("_",FALSE(),G82,(SUBSTITUTE(SUBSTITUTE(E82," ",""), "_", "")))) -> Frahm_etal_1998_Table1 | M82: =K82 & "_" & SUBSTITUTE(SUBSTITUTE(SUBSTITUTE(E82,CHAR(160),"")," ",""),"_","") -> PMID%3A9672110_Table1 | N82: {=IFERROR(INDEX(AUTO_Public_TSV_FileList!$A$1:$A$1000,MATCH(TRUE(),EXACT(M82,IFERROR(_xlfn.TEXTBEFORE(AUTO_Public_TSV_FileList!$A$1:$A$1000,".tsv"),"")),0)),"notfound")} -> PMID%3A9672110_Table1.tsv | O82: Size of the middle temporal area in primates (Table 1) | W82: table | X82: NO - not digitized | Z82: Stephan | AA82: Stephan | AG82: histological sections | AH82: volumetry | AJ82: middle temporal area (MT) size | AK82: Insectivora, Scandentia & Primates | AL82: primary | AM82: primary | AN82: volume
A83: Fritsches, K. A., Brill, R. W., & Warrant, E. J. (2005). Warm eyes provide superior vision in swordfishes. Curr Biol, 15(1), 55-58. https://doi.org/10.1016/j.cub.2004.12.064 | E83: Fig 2 | F83: =RIGHT(A83,1) -> 4 | G83: =H83 & IF(I83<>"", "_" & I83, "_") & IF(J83<>"", "_" & J83, "_") & IF(B83<>"", "_" & B83, "") -> Fritsches_etal_2005 | H83: =SUBSTITUTE(SUBSTITUTE(_xlfn.TEXTBEFORE(A83,","), "-", ""), " ", "") -> Fritsches | I83: =_xlfn.LET( _xlpm.authors,_xlfn.TEXTBEFORE(A83," ("&J83&")"), _xlpm.hasAmp,ISNUMBER(SEARCH("&",_xlpm.authors)), _xlpm.commasBeforeAmp,IF(_xlpm.hasAmp,LEN(_xlfn.TEXTBEFORE(_xlpm.authors,"&"))-LEN(SUBSTITUTE(_xlfn.TEXTBEFORE(_xlpm.authors,"&"),",","")),0), IF(NOT(_xlpm.hasAmp),"",IF(_xlpm.commasBeforeAmp>2,"etal",TRIM(_xlfn.TEXTBEFORE(_xlfn.TEXTAFTER(_xlpm.authors,"& "),",")))) ) -> etal | J83: =_xlfn.TEXTBEFORE(_xlfn.TEXTAFTER(A83, "("), ")") -> 2005 | K83: =_xlfn.LET( _xlpm.doi,IF(D83<>"",D83,_xlfn.TEXTAFTER(A83,"https://doi.org/")), SUBSTITUTE( SUBSTITUTE( SUBSTITUTE( SUBSTITUTE( _xlpm.doi, "/","%2F"), ":","%3A"), "<","%3C"), ">","%3E") ) -> 10.1016%2Fj.cub.2004.12.064 | L83: =TRIM(_xlfn.TEXTJOIN("_",FALSE(),G83,(SUBSTITUTE(SUBSTITUTE(E83," ",""), "_", "")))) -> Fritsches_etal_2005_Fig2 | M83: =K83 & "_" & SUBSTITUTE(SUBSTITUTE(SUBSTITUTE(E83,CHAR(160),"")," ",""),"_","") -> 10.1016%2Fj.cub.2004.12.064_Fig2 | N83: {=IFERROR(INDEX(AUTO_Public_TSV_FileList!$A$1:$A$1000,MATCH(TRUE(),EXACT(M83,IFERROR(_xlfn.TEXTBEFORE(AUTO_Public_TSV_FileList!$A$1:$A$1000,".tsv"),"")),0)),"notfound")} -> 10.1016%2Fj.cub.2004.12.064_Fig2.tsv
A84: Fu, Y., Rusznak, Z., Herculano-Houzel, S., Watson, C., & Paxinos, G. (2013). Cellular composition characterizing postnatal development and maturation of the mouse brain and spinal cord. Brain Struct Funct, 218(5), 1337-1354. https://doi.org/10.1007/s00429-012-0462-x | E84: Table 1 | F84: =RIGHT(A84,1) -> x | G84: =H84 & IF(I84<>"", "_" & I84, "_") & IF(J84<>"", "_" & J84, "_") & IF(B84<>"", "_" & B84, "") -> Fu_etal_2013 | H84: =SUBSTITUTE(SUBSTITUTE(_xlfn.TEXTBEFORE(A84,","), "-", ""), " ", "") -> Fu | I84: =_xlfn.LET( _xlpm.authors,_xlfn.TEXTBEFORE(A84," ("&J84&")"), _xlpm.hasAmp,ISNUMBER(SEARCH("&",_xlpm.authors)), _xlpm.commasBeforeAmp,IF(_xlpm.hasAmp,LEN(_xlfn.TEXTBEFORE(_xlpm.authors,"&"))-LEN(SUBSTITUTE(_xlfn.TEXTBEFORE(_xlpm.authors,"&"),",","")),0), IF(NOT(_xlpm.hasAmp),"",IF(_xlpm.commasBeforeAmp>2,"etal",TRIM(_xlfn.TEXTBEFORE(_xlfn.TEXTAFTER(_xlpm.authors,"& "),",")))) ) -> etal | J84: =_xlfn.TEXTBEFORE(_xlfn.TEXTAFTER(A84, "("), ")") -> 2013 | K84: =_xlfn.LET( _xlpm.doi,IF(D84<>"",D84,_xlfn.TEXTAFTER(A84,"https://doi.org/")), SUBSTITUTE( SUBSTITUTE( SUBSTITUTE( SUBSTITUTE( _xlpm.doi, "/","%2F"), ":","%3A"), "<","%3C"), ">","%3E") ) -> 10.1007%2Fs00429-012-0462-x | L84: =TRIM(_xlfn.TEXTJOIN("_",FALSE(),G84,(SUBSTITUTE(SUBSTITUTE(E84," ",""), "_", "")))) -> Fu_etal_2013_Table1 | M84: =K84 & "_" & SUBSTITUTE(SUBSTITUTE(SUBSTITUTE(E84,CHAR(160),"")," ",""),"_","") -> 10.1007%2Fs00429-012-0462-x_Table1 | N84: {=IFERROR(INDEX(AUTO_Public_TSV_FileList!$A$1:$A$1000,MATCH(TRUE(),EXACT(M84,IFERROR(_xlfn.TEXTBEFORE(AUTO_Public_TSV_FileList!$A$1:$A$1000,".tsv"),"")),0)),"notfound")} -> notfound | O84: Table 1 Age-dependent changes affecting the mouse central nervous system and pituitary | Q84: NOT STARTED | AB84: number spinal cord neurons | AK84: review | AL84: mouse (developmental) | AM84: review | AN84: review
A85: Gabi, M., Neves, K., Masseron, C., Ribeiro, P. F., Ventura-Antunes, L., Torres, L., Mota, B., Kaas, J. H., & Herculano-Houzel, S. (2016). No relative expansion of the number of prefrontal neurons in primate and human evolution. Proc Natl Acad Sci U S A, 113(34), 9617-9622. https://doi.org/10.1073/pnas.1610178113 | E85: Table S1 | F85: =RIGHT(A85,1) -> 3 | G85: =H85 & IF(I85<>"", "_" & I85, "_") & IF(J85<>"", "_" & J85, "_") & IF(B85<>"", "_" & B85, "") -> Gabi_etal_2016 | H85: =SUBSTITUTE(SUBSTITUTE(_xlfn.TEXTBEFORE(A85,","), "-", ""), " ", "") -> Gabi | I85: =_xlfn.LET( _xlpm.authors,_xlfn.TEXTBEFORE(A85," ("&J85&")"), _xlpm.hasAmp,ISNUMBER(SEARCH("&",_xlpm.authors)), _xlpm.commasBeforeAmp,IF(_xlpm.hasAmp,LEN(_xlfn.TEXTBEFORE(_xlpm.authors,"&"))-LEN(SUBSTITUTE(_xlfn.TEXTBEFORE(_xlpm.authors,"&"),",","")),0), IF(NOT(_xlpm.hasAmp),"",IF(_xlpm.commasBeforeAmp>2,"etal",TRIM(_xlfn.TEXTBEFORE(_xlfn.TEXTAFTER(_xlpm.authors,"& "),",")))) ) -> etal | J85: =_xlfn.TEXTBEFORE(_xlfn.TEXTAFTER(A85, "("), ")") -> 2016 | K85: =_xlfn.LET( _xlpm.doi,IF(D85<>"",D85,_xlfn.TEXTAFTER(A85,"https://doi.org/")), SUBSTITUTE( SUBSTITUTE( SUBSTITUTE( SUBSTITUTE( _xlpm.doi, "/","%2F"), ":","%3A"), "<","%3C"), ">","%3E") ) -> 10.1073%2Fpnas.1610178113 | L85: =TRIM(_xlfn.TEXTJOIN("_",FALSE(),G85,(SUBSTITUTE(SUBSTITUTE(E85," ",""), "_", "")))) -> Gabi_etal_2016_TableS1 | M85: =K85 & "_" & SUBSTITUTE(SUBSTITUTE(SUBSTITUTE(E85,CHAR(160),"")," ",""),"_","") -> 10.1073%2Fpnas.1610178113_TableS1 | N85: {=IFERROR(INDEX(AUTO_Public_TSV_FileList!$A$1:$A$1000,MATCH(TRUE(),EXACT(M85,IFERROR(_xlfn.TEXTBEFORE(AUTO_Public_TSV_FileList!$A$1:$A$1000,".tsv"),"")),0)),"notfound")} -> 10.1073%2Fpnas.1610178113_TableS1.tsv | Q85: FINISHED | S85: Gabi_etal_2016_TableS1_snapshot.xlsx | U85: Gabi_etal_2016_TableS1.csv | V85: pdf (SI Appendix) | W85: table | Z85: HH | AC85: 8 primates incl. human, from the SI Appendix (pnas.201610178si.pdf p.2) added 2026-08-06. The ARTICLE has no main-text table - Item number was corrected from 'Table 1' to 'Table S1'. EVERY VALUE IS A PERCENTAGE, a share of a whole-cortex total, never a count: the absolute prefrontal values are not published (Fig. 6 plots them, no table gives them), so the share is the only published form and HOWTO sec 7 does not bite. Multiply pct.neurons/100 by a species' whole-cortex neuron count to get an absolute - a derivation for the merge to make explicitly. REGIONAL: never pool with CerebralCortex_N.n. Mean %neurons = 8.17 (paper: ~8%) and human 7.8 ranks 3rd of 8, reproducing the paper's finding of no relative prefrontal expansion. The HUMAN hemisphere is the SAME SPECIMEN as Ribeiro_etal_2013 - needs a specimen_crosswalk entry before both contribute a human value. Table S2 (regression slopes) is not registered and not built. | AJ85: prefrontal share of cortical gray/white volume, WM non-neuronal cells and cortical neurons | AK85: Primates (incl. human) | AL85: primary | AM85: primary | AN85: regional share of cortex (pct, not counts)
A86: Garwicz, M., Christensson, M., & Psouni, E. (2009). A unifying model for timing of walking onset in humans and other mammals. Proc Natl Acad Sci U S A, 106(51), 21889-21893. https://doi.org/10.1073/pnas.0905777106 | E86: Table S1 | F86: =RIGHT(A86,1) -> 6 | G86: =H86 & IF(I86<>"", "_" & I86, "_") & IF(J86<>"", "_" & J86, "_") & IF(B86<>"", "_" & B86, "") -> Garwicz_etal_2009 | H86: =SUBSTITUTE(SUBSTITUTE(_xlfn.TEXTBEFORE(A86,","), "-", ""), " ", "") -> Garwicz | I86: =_xlfn.LET( _xlpm.authors,_xlfn.TEXTBEFORE(A86," ("&J86&")"), _xlpm.hasAmp,ISNUMBER(SEARCH("&",_xlpm.authors)), _xlpm.commasBeforeAmp,IF(_xlpm.hasAmp,LEN(_xlfn.TEXTBEFORE(_xlpm.authors,"&"))-LEN(SUBSTITUTE(_xlfn.TEXTBEFORE(_xlpm.authors,"&"),",","")),0), IF(NOT(_xlpm.hasAmp),"",IF(_xlpm.commasBeforeAmp>2,"etal",TRIM(_xlfn.TEXTBEFORE(_xlfn.TEXTAFTER(_xlpm.authors,"& "),",")))) ) -> etal | J86: =_xlfn.TEXTBEFORE(_xlfn.TEXTAFTER(A86, "("), ")") -> 2009 | K86: =_xlfn.LET( _xlpm.doi,IF(D86<>"",D86,_xlfn.TEXTAFTER(A86,"https://doi.org/")), SUBSTITUTE( SUBSTITUTE( SUBSTITUTE( SUBSTITUTE( _xlpm.doi, "/","%2F"), ":","%3A"), "<","%3C"), ">","%3E") ) -> 10.1073%2Fpnas.0905777106 | L86: =TRIM(_xlfn.TEXTJOIN("_",FALSE(),G86,(SUBSTITUTE(SUBSTITUTE(E86," ",""), "_", "")))) -> Garwicz_etal_2009_TableS1 | M86: =K86 & "_" & SUBSTITUTE(SUBSTITUTE(SUBSTITUTE(E86,CHAR(160),"")," ",""),"_","") -> 10.1073%2Fpnas.0905777106_TableS1 | N86: {=IFERROR(INDEX(AUTO_Public_TSV_FileList!$A$1:$A$1000,MATCH(TRUE(),EXACT(M86,IFERROR(_xlfn.TEXTBEFORE(AUTO_Public_TSV_FileList!$A$1:$A$1000,".tsv"),"")),0)),"notfound")} -> 10.1073%2Fpnas.0905777106_TableS1.tsv | O86: Table S1. Taxonomy of species included in the sample | V86: pdf | X86: YES - download link | Y86: https://www.pnas.org/doi/suppl/10.1073/pnas.0905777106/suppl_file/0905777106si.pdf | AK86: Mammals | AM86: secondary | AN86: behavioural/developmental (motor onset)
A87: Garwicz, M., Christensson, M., & Psouni, E. (2009). A unifying model for timing of walking onset in humans and other mammals. Proc Natl Acad Sci U S A, 106(51), 21889-21893. https://doi.org/10.1073/pnas.0905777106 | E87: Table S2 | F87: =RIGHT(A87,1) -> 6 | G87: =H87 & IF(I87<>"", "_" & I87, "_") & IF(J87<>"", "_" & J87, "_") & IF(B87<>"", "_" & B87, "") -> Garwicz_etal_2009 | H87: =SUBSTITUTE(SUBSTITUTE(_xlfn.TEXTBEFORE(A87,","), "-", ""), " ", "") -> Garwicz | I87: =_xlfn.LET( _xlpm.authors,_xlfn.TEXTBEFORE(A87," ("&J87&")"), _xlpm.hasAmp,ISNUMBER(SEARCH("&",_xlpm.authors)), _xlpm.commasBeforeAmp,IF(_xlpm.hasAmp,LEN(_xlfn.TEXTBEFORE(_xlpm.authors,"&"))-LEN(SUBSTITUTE(_xlfn.TEXTBEFORE(_xlpm.authors,"&"),",","")),0), IF(NOT(_xlpm.hasAmp),"",IF(_xlpm.commasBeforeAmp>2,"etal",TRIM(_xlfn.TEXTBEFORE(_xlfn.TEXTAFTER(_xlpm.authors,"& "),",")))) ) -> etal | J87: =_xlfn.TEXTBEFORE(_xlfn.TEXTAFTER(A87, "("), ")") -> 2009 | K87: =_xlfn.LET( _xlpm.doi,IF(D87<>"",D87,_xlfn.TEXTAFTER(A87,"https://doi.org/")), SUBSTITUTE( SUBSTITUTE( SUBSTITUTE( SUBSTITUTE( _xlpm.doi, "/","%2F"), ":","%3A"), "<","%3C"), ">","%3E") ) -> 10.1073%2Fpnas.0905777106 | L87: =TRIM(_xlfn.TEXTJOIN("_",FALSE(),G87,(SUBSTITUTE(SUBSTITUTE(E87," ",""), "_", "")))) -> Garwicz_etal_2009_TableS2 | M87: =K87 & "_" & SUBSTITUTE(SUBSTITUTE(SUBSTITUTE(E87,CHAR(160),"")," ",""),"_","") -> 10.1073%2Fpnas.0905777106_TableS2 | N87: {=IFERROR(INDEX(AUTO_Public_TSV_FileList!$A$1:$A$1000,MATCH(TRUE(),EXACT(M87,IFERROR(_xlfn.TEXTBEFORE(AUTO_Public_TSV_FileList!$A$1:$A$1000,".tsv"),"")),0)),"notfound")} -> notfound | O87: Table S2. Database for multiple-regression model | V87: pdf | X87: YES - download link | Y87: https://www.pnas.org/doi/suppl/10.1073/pnas.0905777106/suppl_file/0905777106si.pdf | AK87: Mammals | AM87: secondary | AN87: behavioural/developmental (motor onset)
A88: Genoud, M., Isler, K., & Martin, R. D. (2018). Comparative analyses of basal rate of metabolism in mammals: data selection does matter. Biol Rev Camb Philos Soc, 93(1), 404-438. https://doi.org/10.1111/brv.12350 | E88: Table S2 | F88: =RIGHT(A88,1) -> 0 | G88: =H88 & IF(I88<>"", "_" & I88, "_") & IF(J88<>"", "_" & J88, "_") & IF(B88<>"", "_" & B88, "") -> Genoud_etal_2018 | H88: =SUBSTITUTE(SUBSTITUTE(_xlfn.TEXTBEFORE(A88,","), "-", ""), " ", "") -> Genoud | I88: =_xlfn.LET( _xlpm.authors,_xlfn.TEXTBEFORE(A88," ("&J88&")"), _xlpm.hasAmp,ISNUMBER(SEARCH("&",_xlpm.authors)), _xlpm.commasBeforeAmp,IF(_xlpm.hasAmp,LEN(_xlfn.TEXTBEFORE(_xlpm.authors,"&"))-LEN(SUBSTITUTE(_xlfn.TEXTBEFORE(_xlpm.authors,"&"),",","")),0), IF(NOT(_xlpm.hasAmp),"",IF(_xlpm.commasBeforeAmp>2,"etal",TRIM(_xlfn.TEXTBEFORE(_xlfn.TEXTAFTER(_xlpm.authors,"& "),",")))) ) -> etal | J88: =_xlfn.TEXTBEFORE(_xlfn.TEXTAFTER(A88, "("), ")") -> 2018 | K88: =_xlfn.LET( _xlpm.doi,IF(D88<>"",D88,_xlfn.TEXTAFTER(A88,"https://doi.org/")), SUBSTITUTE( SUBSTITUTE( SUBSTITUTE( SUBSTITUTE( _xlpm.doi, "/","%2F"), ":","%3A"), "<","%3C"), ">","%3E") ) -> 10.1111%2Fbrv.12350 | L88: =TRIM(_xlfn.TEXTJOIN("_",FALSE(),G88,(SUBSTITUTE(SUBSTITUTE(E88," ",""), "_", "")))) -> Genoud_etal_2018_TableS2 | M88: =K88 & "_" & SUBSTITUTE(SUBSTITUTE(SUBSTITUTE(E88,CHAR(160),"")," ",""),"_","") -> 10.1111%2Fbrv.12350_TableS2 | N88: {=IFERROR(INDEX(AUTO_Public_TSV_FileList!$A$1:$A$1000,MATCH(TRUE(),EXACT(M88,IFERROR(_xlfn.TEXTBEFORE(AUTO_Public_TSV_FileList!$A$1:$A$1000,".tsv"),"")),0)),"notfound")} -> 10.1111%2Fbrv.12350_TableS2.tsv | O88: Table S2. Basal metabolic rate (BMR) database. | Q88: NOT STARTED | AB88: BMR | AK88: review | AM88: secondary | AN88: review
A89: Granatosky, M. C. (2018). A Review of locomotor diversity in mammals with analyses exploring the influence of substrate use, body mass and intermembral index in primates. Journal of Zoology, 306(4), 207-216. https://doi.org/10.1111/jzo.12608 | E89: Table S1 | F89: =RIGHT(A89,1) -> 8 | G89: =H89 & IF(I89<>"", "_" & I89, "_") & IF(J89<>"", "_" & J89, "_") & IF(B89<>"", "_" & B89, "") -> Granatosky__2018 | H89: =SUBSTITUTE(SUBSTITUTE(_xlfn.TEXTBEFORE(A89,","), "-", ""), " ", "") -> Granatosky | I89: =_xlfn.LET( _xlpm.authors,_xlfn.TEXTBEFORE(A89," ("&J89&")"), _xlpm.hasAmp,ISNUMBER(SEARCH("&",_xlpm.authors)), _xlpm.commasBeforeAmp,IF(_xlpm.hasAmp,LEN(_xlfn.TEXTBEFORE(_xlpm.authors,"&"))-LEN(SUBSTITUTE(_xlfn.TEXTBEFORE(_xlpm.authors,"&"),",","")),0), IF(NOT(_xlpm.hasAmp),"",IF(_xlpm.commasBeforeAmp>2,"etal",TRIM(_xlfn.TEXTBEFORE(_xlfn.TEXTAFTER(_xlpm.authors,"& "),",")))) ) | J89: =_xlfn.TEXTBEFORE(_xlfn.TEXTAFTER(A89, "("), ")") -> 2018 | K89: =_xlfn.LET( _xlpm.doi,IF(D89<>"",D89,_xlfn.TEXTAFTER(A89,"https://doi.org/")), SUBSTITUTE( SUBSTITUTE( SUBSTITUTE( SUBSTITUTE( _xlpm.doi, "/","%2F"), ":","%3A"), "<","%3C"), ">","%3E") ) -> 10.1111%2Fjzo.12608 | L89: =TRIM(_xlfn.TEXTJOIN("_",FALSE(),G89,(SUBSTITUTE(SUBSTITUTE(E89," ",""), "_", "")))) -> Granatosky__2018_TableS1 | M89: =K89 & "_" & SUBSTITUTE(SUBSTITUTE(SUBSTITUTE(E89,CHAR(160),"")," ",""),"_","") -> 10.1111%2Fjzo.12608_TableS1 | N89: {=IFERROR(INDEX(AUTO_Public_TSV_FileList!$A$1:$A$1000,MATCH(TRUE(),EXACT(M89,IFERROR(_xlfn.TEXTBEFORE(AUTO_Public_TSV_FileList!$A$1:$A$1000,".tsv"),"")),0)),"notfound")} -> 10.1111%2Fjzo.12608_TableS1.tsv | O89: Table S1. Locomotor profiles for the species used in this study. | Q89: NOT STARTED | Y89: https://karger.com/bbe/article-pdf/86/3-4/145/2264694/000437413.pdf | AK89: Mammals | AM89: secondary | AN89: behavioural (locomotion)
A90: Haarlem, C. S., Hynes, C., Jackson, A. L., Mitchell, K. J., O'Connell, R. G., & Healy, K. (2026). Pace of ecology drives the tempo of visual perception across the animal kingdom. Nat Ecol Evol. https://doi.org/10.1038/s41559-026-02994-7 | E90: CFF dataset | F90: =RIGHT(A90,1) -> 7 | G90: =H90 & IF(I90<>"", "_" & I90, "_") & IF(J90<>"", "_" & J90, "_") & IF(B90<>"", "_" & B90, "") -> Haarlem_etal_2026 | H90: =SUBSTITUTE(SUBSTITUTE(_xlfn.TEXTBEFORE(A90,","), "-", ""), " ", "") -> Haarlem | I90: =_xlfn.LET( _xlpm.authors,_xlfn.TEXTBEFORE(A90," ("&J90&")"), _xlpm.hasAmp,ISNUMBER(SEARCH("&",_xlpm.authors)), _xlpm.commasBeforeAmp,IF(_xlpm.hasAmp,LEN(_xlfn.TEXTBEFORE(_xlpm.authors,"&"))-LEN(SUBSTITUTE(_xlfn.TEXTBEFORE(_xlpm.authors,"&"),",","")),0), IF(NOT(_xlpm.hasAmp),"",IF(_xlpm.commasBeforeAmp>2,"etal",TRIM(_xlfn.TEXTBEFORE(_xlfn.TEXTAFTER(_xlpm.authors,"& "),",")))) ) -> etal | J90: =_xlfn.TEXTBEFORE(_xlfn.TEXTAFTER(A90, "("), ")") -> 2026 | K90: =_xlfn.LET( _xlpm.doi,IF(D90<>"",D90,_xlfn.TEXTAFTER(A90,"https://doi.org/")), SUBSTITUTE( SUBSTITUTE( SUBSTITUTE( SUBSTITUTE( _xlpm.doi, "/","%2F"), ":","%3A"), "<","%3C"), ">","%3E") ) -> 10.1038%2Fs41559-026-02994-7 | L90: =TRIM(_xlfn.TEXTJOIN("_",FALSE(),G90,(SUBSTITUTE(SUBSTITUTE(E90," ",""), "_", "")))) -> Haarlem_etal_2026_CFFdataset | M90: =K90 & "_" & SUBSTITUTE(SUBSTITUTE(SUBSTITUTE(E90,CHAR(160),"")," ",""),"_","") -> 10.1038%2Fs41559-026-02994-7_CFFdataset | N90: {=IFERROR(INDEX(AUTO_Public_TSV_FileList!$A$1:$A$1000,MATCH(TRUE(),EXACT(M90,IFERROR(_xlfn.TEXTBEFORE(AUTO_Public_TSV_FileList!$A$1:$A$1000,".tsv"),"")),0)),"notfound")} -> notfound | O90: CFF dataset | Y90: https://karger.com/bbe/article-pdf/86/3-4/145/2264694/000437413.pdf | AK90: review | AM90: review | AN90: review
A91: Hakeem, A. Y., Hof, P. R., Sherwood, C. C., Switzer, R. C., III, Rasmussen, L. E. L., & Allman, J. M. (2005). Brain of the African elephant (Loxodonta africana): Neuroanatomy from magnetic resonance images. The Anatomical Record Part A, 287A, 1117–1127. https://doi.org/10.1002/ar.a.20255 | D91: 10.1002/ar.a.20255 | E91: Table 2 | F91: =RIGHT(A91,1) -> 5 | G91: =H91 & IF(I91<>"", "_" & I91, "_") & IF(J91<>"", "_" & J91, "_") & IF(B91<>"", "_" & B91, "") -> Hakeem_etal_2005 | H91: =SUBSTITUTE(SUBSTITUTE(_xlfn.TEXTBEFORE(A91,","), "-", ""), " ", "") -> Hakeem | I91: =_xlfn.LET(_xlpm.authors,_xlfn.TEXTBEFORE(A91," ("&J91&")"),_xlpm.hasAmp,ISNUMBER(SEARCH("&",_xlpm.authors)),_xlpm.commasBeforeAmp,IF(_xlpm.hasAmp,LEN(_xlfn.TEXTBEFORE(_xlpm.authors,"&"))-LEN(SUBSTITUTE(_xlfn.TEXTBEFORE(_xlpm.authors,"&"),",","")),0),IF(NOT(_xlpm.hasAmp),"",IF(_xlpm.commasBeforeAmp>2,"etal",TRIM(_xlfn.TEXTBEFORE(_xlfn.TEXTAFTER(_xlpm.authors,"& "),","))))) -> etal | J91: =_xlfn.TEXTBEFORE(_xlfn.TEXTAFTER(A91, "("), ")") -> 2005 | K91: =_xlfn.LET(_xlpm.doi,IF(D91<>"",D91,_xlfn.TEXTAFTER(A91,"https://doi.org/")),SUBSTITUTE(SUBSTITUTE(SUBSTITUTE(SUBSTITUTE(_xlpm.doi,"/","%2F"),":","%3A"),"<","%3C"),">","%3E")) -> 10.1002%2Far.a.20255 | L91: =TRIM(_xlfn.TEXTJOIN("_",FALSE(),G91,(SUBSTITUTE(SUBSTITUTE(E91," ",""), "_", "")))) -> Hakeem_etal_2005_Table2 | M91: =K91 & "_" & SUBSTITUTE(SUBSTITUTE(SUBSTITUTE(E91,CHAR(160),"")," ",""),"_","") -> 10.1002%2Far.a.20255_Table2 | N91: =IFERROR(INDEX(AUTO_Public_TSV_FileList!$A$1:$A$1000,MATCH(TRUE(),EXACT(M91,IFERROR(_xlfn.TEXTBEFORE(AUTO_Public_TSV_FileList!$A$1:$A$1000,".tsv"),"")),0)),"notfound") -> notfound | O91: Elephant brain volume measurements | P91: Single adult female African elephant with whole brain and neocortical/cerebellar gray and white matter volumes. Whole brain and broad regional totals are compatible only after ontology aggregation decisions. | Q91: candidate | U91: No – table is embedded in PDF; extraction/verification required | V91: published literature | W91: table | X91: Hakeem-2005-Brain of the African.pdf | Y91: https://doi.org/10.1002/ar.a.20255 | Z91: comparative brain volumes | AA91: Stephan-compatible brain structure volumes | AB91: Whole brain; neocortical gray matter; neocortical white matter; cerebellar gray matter; cerebellar white matter | AC91: Single adult female African elephant with whole brain and neocortical/cerebellar gray and white matter volumes. Whole brain and broad regional totals are compatible only after ontology aggregation decisions. | AD91: Source paper and target table identified | AE91: Verify taxonomy, specimen metadata, units, and structure ontology before merge | AG91: individual specimen | AH91: Postmortem MRI; manual and semiautomated segmentation in Amira | AI91: comparative neuroanatomy | AJ91: Whole brain; neocortical gray matter; neocortical white matter; cerebellar gray matter; cerebellar white matter | AK91: Proboscidea | AL91: published literature | AM91: primary | AN91: volume (cm³) | AO91: candidate | AP91: Useful modern volumetric source, but subdivisions do not exactly match classic Stephan fields. | AQ91: Extract as a separate MRI source. Preserve gray/white matter components and create aggregated neocortex/cerebellum only with explicit formulas.
A92: Halley, A. C., & Krubitzer, L. (2019). Not all cortical expansions are the same: The coevolution of the neocortex and the dorsal thalamus in mammals. Curr Opin Neurobiol, 56, 78-86. https://doi.org/10.1016/j.conb.2018.12.003 | E92: Figure 1 | F92: =RIGHT(A92,1) -> 3 | G92: =H92 & IF(I92<>"", "_" & I92, "_") & IF(J92<>"", "_" & J92, "_") & IF(B92<>"", "_" & B92, "") -> Halley_Krubitzer_2019 | H92: =SUBSTITUTE(SUBSTITUTE(_xlfn.TEXTBEFORE(A92,","), "-", ""), " ", "") -> Halley | I92: =_xlfn.LET(_xlpm.authors,_xlfn.TEXTBEFORE(A92," ("&J92&")"),_xlpm.hasAmp,ISNUMBER(SEARCH("&",_xlpm.authors)),_xlpm.commasBeforeAmp,IF(_xlpm.hasAmp,LEN(_xlfn.TEXTBEFORE(_xlpm.authors,"&"))-LEN(SUBSTITUTE(_xlfn.TEXTBEFORE(_xlpm.authors,"&"),",","")),0),IF(NOT(_xlpm.hasAmp),"",IF(_xlpm.commasBeforeAmp>2,"etal",TRIM(_xlfn.TEXTBEFORE(_xlfn.TEXTAFTER(_xlpm.authors,"& "),","))))) -> Krubitzer | J92: =_xlfn.TEXTBEFORE(_xlfn.TEXTAFTER(A92, "("), ")") -> 2019 | K92: =_xlfn.LET(_xlpm.doi,IF(D92<>"",D92,_xlfn.TEXTAFTER(A92,"https://doi.org/")),SUBSTITUTE(SUBSTITUTE(SUBSTITUTE(SUBSTITUTE(_xlpm.doi,"/","%2F"),":","%3A"),"<","%3C"),">","%3E")) -> 10.1016%2Fj.conb.2018.12.003 | L92: =TRIM(_xlfn.TEXTJOIN("_",FALSE(),G92,(SUBSTITUTE(SUBSTITUTE(E92," ",""), "_", "")))) -> Halley_Krubitzer_2019_Figure1 | M92: =K92 & "_" & SUBSTITUTE(SUBSTITUTE(SUBSTITUTE(E92,CHAR(160),"")," ",""),"_","") -> 10.1016%2Fj.conb.2018.12.003_Figure1 | N92: =IFERROR(INDEX(AUTO_Public_TSV_FileList!$A$1:$A$1000,MATCH(TRUE(),EXACT(M92,IFERROR(_xlfn.TEXTBEFORE(AUTO_Public_TSV_FileList!$A$1:$A$1000,".tsv"),"")),0)),"notfound") -> notfound | O92: Figure 1. Primate neocorticalization relative to the dorsal thalamus | P92: Secondary 39-species thalamus-versus-neocortex synthesis. Most points trace to upstream sources already represented in the project; audit those sources before considering plot digitization. | Q92: PLANNED - SOURCE AUDIT | R92: EndNote | V92: review pdf | W92: figure | X92: https://doi.org/10.1016/j.conb.2018.12.003 | Y92: https://doi.org/10.1016/j.conb.2018.12.003 | Z92: Halley/Krubitzer | AB92: dorsal thalamus volume; neocortex volume; thalamus:neocortex ratio; clade-specific scaling | AC92: Figure 1 plots 39 species; the marmoset thalamus is explicitly estimated from New World monkey data. Treat as secondary/derived and do not merge as an independent measurement team. | AE92: secondary synthesis; source overlap; plot digitization; one explicit estimated value | AG92: 39-species literature synthesis | AH92: review synthesis; log-log comparative plot and phylogenetic regression | AI92: neocortex / dorsal thalamus scaling | AJ92: neocortex and thalamus volumes; derived ratio | AK92: Mammals | AL92: secondary | AM92: secondary | AN92: volume + derived ratio/regression
A93: Heffner, R. S., & Masterton, R. B. (1983). The role of the corticospinal tract in the evolution of human digital dexterity. Brain Behav Evol, 23(3-4), 165-183. https://doi.org/10.1159/000121494 | E93: Table I | F93: =RIGHT(A93,1) -> 4 | G93: =H93 & IF(I93<>"", "_" & I93, "_") & IF(J93<>"", "_" & J93, "_") & IF(B93<>"", "_" & B93, "") -> Heffner_Masterton_1983 | H93: =SUBSTITUTE(SUBSTITUTE(_xlfn.TEXTBEFORE(A93,","), "-", ""), " ", "") -> Heffner | I93: =_xlfn.LET( _xlpm.authors,_xlfn.TEXTBEFORE(A93," ("&J93&")"), _xlpm.hasAmp,ISNUMBER(SEARCH("&",_xlpm.authors)), _xlpm.commasBeforeAmp,IF(_xlpm.hasAmp,LEN(_xlfn.TEXTBEFORE(_xlpm.authors,"&"))-LEN(SUBSTITUTE(_xlfn.TEXTBEFORE(_xlpm.authors,"&"),",","")),0), IF(NOT(_xlpm.hasAmp),"",IF(_xlpm.commasBeforeAmp>2,"etal",TRIM(_xlfn.TEXTBEFORE(_xlfn.TEXTAFTER(_xlpm.authors,"& "),",")))) ) -> Masterton | J93: =_xlfn.TEXTBEFORE(_xlfn.TEXTAFTER(A93, "("), ")") -> 1983 | K93: =_xlfn.LET( _xlpm.doi,IF(D93<>"",D93,_xlfn.TEXTAFTER(A93,"https://doi.org/")), SUBSTITUTE( SUBSTITUTE( SUBSTITUTE( SUBSTITUTE( _xlpm.doi, "/","%2F"), ":","%3A"), "<","%3C"), ">","%3E") ) -> 10.1159%2F000121494 | L93: =TRIM(_xlfn.TEXTJOIN("_",FALSE(),G93,(SUBSTITUTE(SUBSTITUTE(E93," ",""), "_", "")))) -> Heffner_Masterton_1983_TableI | M93: =K93 & "_" & SUBSTITUTE(SUBSTITUTE(SUBSTITUTE(E93,CHAR(160),"")," ",""),"_","") -> 10.1159%2F000121494_TableI | N93: {=IFERROR(INDEX(AUTO_Public_TSV_FileList!$A$1:$A$1000,MATCH(TRUE(),EXACT(M93,IFERROR(_xlfn.TEXTBEFORE(AUTO_Public_TSV_FileList!$A$1:$A$1000,".tsv"),"")),0)),"notfound")} -> 10.1159%2F000121494_TableI.tsv | Q93: NOT STARTED | R93: NA | U93: =IF(T93="N", S93, "write file name") -> write file name | V93: pdf | W93: table | X93: NO - paywall | Y93: https://karger.com/bbe/article-pdf/86/3-4/145/2264694/000437413.pdf | AE93: compare to 1975 | AI93: mammals | AJ93: digital dexterity | AK93: Mammals | AM93: secondary | AN93: behavioural (digital dexterity)
A94: Heffner, R., & Masterton, B. (1975). Variation in form of the pyramidal tract and its relationship to digital dexterity. Brain Behav Evol, 12(3), 161-200. https://doi.org/10.1159/000124401 | E94: Table I | F94: =RIGHT(A94,1) -> 1 | G94: =H94 & IF(I94<>"", "_" & I94, "_") & IF(J94<>"", "_" & J94, "_") & IF(B94<>"", "_" & B94, "") -> Heffner_Masterton_1975 | H94: =SUBSTITUTE(SUBSTITUTE(_xlfn.TEXTBEFORE(A94,","), "-", ""), " ", "") -> Heffner | I94: =_xlfn.LET( _xlpm.authors,_xlfn.TEXTBEFORE(A94," ("&J94&")"), _xlpm.hasAmp,ISNUMBER(SEARCH("&",_xlpm.authors)), _xlpm.commasBeforeAmp,IF(_xlpm.hasAmp,LEN(_xlfn.TEXTBEFORE(_xlpm.authors,"&"))-LEN(SUBSTITUTE(_xlfn.TEXTBEFORE(_xlpm.authors,"&"),",","")),0), IF(NOT(_xlpm.hasAmp),"",IF(_xlpm.commasBeforeAmp>2,"etal",TRIM(_xlfn.TEXTBEFORE(_xlfn.TEXTAFTER(_xlpm.authors,"& "),",")))) ) -> Masterton | J94: =_xlfn.TEXTBEFORE(_xlfn.TEXTAFTER(A94, "("), ")") -> 1975 | K94: =_xlfn.LET( _xlpm.doi,IF(D94<>"",D94,_xlfn.TEXTAFTER(A94,"https://doi.org/")), SUBSTITUTE( SUBSTITUTE( SUBSTITUTE( SUBSTITUTE( _xlpm.doi, "/","%2F"), ":","%3A"), "<","%3C"), ">","%3E") ) -> 10.1159%2F000124401 | L94: =TRIM(_xlfn.TEXTJOIN("_",FALSE(),G94,(SUBSTITUTE(SUBSTITUTE(E94," ",""), "_", "")))) -> Heffner_Masterton_1975_TableI | M94: =K94 & "_" & SUBSTITUTE(SUBSTITUTE(SUBSTITUTE(E94,CHAR(160),"")," ",""),"_","") -> 10.1159%2F000124401_TableI | N94: {=IFERROR(INDEX(AUTO_Public_TSV_FileList!$A$1:$A$1000,MATCH(TRUE(),EXACT(M94,IFERROR(_xlfn.TEXTBEFORE(AUTO_Public_TSV_FileList!$A$1:$A$1000,".tsv"),"")),0)),"notfound")} -> 10.1159%2F000124401_TableI.tsv | Q94: FINISHED | R94: added | S94: Heffner_Masterton_1975_TableI_snapshot.xlsx | T94: Y | U94: Heffner_Masterton_1975_TableI.csv | V94: pdf | W94: table | X94: NO - paywall | Y94: https://karger.com/bbe/article-pdf/86/3-4/145/2264694/000437413.pdf | AB94: area of pyramidal tract; deepest lamina | AI94: mammals | AJ94: digital dexterity | AK94: Mammals | AL94: mostly secondary | AM94: both | AN94: behavioural (digital dexterity) + corticospinal tract
A95: Heiss, W. D., Habedank, B., Klein, J. C., Herholz, K., Wienhard, K., Lenox, M., & Nutt, R. (2004). Metabolic rates in small brain nuclei determined by high-resolution PET. J Nucl Med, 45(11), 1811-1815. https://www.ncbi.nlm.nih.gov/pubmed/15534048 | D95: PMID:15534048 | E95: TABLE 1 | F95: =RIGHT(A95,1) -> 8 | G95: =H95 & IF(I95<>"", "_" & I95, "_") & IF(J95<>"", "_" & J95, "_") & IF(B95<>"", "_" & B95, "") -> Heiss_etal_2004 | H95: =SUBSTITUTE(SUBSTITUTE(_xlfn.TEXTBEFORE(A95,","), "-", ""), " ", "") -> Heiss | I95: =_xlfn.LET( _xlpm.authors,_xlfn.TEXTBEFORE(A95," ("&J95&")"), _xlpm.hasAmp,ISNUMBER(SEARCH("&",_xlpm.authors)), _xlpm.commasBeforeAmp,IF(_xlpm.hasAmp,LEN(_xlfn.TEXTBEFORE(_xlpm.authors,"&"))-LEN(SUBSTITUTE(_xlfn.TEXTBEFORE(_xlpm.authors,"&"),",","")),0), IF(NOT(_xlpm.hasAmp),"",IF(_xlpm.commasBeforeAmp>2,"etal",TRIM(_xlfn.TEXTBEFORE(_xlfn.TEXTAFTER(_xlpm.authors,"& "),",")))) ) -> etal | J95: =_xlfn.TEXTBEFORE(_xlfn.TEXTAFTER(A95, "("), ")") -> 2004 | K95: =_xlfn.LET( _xlpm.doi,IF(D95<>"",D95,_xlfn.TEXTAFTER(A95,"https://doi.org/")), SUBSTITUTE( SUBSTITUTE( SUBSTITUTE( SUBSTITUTE( _xlpm.doi, "/","%2F"), ":","%3A"), "<","%3C"), ">","%3E") ) -> PMID%3A15534048 | L95: =TRIM(_xlfn.TEXTJOIN("_",FALSE(),G95,(SUBSTITUTE(SUBSTITUTE(E95," ",""), "_", "")))) -> Heiss_etal_2004_TABLE1 | M95: =K95 & "_" & SUBSTITUTE(SUBSTITUTE(SUBSTITUTE(E95,CHAR(160),"")," ",""),"_","") -> PMID%3A15534048_TABLE1 | N95: {=IFERROR(INDEX(AUTO_Public_TSV_FileList!$A$1:$A$1000,MATCH(TRUE(),EXACT(M95,IFERROR(_xlfn.TEXTBEFORE(AUTO_Public_TSV_FileList!$A$1:$A$1000,".tsv"),"")),0)),"notfound")} -> PMID%3A15534048_TABLE1.tsv | O95: TABLE 1 rCMRGlc Values | Y95: https://karger.com/bbe/article-pdf/86/3-4/145/2264694/000437413.pdf | AJ95: regional cerebral metabolic rates for glucose | AK95: Humans | AM95: primary | AN95: metabolic (regional cerebral glucose, PET)
