Workbook

Sheet Sheet1
A1: Citation (APA 7th-Annotated) | B1: sequence | C1: DOI if different from article or doi Alt | D1: Item number | E1: end | F1: Publication name | G1: 1st Author | H1: other author(s) | I1: year | J1: DOI (or Alt) | K1: Item name | L1: Item encoded | M1: Public TSV match from AUTO_Public_TSV_FileList (generated by _tools/file_list.R; do not edit manually) | N1: Item full original title | O1: Note about item | P1: Progress stage | Q1: Online Database | R1: Snapshot | S1: Adjustment made | T1: Source Type | U1: Source format | V1: Source URL direct access | W1: Source URL link | X1: Team | Y1: Collection | Z1: Possible Traits | AA1: Note | AB1: Flags pre-addressed | AC1: Flags possible | AD1: Flags active (skips) | AE1: Sample type | AF1: Method | AG1: Subcategory | AH1: Main Trait(s) | AI1: Taxon group | AJ1: Source type | AK1: Data role (primary/secondary/both) | AL1: Measure type | AM1: relevance | AN1: recommendation
A2: Andelin, A. K., Olavarria, J. F., Fine, I., Taber, E. N., Schwartz, D., Kroenke, C. D., & Stevens, A. A. (2019). The Effect of Onset Age of Visual Deprivation on Visual Cortex Surface Area Across-Species. Cereb Cortex, 29(10), 4321-4333. https://doi.org/10.1093/cercor/bhy315 | D2: Table 4 | E2: =RIGHT(A2,1) -> 5 | F2: =G2 & IF(H2<>"", "_" & H2, "_") & IF(I2<>"", "_" & I2, "_") & IF(B2<>"", "_" & B2, "") -> Andelin_etal_2019 | G2: =SUBSTITUTE(SUBSTITUTE(_xlfn.TEXTBEFORE(A2,","), "-", ""), " ", "") -> Andelin | H2: =_xlfn.LET( _xlpm.authors,_xlfn.TEXTBEFORE(A2," ("&I2&")"), _xlpm.hasAmp,ISNUMBER(SEARCH("&",_xlpm.authors)), _xlpm.commasBeforeAmp,IF(_xlpm.hasAmp,LEN(_xlfn.TEXTBEFORE(_xlpm.authors,"&"))-LEN(SUBSTITUTE(_xlfn.TEXTBEFORE(_xlpm.authors,"&"),",","")),0), IF(NOT(_xlpm.hasAmp),"",IF(_xlpm.commasBeforeAmp>2,"etal",TRIM(_xlfn.TEXTBEFORE(_xlfn.TEXTAFTER(_xlpm.authors,"& "),",")))) ) -> etal | I2: =_xlfn.TEXTBEFORE(_xlfn.TEXTAFTER(A2, "("), ")") -> 2019 | J2: =_xlfn.LET( _xlpm.doi,IF(C2<>"",C2,_xlfn.TEXTAFTER(A2,"https://doi.org/")), SUBSTITUTE( SUBSTITUTE( SUBSTITUTE( SUBSTITUTE( _xlpm.doi, "/","%2F"), ":","%3A"), "<","%3C"), ">","%3E") ) -> 10.1093%2Fcercor%2Fbhy315 | K2: =TRIM(_xlfn.TEXTJOIN("_",FALSE(),F2,(SUBSTITUTE(SUBSTITUTE(D2," ",""), "_", "")))) -> Andelin_etal_2019_Table4 | L2: =J2 & "_" & SUBSTITUTE(SUBSTITUTE(SUBSTITUTE(D2,CHAR(160),"")," ",""),"_","") -> 10.1093%2Fcercor%2Fbhy315_Table4 | M2: {=IFERROR(INDEX(AUTO_Public_TSV_FileList!$A$1:$A$1000,MATCH(TRUE(),EXACT(L2,IFERROR(_xlfn.TEXTBEFORE(AUTO_Public_TSV_FileList!$A$1:$A$1000,".tsv"),"")),0)),"notfound")} -> 10.1093%2Fcercor%2Fbhy315_Table4.tsv | P2: FINISHED | U2: table | AI2: review | AK2: review | AL2: review
A3: Armstrong, E. (1979). Quantitative comparison of the hominoid thalamus. I. Specific sensory relay nuclei. Am J Phys Anthropol, 51(3), 365-382. https://doi.org/10.1002/ajpa.1330510308 | D3: Tables 1-9 | E3: =RIGHT(A3,1) -> 8 | F3: =G3 & IF(H3<>"", "_" & H3, "_") & IF(I3<>"", "_" & I3, "_") & IF(B3<>"", "_" & B3, "") -> Armstrong__1979 | G3: =SUBSTITUTE(SUBSTITUTE(_xlfn.TEXTBEFORE(A3,","), "-", ""), " ", "") -> Armstrong | H3: =_xlfn.LET(_xlpm.authors,_xlfn.TEXTBEFORE(A3," ("&I3&")"),_xlpm.hasAmp,ISNUMBER(SEARCH("&",_xlpm.authors)),_xlpm.commasBeforeAmp,IF(_xlpm.hasAmp,LEN(_xlfn.TEXTBEFORE(_xlpm.authors,"&"))-LEN(SUBSTITUTE(_xlfn.TEXTBEFORE(_xlpm.authors,"&"),",","")),0),IF(NOT(_xlpm.hasAmp),"",IF(_xlpm.commasBeforeAmp>2,"etal",TRIM(_xlfn.TEXTBEFORE(_xlfn.TEXTAFTER(_xlpm.authors,"& "),","))))) | I3: =_xlfn.TEXTBEFORE(_xlfn.TEXTAFTER(A3, "("), ")") -> 1979 | J3: =_xlfn.LET(_xlpm.doi,IF(C3<>"",C3,_xlfn.TEXTAFTER(A3,"https://doi.org/")),SUBSTITUTE(SUBSTITUTE(SUBSTITUTE(SUBSTITUTE(_xlpm.doi,"/","%2F"),":","%3A"),"<","%3C"),">","%3E")) -> 10.1002%2Fajpa.1330510308 | K3: =TRIM(_xlfn.TEXTJOIN("_",FALSE(),F3,(SUBSTITUTE(SUBSTITUTE(D3," ",""), "_", "")))) -> Armstrong__1979_Tables1-9 | L3: =J3 & "_" & SUBSTITUTE(SUBSTITUTE(SUBSTITUTE(D3,CHAR(160),"")," ",""),"_","") -> 10.1002%2Fajpa.1330510308_Tables1-9 | M3: =IFERROR(INDEX(AUTO_Public_TSV_FileList!$A$1:$A$1000,MATCH(TRUE(),EXACT(L3,IFERROR(_xlfn.TEXTBEFORE(AUTO_Public_TSV_FileList!$A$1:$A$1000,".tsv"),"")),0)),"notfound") -> notfound | N3: Tables 1-9. Hominoid thalamic sensory-relay nucleus volumes, neuronal densities and numbers, and neuronal-volume distributions | O3: Primary mixed-datatype series. Table 1 provides LGB, MGBp and VB volumes plus percent of dorsal thalamus; Tables 2-4 density; Table 5 LGB subcomponent volumes; Table 6 neuron counts; Tables 7-9 neuronal perikaryal-volume distributions. Split during build. | P3: FINISHED | Q3: EndNote | T3: pdf | U3: tables | V3: https://doi.org/10.1002/ajpa.1330510308 | W3: https://doi.org/10.1002/ajpa.1330510308 | X3: Armstrong | Z3: LGB/LGBd; MGB parvocellular; ventrobasal complex; dorsal thalamus proportion; neuronal density; neuron number; neuronal perikaryal volume | AA3: Seven hominoid specimens in Table 1; later tables use subsets. Keep specimen-level records and separate regional volume, cell density/count, and cell-size outputs. | AC3: mixed datatypes; specimen abbreviations require a specimen crosswalk; some literature-comparison rows are secondary | AE3: individual hominoid specimens (gibbons, gorilla, chimpanzee, humans) | AF3: histological volumetry; neuronal density/count estimation; neuronal perikaryal morphometry | AG3: thalamic sensory relay nuclei | AH3: regional volumes; neuronal density and number; neuronal size | AI3: Hominoids | AJ3: primary + cited secondary comparisons | AK3: both | AL3: volume + cell density/count + neuronal perikaryal volume
A4: Ashwell, K. W. S. (2020). Quantitative analysis of cerebellar morphology in monotreme, metatherian and eutherian mammals. Zoology (Jena), 139, 125753. https://doi.org/10.1016/j.zool.2020.125753 | D4: Supplementary Table | E4: =RIGHT(A4,1) -> 3 | F4: =G4 & IF(H4<>"", "_" & H4, "_") & IF(I4<>"", "_" & I4, "_") & IF(B4<>"", "_" & B4, "") -> Ashwell__2020 | G4: =SUBSTITUTE(SUBSTITUTE(_xlfn.TEXTBEFORE(A4,","), "-", ""), " ", "") -> Ashwell | H4: =_xlfn.LET( _xlpm.authors,_xlfn.TEXTBEFORE(A4," ("&I4&")"), _xlpm.hasAmp,ISNUMBER(SEARCH("&",_xlpm.authors)), _xlpm.commasBeforeAmp,IF(_xlpm.hasAmp,LEN(_xlfn.TEXTBEFORE(_xlpm.authors,"&"))-LEN(SUBSTITUTE(_xlfn.TEXTBEFORE(_xlpm.authors,"&"),",","")),0), IF(NOT(_xlpm.hasAmp),"",IF(_xlpm.commasBeforeAmp>2,"etal",TRIM(_xlfn.TEXTBEFORE(_xlfn.TEXTAFTER(_xlpm.authors,"& "),",")))) ) | I4: =_xlfn.TEXTBEFORE(_xlfn.TEXTAFTER(A4, "("), ")") -> 2020 | J4: =_xlfn.LET( _xlpm.doi,IF(C4<>"",C4,_xlfn.TEXTAFTER(A4,"https://doi.org/")), SUBSTITUTE( SUBSTITUTE( SUBSTITUTE( SUBSTITUTE( _xlpm.doi, "/","%2F"), ":","%3A"), "<","%3C"), ">","%3E") ) -> 10.1016%2Fj.zool.2020.125753 | K4: =TRIM(_xlfn.TEXTJOIN("_",FALSE(),F4,(SUBSTITUTE(SUBSTITUTE(D4," ",""), "_", "")))) -> Ashwell__2020_SupplementaryTable | L4: =J4 & "_" & SUBSTITUTE(SUBSTITUTE(SUBSTITUTE(D4,CHAR(160),"")," ",""),"_","") -> 10.1016%2Fj.zool.2020.125753_SupplementaryTable | M4: {=IFERROR(INDEX(AUTO_Public_TSV_FileList!$A$1:$A$1000,MATCH(TRUE(),EXACT(L4,IFERROR(_xlfn.TEXTBEFORE(AUTO_Public_TSV_FileList!$A$1:$A$1000,".tsv"),"")),0)),"notfound")} -> 10.1016%2Fj.zool.2020.125753_SupplementaryTable.tsv | N4: Supplementary Table. Cerebellar Morphology Data | P4: FINISHED | X4: Ashwell
A5: Avelino-de-Souza, K., Patzke, N., Karlsson, K. A. E., Manger, P. R., & Herculano-Houzel, S. (2025). Cellular Composition of the Brain of a Northern Minke Whale. J Comp Neurol, 533(9), e70089. https://doi.org/10.1002/cne.70089 | D5: TABLE 1 | E5: =RIGHT(A5,1) -> 9 | F5: =G5 & IF(H5<>"", "_" & H5, "_") & IF(I5<>"", "_" & I5, "_") & IF(B5<>"", "_" & B5, "") -> AvelinodeSouza_etal_2025 | G5: =SUBSTITUTE(SUBSTITUTE(_xlfn.TEXTBEFORE(A5,","), "-", ""), " ", "") -> AvelinodeSouza | H5: =_xlfn.LET( _xlpm.authors,_xlfn.TEXTBEFORE(A5," ("&I5&")"), _xlpm.hasAmp,ISNUMBER(SEARCH("&",_xlpm.authors)), _xlpm.commasBeforeAmp,IF(_xlpm.hasAmp,LEN(_xlfn.TEXTBEFORE(_xlpm.authors,"&"))-LEN(SUBSTITUTE(_xlfn.TEXTBEFORE(_xlpm.authors,"&"),",","")),0), IF(NOT(_xlpm.hasAmp),"",IF(_xlpm.commasBeforeAmp>2,"etal",TRIM(_xlfn.TEXTBEFORE(_xlfn.TEXTAFTER(_xlpm.authors,"& "),",")))) ) -> etal | I5: =_xlfn.TEXTBEFORE(_xlfn.TEXTAFTER(A5, "("), ")") -> 2025 | J5: =_xlfn.LET( _xlpm.doi,IF(C5<>"",C5,_xlfn.TEXTAFTER(A5,"https://doi.org/")), SUBSTITUTE( SUBSTITUTE( SUBSTITUTE( SUBSTITUTE( _xlpm.doi, "/","%2F"), ":","%3A"), "<","%3C"), ">","%3E") ) -> 10.1002%2Fcne.70089 | K5: =TRIM(_xlfn.TEXTJOIN("_",FALSE(),F5,(SUBSTITUTE(SUBSTITUTE(D5," ",""), "_", "")))) -> AvelinodeSouza_etal_2025_TABLE1 | L5: =J5 & "_" & SUBSTITUTE(SUBSTITUTE(SUBSTITUTE(D5,CHAR(160),"")," ",""),"_","") -> 10.1002%2Fcne.70089_TABLE1 | M5: {=IFERROR(INDEX(AUTO_Public_TSV_FileList!$A$1:$A$1000,MATCH(TRUE(),EXACT(L5,IFERROR(_xlfn.TEXTBEFORE(AUTO_Public_TSV_FileList!$A$1:$A$1000,".tsv"),"")),0)),"notfound")} -> 10.1002%2Fcne.70089_TABLE1.tsv | N5: Table 1. Cellular composition of the brain of a Northern minke whale (Balaenoptera acutorostrata) | P5: FINISHED | Q5: added | R5: AvelinodeSouza_etal_2025_TABLE1_snapshot.csv | S5: Y | T5: pdf | U5: table | V5: https://onlinelibrary.wiley.com/doi/10.1002/cne.70089 | W5: https://doi.org/10.1002/cne.70089 | X5: HH | AF5: isotropic fractionator | AG5: placental mammals | AH5: neuron number | AI5: Cetaceans & other placental mammals | AJ5: primary | AK5: primary | AL5: cell count (isotropic fractionator)
A6: Baker, J., Barton, R. A., & Venditti, C. (2025). Human dexterity and brains evolved hand in hand. Communications Biology, 8(1). https://doi.org/10.1038/s42003-025-08686-5 | D6: Supplementary Data 1 | E6: =RIGHT(A6,1) -> 5 | F6: =G6 & IF(H6<>"", "_" & H6, "_") & IF(I6<>"", "_" & I6, "_") & IF(B6<>"", "_" & B6, "") -> Baker_etal_2025 | G6: =SUBSTITUTE(SUBSTITUTE(_xlfn.TEXTBEFORE(A6,","), "-", ""), " ", "") -> Baker | H6: =_xlfn.LET( _xlpm.authors,_xlfn.TEXTBEFORE(A6," ("&I6&")"), _xlpm.hasAmp,ISNUMBER(SEARCH("&",_xlpm.authors)), _xlpm.commasBeforeAmp,IF(_xlpm.hasAmp,LEN(_xlfn.TEXTBEFORE(_xlpm.authors,"&"))-LEN(SUBSTITUTE(_xlfn.TEXTBEFORE(_xlpm.authors,"&"),",","")),0), IF(NOT(_xlpm.hasAmp),"",IF(_xlpm.commasBeforeAmp>2,"etal",TRIM(_xlfn.TEXTBEFORE(_xlfn.TEXTAFTER(_xlpm.authors,"& "),",")))) ) -> etal | I6: =_xlfn.TEXTBEFORE(_xlfn.TEXTAFTER(A6, "("), ")") -> 2025 | J6: =_xlfn.LET( _xlpm.doi,IF(C6<>"",C6,_xlfn.TEXTAFTER(A6,"https://doi.org/")), SUBSTITUTE( SUBSTITUTE( SUBSTITUTE( SUBSTITUTE( _xlpm.doi, "/","%2F"), ":","%3A"), "<","%3C"), ">","%3E") ) -> 10.1038%2Fs42003-025-08686-5 | K6: =TRIM(_xlfn.TEXTJOIN("_",FALSE(),F6,(SUBSTITUTE(SUBSTITUTE(D6," ",""), "_", "")))) -> Baker_etal_2025_SupplementaryData1 | L6: =J6 & "_" & SUBSTITUTE(SUBSTITUTE(SUBSTITUTE(D6,CHAR(160),"")," ",""),"_","") -> 10.1038%2Fs42003-025-08686-5_SupplementaryData1 | M6: {=IFERROR(INDEX(AUTO_Public_TSV_FileList!$A$1:$A$1000,MATCH(TRUE(),EXACT(L6,IFERROR(_xlfn.TEXTBEFORE(AUTO_Public_TSV_FileList!$A$1:$A$1000,".tsv"),"")),0)),"notfound")} -> 10.1038%2Fs42003-025-08686-5_SupplementaryData1.tsv
A7: Balzeau, A., Holloway, R. L., & Grimaud-Hervé, D. (2012). Variations and asymmetries in regional brain surface in the genus Homo. J Hum Evol, 62(6), 696-706. https://doi.org/10.1016/j.jhevol.2012.03.007 | D7: Table 2 | E7: =RIGHT(A7,1) -> 7 | F7: =G7 & IF(H7<>"", "_" & H7, "_") & IF(I7<>"", "_" & I7, "_") & IF(B7<>"", "_" & B7, "") -> Balzeau_etal_2012 | G7: =SUBSTITUTE(SUBSTITUTE(_xlfn.TEXTBEFORE(A7,","), "-", ""), " ", "") -> Balzeau | H7: =_xlfn.LET( _xlpm.authors,_xlfn.TEXTBEFORE(A7," ("&I7&")"), _xlpm.hasAmp,ISNUMBER(SEARCH("&",_xlpm.authors)), _xlpm.commasBeforeAmp,IF(_xlpm.hasAmp,LEN(_xlfn.TEXTBEFORE(_xlpm.authors,"&"))-LEN(SUBSTITUTE(_xlfn.TEXTBEFORE(_xlpm.authors,"&"),",","")),0), IF(NOT(_xlpm.hasAmp),"",IF(_xlpm.commasBeforeAmp>2,"etal",TRIM(_xlfn.TEXTBEFORE(_xlfn.TEXTAFTER(_xlpm.authors,"& "),",")))) ) -> etal | I7: =_xlfn.TEXTBEFORE(_xlfn.TEXTAFTER(A7, "("), ")") -> 2012 | J7: =_xlfn.LET( _xlpm.doi,IF(C7<>"",C7,_xlfn.TEXTAFTER(A7,"https://doi.org/")), SUBSTITUTE( SUBSTITUTE( SUBSTITUTE( SUBSTITUTE( _xlpm.doi, "/","%2F"), ":","%3A"), "<","%3C"), ">","%3E") ) -> 10.1016%2Fj.jhevol.2012.03.007 | K7: =TRIM(_xlfn.TEXTJOIN("_",FALSE(),F7,(SUBSTITUTE(SUBSTITUTE(D7," ",""), "_", "")))) -> Balzeau_etal_2012_Table2 | L7: =J7 & "_" & SUBSTITUTE(SUBSTITUTE(SUBSTITUTE(D7,CHAR(160),"")," ",""),"_","") -> 10.1016%2Fj.jhevol.2012.03.007_Table2 | M7: {=IFERROR(INDEX(AUTO_Public_TSV_FileList!$A$1:$A$1000,MATCH(TRUE(),EXACT(L7,IFERROR(_xlfn.TEXTBEFORE(AUTO_Public_TSV_FileList!$A$1:$A$1000,".tsv"),"")),0)),"notfound")} -> 10.1016%2Fj.jhevol.2012.03.007_Table2.tsv | N7: Table 2. Regression results for the relationship between endocranial volume and the surface of the frontal, parieto-temporal and occipital lobes.
A8: Balzeau, A., Holloway, R. L., & Grimaud-Hervé, D. (2012). Variations and asymmetries in regional brain surface in the genus Homo. J Hum Evol, 62(6), 696-706. https://doi.org/10.1016/j.jhevol.2012.03.007 | D8: Table 3 | E8: =RIGHT(A8,1) -> 7 | F8: =G8 & IF(H8<>"", "_" & H8, "_") & IF(I8<>"", "_" & I8, "_") & IF(B8<>"", "_" & B8, "") -> Balzeau_etal_2012 | G8: =SUBSTITUTE(SUBSTITUTE(_xlfn.TEXTBEFORE(A8,","), "-", ""), " ", "") -> Balzeau | H8: =_xlfn.LET( _xlpm.authors,_xlfn.TEXTBEFORE(A8," ("&I8&")"), _xlpm.hasAmp,ISNUMBER(SEARCH("&",_xlpm.authors)), _xlpm.commasBeforeAmp,IF(_xlpm.hasAmp,LEN(_xlfn.TEXTBEFORE(_xlpm.authors,"&"))-LEN(SUBSTITUTE(_xlfn.TEXTBEFORE(_xlpm.authors,"&"),",","")),0), IF(NOT(_xlpm.hasAmp),"",IF(_xlpm.commasBeforeAmp>2,"etal",TRIM(_xlfn.TEXTBEFORE(_xlfn.TEXTAFTER(_xlpm.authors,"& "),",")))) ) -> etal | I8: =_xlfn.TEXTBEFORE(_xlfn.TEXTAFTER(A8, "("), ")") -> 2012 | J8: =_xlfn.LET( _xlpm.doi,IF(C8<>"",C8,_xlfn.TEXTAFTER(A8,"https://doi.org/")), SUBSTITUTE( SUBSTITUTE( SUBSTITUTE( SUBSTITUTE( _xlpm.doi, "/","%2F"), ":","%3A"), "<","%3C"), ">","%3E") ) -> 10.1016%2Fj.jhevol.2012.03.007 | K8: =TRIM(_xlfn.TEXTJOIN("_",FALSE(),F8,(SUBSTITUTE(SUBSTITUTE(D8," ",""), "_", "")))) -> Balzeau_etal_2012_Table3 | L8: =J8 & "_" & SUBSTITUTE(SUBSTITUTE(SUBSTITUTE(D8,CHAR(160),"")," ",""),"_","") -> 10.1016%2Fj.jhevol.2012.03.007_Table3 | M8: {=IFERROR(INDEX(AUTO_Public_TSV_FileList!$A$1:$A$1000,MATCH(TRUE(),EXACT(L8,IFERROR(_xlfn.TEXTBEFORE(AUTO_Public_TSV_FileList!$A$1:$A$1000,".tsv"),"")),0)),"notfound")} -> 10.1016%2Fj.jhevol.2012.03.007_Table3.tsv | N8: Table 3 Size-corrected dimensions for the surface of the frontal, parieto-temporal and occipital lobes in the different analysed samples.
A9: Balzeau, A., Holloway, R. L., & Grimaud-Hervé, D. (2012). Variations and asymmetries in regional brain surface in the genus Homo. J Hum Evol, 62(6), 696-706. https://doi.org/10.1016/j.jhevol.2012.03.007 | D9: Table 5 | E9: =RIGHT(A9,1) -> 7 | F9: =G9 & IF(H9<>"", "_" & H9, "_") & IF(I9<>"", "_" & I9, "_") & IF(B9<>"", "_" & B9, "") -> Balzeau_etal_2012 | G9: =SUBSTITUTE(SUBSTITUTE(_xlfn.TEXTBEFORE(A9,","), "-", ""), " ", "") -> Balzeau | H9: =_xlfn.LET( _xlpm.authors,_xlfn.TEXTBEFORE(A9," ("&I9&")"), _xlpm.hasAmp,ISNUMBER(SEARCH("&",_xlpm.authors)), _xlpm.commasBeforeAmp,IF(_xlpm.hasAmp,LEN(_xlfn.TEXTBEFORE(_xlpm.authors,"&"))-LEN(SUBSTITUTE(_xlfn.TEXTBEFORE(_xlpm.authors,"&"),",","")),0), IF(NOT(_xlpm.hasAmp),"",IF(_xlpm.commasBeforeAmp>2,"etal",TRIM(_xlfn.TEXTBEFORE(_xlfn.TEXTAFTER(_xlpm.authors,"& "),",")))) ) -> etal | I9: =_xlfn.TEXTBEFORE(_xlfn.TEXTAFTER(A9, "("), ")") -> 2012 | J9: =_xlfn.LET( _xlpm.doi,IF(C9<>"",C9,_xlfn.TEXTAFTER(A9,"https://doi.org/")), SUBSTITUTE( SUBSTITUTE( SUBSTITUTE( SUBSTITUTE( _xlpm.doi, "/","%2F"), ":","%3A"), "<","%3C"), ">","%3E") ) -> 10.1016%2Fj.jhevol.2012.03.007 | K9: =TRIM(_xlfn.TEXTJOIN("_",FALSE(),F9,(SUBSTITUTE(SUBSTITUTE(D9," ",""), "_", "")))) -> Balzeau_etal_2012_Table5 | L9: =J9 & "_" & SUBSTITUTE(SUBSTITUTE(SUBSTITUTE(D9,CHAR(160),"")," ",""),"_","") -> 10.1016%2Fj.jhevol.2012.03.007_Table5 | M9: {=IFERROR(INDEX(AUTO_Public_TSV_FileList!$A$1:$A$1000,MATCH(TRUE(),EXACT(L9,IFERROR(_xlfn.TEXTBEFORE(AUTO_Public_TSV_FileList!$A$1:$A$1000,".tsv"),"")),0)),"notfound")} -> 10.1016%2Fj.jhevol.2012.03.007_Table5.tsv | N9: Table 5 Percentage contribution of frontal, parieto-temporal and occipital lobes to the hemispheres.
A10: Barbeito-Andrés, J., Castro-Fonseca, E., Qiu, L. R., Bernal, V., Lent, R., Henkelman, M., Lukowiak, K., Gleiser, P. M., Hallgrímsson, B., & González, P. N. (2019). Region-specific changes in Mus musculus brain size and cell composition under chronic nutrient restriction. J Exp Biol, 222(Pt 17). https://doi.org/10.1242/jeb.204651 | D10: cell density | E10: =RIGHT(A10,1) -> 1 | F10: =G10 & IF(H10<>"", "_" & H10, "_") & IF(I10<>"", "_" & I10, "_") & IF(B10<>"", "_" & B10, "") -> BarbeitoAndrés_etal_2019 | G10: =SUBSTITUTE(SUBSTITUTE(_xlfn.TEXTBEFORE(A10,","), "-", ""), " ", "") -> BarbeitoAndrés | H10: =_xlfn.LET( _xlpm.authors,_xlfn.TEXTBEFORE(A10," ("&I10&")"), _xlpm.hasAmp,ISNUMBER(SEARCH("&",_xlpm.authors)), _xlpm.commasBeforeAmp,IF(_xlpm.hasAmp,LEN(_xlfn.TEXTBEFORE(_xlpm.authors,"&"))-LEN(SUBSTITUTE(_xlfn.TEXTBEFORE(_xlpm.authors,"&"),",","")),0), IF(NOT(_xlpm.hasAmp),"",IF(_xlpm.commasBeforeAmp>2,"etal",TRIM(_xlfn.TEXTBEFORE(_xlfn.TEXTAFTER(_xlpm.authors,"& "),",")))) ) -> etal | I10: =_xlfn.TEXTBEFORE(_xlfn.TEXTAFTER(A10, "("), ")") -> 2019 | J10: =_xlfn.LET( _xlpm.doi,IF(C10<>"",C10,_xlfn.TEXTAFTER(A10,"https://doi.org/")), SUBSTITUTE( SUBSTITUTE( SUBSTITUTE( SUBSTITUTE( _xlpm.doi, "/","%2F"), ":","%3A"), "<","%3C"), ">","%3E") ) -> 10.1242%2Fjeb.204651 | K10: =TRIM(_xlfn.TEXTJOIN("_",FALSE(),F10,(SUBSTITUTE(SUBSTITUTE(D10," ",""), "_", "")))) -> BarbeitoAndrés_etal_2019_celldensity | L10: =J10 & "_" & SUBSTITUTE(SUBSTITUTE(SUBSTITUTE(D10,CHAR(160),"")," ",""),"_","") -> 10.1242%2Fjeb.204651_celldensity | M10: {=IFERROR(INDEX(AUTO_Public_TSV_FileList!$A$1:$A$1000,MATCH(TRUE(),EXACT(L10,IFERROR(_xlfn.TEXTBEFORE(AUTO_Public_TSV_FileList!$A$1:$A$1000,".tsv"),"")),0)),"notfound")} -> 10.1242%2Fjeb.204651_celldensity.tsv | AF10: isotropic fractionator | AI10: review | AK10: review | AL10: review
A11: Barbeito-Andrés, J., Castro-Fonseca, E., Qiu, L. R., Bernal, V., Lent, R., Henkelman, M., Lukowiak, K., Gleiser, P. M., Hallgrímsson, B., & González, P. N. (2019). Region-specific changes in Mus musculus brain size and cell composition under chronic nutrient restriction. J Exp Biol, 222(Pt 17). https://doi.org/10.1242/jeb.204651 | D11: cell number | E11: =RIGHT(A11,1) -> 1 | F11: =G11 & IF(H11<>"", "_" & H11, "_") & IF(I11<>"", "_" & I11, "_") & IF(B11<>"", "_" & B11, "") -> BarbeitoAndrés_etal_2019 | G11: =SUBSTITUTE(SUBSTITUTE(_xlfn.TEXTBEFORE(A11,","), "-", ""), " ", "") -> BarbeitoAndrés | H11: =_xlfn.LET( _xlpm.authors,_xlfn.TEXTBEFORE(A11," ("&I11&")"), _xlpm.hasAmp,ISNUMBER(SEARCH("&",_xlpm.authors)), _xlpm.commasBeforeAmp,IF(_xlpm.hasAmp,LEN(_xlfn.TEXTBEFORE(_xlpm.authors,"&"))-LEN(SUBSTITUTE(_xlfn.TEXTBEFORE(_xlpm.authors,"&"),",","")),0), IF(NOT(_xlpm.hasAmp),"",IF(_xlpm.commasBeforeAmp>2,"etal",TRIM(_xlfn.TEXTBEFORE(_xlfn.TEXTAFTER(_xlpm.authors,"& "),",")))) ) -> etal | I11: =_xlfn.TEXTBEFORE(_xlfn.TEXTAFTER(A11, "("), ")") -> 2019 | J11: =_xlfn.LET( _xlpm.doi,IF(C11<>"",C11,_xlfn.TEXTAFTER(A11,"https://doi.org/")), SUBSTITUTE( SUBSTITUTE( SUBSTITUTE( SUBSTITUTE( _xlpm.doi, "/","%2F"), ":","%3A"), "<","%3C"), ">","%3E") ) -> 10.1242%2Fjeb.204651 | K11: =TRIM(_xlfn.TEXTJOIN("_",FALSE(),F11,(SUBSTITUTE(SUBSTITUTE(D11," ",""), "_", "")))) -> BarbeitoAndrés_etal_2019_cellnumber | L11: =J11 & "_" & SUBSTITUTE(SUBSTITUTE(SUBSTITUTE(D11,CHAR(160),"")," ",""),"_","") -> 10.1242%2Fjeb.204651_cellnumber | M11: {=IFERROR(INDEX(AUTO_Public_TSV_FileList!$A$1:$A$1000,MATCH(TRUE(),EXACT(L11,IFERROR(_xlfn.TEXTBEFORE(AUTO_Public_TSV_FileList!$A$1:$A$1000,".tsv"),"")),0)),"notfound")} -> 10.1242%2Fjeb.204651_cellnumber.tsv | AF11: isotropic fractionator | AI11: review | AK11: review | AL11: review
A12: Barbeito-Andrés, J., Castro-Fonseca, E., Qiu, L. R., Bernal, V., Lent, R., Henkelman, M., Lukowiak, K., Gleiser, P. M., Hallgrímsson, B., & González, P. N. (2019). Region-specific changes in Mus musculus brain size and cell composition under chronic nutrient restriction. J Exp Biol, 222(Pt 17). https://doi.org/10.1242/jeb.204651 | D12: volumes | E12: =RIGHT(A12,1) -> 1 | F12: =G12 & IF(H12<>"", "_" & H12, "_") & IF(I12<>"", "_" & I12, "_") & IF(B12<>"", "_" & B12, "") -> BarbeitoAndrés_etal_2019 | G12: =SUBSTITUTE(SUBSTITUTE(_xlfn.TEXTBEFORE(A12,","), "-", ""), " ", "") -> BarbeitoAndrés | H12: =_xlfn.LET( _xlpm.authors,_xlfn.TEXTBEFORE(A12," ("&I12&")"), _xlpm.hasAmp,ISNUMBER(SEARCH("&",_xlpm.authors)), _xlpm.commasBeforeAmp,IF(_xlpm.hasAmp,LEN(_xlfn.TEXTBEFORE(_xlpm.authors,"&"))-LEN(SUBSTITUTE(_xlfn.TEXTBEFORE(_xlpm.authors,"&"),",","")),0), IF(NOT(_xlpm.hasAmp),"",IF(_xlpm.commasBeforeAmp>2,"etal",TRIM(_xlfn.TEXTBEFORE(_xlfn.TEXTAFTER(_xlpm.authors,"& "),",")))) ) -> etal | I12: =_xlfn.TEXTBEFORE(_xlfn.TEXTAFTER(A12, "("), ")") -> 2019 | J12: =_xlfn.LET( _xlpm.doi,IF(C12<>"",C12,_xlfn.TEXTAFTER(A12,"https://doi.org/")), SUBSTITUTE( SUBSTITUTE( SUBSTITUTE( SUBSTITUTE( _xlpm.doi, "/","%2F"), ":","%3A"), "<","%3C"), ">","%3E") ) -> 10.1242%2Fjeb.204651 | K12: =TRIM(_xlfn.TEXTJOIN("_",FALSE(),F12,(SUBSTITUTE(SUBSTITUTE(D12," ",""), "_", "")))) -> BarbeitoAndrés_etal_2019_volumes | L12: =J12 & "_" & SUBSTITUTE(SUBSTITUTE(SUBSTITUTE(D12,CHAR(160),"")," ",""),"_","") -> 10.1242%2Fjeb.204651_volumes | M12: {=IFERROR(INDEX(AUTO_Public_TSV_FileList!$A$1:$A$1000,MATCH(TRUE(),EXACT(L12,IFERROR(_xlfn.TEXTBEFORE(AUTO_Public_TSV_FileList!$A$1:$A$1000,".tsv"),"")),0)),"notfound")} -> 10.1242%2Fjeb.204651_volumes.tsv | AF12: isotropic fractionator | AI12: review | AK12: review | AL12: review
A13: Barger, N., Hanson, K. L., Teffer, K., Schenker-Ahmed, N. M., & Semendeferi, K. (2014). Evidence for evolutionary specialization in human limbic structures. Front Hum Neurosci, 8, 277. https://doi.org/10.3389/fnhum.2014.00277 | D13: Table 1 | E13: =RIGHT(A13,1) -> 7 | F13: =G13 & IF(H13<>"", "_" & H13, "_") & IF(I13<>"", "_" & I13, "_") & IF(B13<>"", "_" & B13, "") -> Barger_etal_2014 | G13: =SUBSTITUTE(SUBSTITUTE(_xlfn.TEXTBEFORE(A13,","), "-", ""), " ", "") -> Barger | H13: =_xlfn.LET( _xlpm.authors,_xlfn.TEXTBEFORE(A13," ("&I13&")"), _xlpm.hasAmp,ISNUMBER(SEARCH("&",_xlpm.authors)), _xlpm.commasBeforeAmp,IF(_xlpm.hasAmp,LEN(_xlfn.TEXTBEFORE(_xlpm.authors,"&"))-LEN(SUBSTITUTE(_xlfn.TEXTBEFORE(_xlpm.authors,"&"),",","")),0), IF(NOT(_xlpm.hasAmp),"",IF(_xlpm.commasBeforeAmp>2,"etal",TRIM(_xlfn.TEXTBEFORE(_xlfn.TEXTAFTER(_xlpm.authors,"& "),",")))) ) -> etal | I13: =_xlfn.TEXTBEFORE(_xlfn.TEXTAFTER(A13, "("), ")") -> 2014 | J13: =_xlfn.LET( _xlpm.doi,IF(C13<>"",C13,_xlfn.TEXTAFTER(A13,"https://doi.org/")), SUBSTITUTE( SUBSTITUTE( SUBSTITUTE( SUBSTITUTE( _xlpm.doi, "/","%2F"), ":","%3A"), "<","%3C"), ">","%3E") ) -> 10.3389%2Ffnhum.2014.00277 | K13: =TRIM(_xlfn.TEXTJOIN("_",FALSE(),F13,(SUBSTITUTE(SUBSTITUTE(D13," ",""), "_", "")))) -> Barger_etal_2014_Table1 | L13: =J13 & "_" & SUBSTITUTE(SUBSTITUTE(SUBSTITUTE(D13,CHAR(160),"")," ",""),"_","") -> 10.3389%2Ffnhum.2014.00277_Table1 | M13: {=IFERROR(INDEX(AUTO_Public_TSV_FileList!$A$1:$A$1000,MATCH(TRUE(),EXACT(L13,IFERROR(_xlfn.TEXTBEFORE(AUTO_Public_TSV_FileList!$A$1:$A$1000,".tsv"),"")),0)),"notfound")} -> 10.3389%2Ffnhum.2014.00277_Table1.tsv | N13: Table 1 | Volume of amygdala, hippocampus, and striatum in hominoid species collected with stereological methods. | Y13: Zilles | AE13: histological sections | AF13: Zilles
A14: Barger, N., Stefanacci, L., & Semendeferi, K. (2007). A comparative volumetric analysis of the amygdaloid complex and basolateral division in the human and ape brain. Am J Phys Anthropol, 134(3), 392-403. https://doi.org/10.1002/ajpa.20684 | D14: TABLE 1 | E14: =RIGHT(A14,1) -> 4 | F14: =G14 & IF(H14<>"", "_" & H14, "_") & IF(I14<>"", "_" & I14, "_") & IF(B14<>"", "_" & B14, "") -> Barger_etal_2007 | G14: =SUBSTITUTE(SUBSTITUTE(_xlfn.TEXTBEFORE(A14,","), "-", ""), " ", "") -> Barger | H14: =_xlfn.LET( _xlpm.authors,_xlfn.TEXTBEFORE(A14," ("&I14&")"), _xlpm.hasAmp,ISNUMBER(SEARCH("&",_xlpm.authors)), _xlpm.commasBeforeAmp,IF(_xlpm.hasAmp,LEN(_xlfn.TEXTBEFORE(_xlpm.authors,"&"))-LEN(SUBSTITUTE(_xlfn.TEXTBEFORE(_xlpm.authors,"&"),",","")),0), IF(NOT(_xlpm.hasAmp),"",IF(_xlpm.commasBeforeAmp>2,"etal",TRIM(_xlfn.TEXTBEFORE(_xlfn.TEXTAFTER(_xlpm.authors,"& "),",")))) ) -> etal | I14: =_xlfn.TEXTBEFORE(_xlfn.TEXTAFTER(A14, "("), ")") -> 2007 | J14: =_xlfn.LET( _xlpm.doi,IF(C14<>"",C14,_xlfn.TEXTAFTER(A14,"https://doi.org/")), SUBSTITUTE( SUBSTITUTE( SUBSTITUTE( SUBSTITUTE( _xlpm.doi, "/","%2F"), ":","%3A"), "<","%3C"), ">","%3E") ) -> 10.1002%2Fajpa.20684 | K14: =TRIM(_xlfn.TEXTJOIN("_",FALSE(),F14,(SUBSTITUTE(SUBSTITUTE(D14," ",""), "_", "")))) -> Barger_etal_2007_TABLE1 | L14: =J14 & "_" & SUBSTITUTE(SUBSTITUTE(SUBSTITUTE(D14,CHAR(160),"")," ",""),"_","") -> 10.1002%2Fajpa.20684_TABLE1 | M14: {=IFERROR(INDEX(AUTO_Public_TSV_FileList!$A$1:$A$1000,MATCH(TRUE(),EXACT(L14,IFERROR(_xlfn.TEXTBEFORE(AUTO_Public_TSV_FileList!$A$1:$A$1000,".tsv"),"")),0)),"notfound")} -> 10.1002%2Fajpa.20684_TABLE1.tsv | N14: TABLE 1. Volumetric estimates of the amygdaloid complex and the basolateral division | P14: FINISHED | Y14: Zilles | AF14: Zilles | AH14: amygdala subdivision volumes | AI14: Apes & humans | AK14: primary | AL14: volume
A15: Barger, N., Stefanacci, L., Schumann, C. M., Sherwood, C. C., Annese, J., Allman, J. M., Buckwalter, J. A., Hof, P. R., & Semendeferi, K. (2012). Neuronal populations in the basolateral nuclei of the amygdala are differentially increased in humans compared with apes: A stereological study. J Comp Neurol, 520(13), 3035-3054. https://doi.org/10.1002/cne.23118 | D15: Table 3 | E15: =RIGHT(A15,1) -> 8 | F15: =G15 & IF(H15<>"", "_" & H15, "_") & IF(I15<>"", "_" & I15, "_") & IF(B15<>"", "_" & B15, "") -> Barger_etal_2012 | G15: =SUBSTITUTE(SUBSTITUTE(_xlfn.TEXTBEFORE(A15,","), "-", ""), " ", "") -> Barger | H15: =_xlfn.LET( _xlpm.authors,_xlfn.TEXTBEFORE(A15," ("&I15&")"), _xlpm.hasAmp,ISNUMBER(SEARCH("&",_xlpm.authors)), _xlpm.commasBeforeAmp,IF(_xlpm.hasAmp,LEN(_xlfn.TEXTBEFORE(_xlpm.authors,"&"))-LEN(SUBSTITUTE(_xlfn.TEXTBEFORE(_xlpm.authors,"&"),",","")),0), IF(NOT(_xlpm.hasAmp),"",IF(_xlpm.commasBeforeAmp>2,"etal",TRIM(_xlfn.TEXTBEFORE(_xlfn.TEXTAFTER(_xlpm.authors,"& "),",")))) ) -> etal | I15: =_xlfn.TEXTBEFORE(_xlfn.TEXTAFTER(A15, "("), ")") -> 2012 | J15: =_xlfn.LET( _xlpm.doi,IF(C15<>"",C15,_xlfn.TEXTAFTER(A15,"https://doi.org/")), SUBSTITUTE( SUBSTITUTE( SUBSTITUTE( SUBSTITUTE( _xlpm.doi, "/","%2F"), ":","%3A"), "<","%3C"), ">","%3E") ) -> 10.1002%2Fcne.23118 | K15: =TRIM(_xlfn.TEXTJOIN("_",FALSE(),F15,(SUBSTITUTE(SUBSTITUTE(D15," ",""), "_", "")))) -> Barger_etal_2012_Table3 | L15: =J15 & "_" & SUBSTITUTE(SUBSTITUTE(SUBSTITUTE(D15,CHAR(160),"")," ",""),"_","") -> 10.1002%2Fcne.23118_Table3 | M15: {=IFERROR(INDEX(AUTO_Public_TSV_FileList!$A$1:$A$1000,MATCH(TRUE(),EXACT(L15,IFERROR(_xlfn.TEXTBEFORE(AUTO_Public_TSV_FileList!$A$1:$A$1000,".tsv"),"")),0)),"notfound")} -> 10.1002%2Fcne.23118_Table3.tsv | N15: Table 3. Average Neuron Number x10^6 (SD) for each nucleus in each species | P15: FINISHED | AH15: amygdala neuron numbers (basolateral + central nuclei) | AI15: Primates | AJ15: primary | AK15: primary | AL15: neuron count (stereology)
A16: Barks, S. K., Calhoun, M. E., Hopkins, W. D., Cranfield, M. R., Mudakikwa, A., Stoinski, T. S., Patterson, F. G., Erwin, J. M., Hecht, E. E., Hof, P. R., & Sherwood, C. C. (2014). Brain organization of gorillas reflects species differences in ecology. Am J Phys Anthropol. https://doi.org/10.1002/ajpa.22646 | D16: Fig 4 A | E16: =RIGHT(A16,1) -> 6 | F16: =G16 & IF(H16<>"", "_" & H16, "_") & IF(I16<>"", "_" & I16, "_") & IF(B16<>"", "_" & B16, "") -> Barks_etal_2014 | G16: =SUBSTITUTE(SUBSTITUTE(_xlfn.TEXTBEFORE(A16,","), "-", ""), " ", "") -> Barks | H16: =_xlfn.LET( _xlpm.authors,_xlfn.TEXTBEFORE(A16," ("&I16&")"), _xlpm.hasAmp,ISNUMBER(SEARCH("&",_xlpm.authors)), _xlpm.commasBeforeAmp,IF(_xlpm.hasAmp,LEN(_xlfn.TEXTBEFORE(_xlpm.authors,"&"))-LEN(SUBSTITUTE(_xlfn.TEXTBEFORE(_xlpm.authors,"&"),",","")),0), IF(NOT(_xlpm.hasAmp),"",IF(_xlpm.commasBeforeAmp>2,"etal",TRIM(_xlfn.TEXTBEFORE(_xlfn.TEXTAFTER(_xlpm.authors,"& "),",")))) ) -> etal | I16: =_xlfn.TEXTBEFORE(_xlfn.TEXTAFTER(A16, "("), ")") -> 2014 | J16: =_xlfn.LET( _xlpm.doi,IF(C16<>"",C16,_xlfn.TEXTAFTER(A16,"https://doi.org/")), SUBSTITUTE( SUBSTITUTE( SUBSTITUTE( SUBSTITUTE( _xlpm.doi, "/","%2F"), ":","%3A"), "<","%3C"), ">","%3E") ) -> 10.1002%2Fajpa.22646 | K16: =TRIM(_xlfn.TEXTJOIN("_",FALSE(),F16,(SUBSTITUTE(SUBSTITUTE(D16," ",""), "_", "")))) -> Barks_etal_2014_Fig4A | L16: =J16 & "_" & SUBSTITUTE(SUBSTITUTE(SUBSTITUTE(D16,CHAR(160),"")," ",""),"_","") -> 10.1002%2Fajpa.22646_Fig4A | M16: {=IFERROR(INDEX(AUTO_Public_TSV_FileList!$A$1:$A$1000,MATCH(TRUE(),EXACT(L16,IFERROR(_xlfn.TEXTBEFORE(AUTO_Public_TSV_FileList!$A$1:$A$1000,".tsv"),"")),0)),"notfound")} -> 10.1002%2Fajpa.22646_Fig4A.tsv | O16: Fig4A_allsubjects_volumes | P16: FINISHED | X16: Barks
A17: Barks, S. K., Calhoun, M. E., Hopkins, W. D., Cranfield, M. R., Mudakikwa, A., Stoinski, T. S., Patterson, F. G., Erwin, J. M., Hecht, E. E., Hof, P. R., & Sherwood, C. C. (2014). Brain organization of gorillas reflects species differences in ecology. Am J Phys Anthropol. https://doi.org/10.1002/ajpa.22646 | D17: Fig 5 A | E17: =RIGHT(A17,1) -> 6 | F17: =G17 & IF(H17<>"", "_" & H17, "_") & IF(I17<>"", "_" & I17, "_") & IF(B17<>"", "_" & B17, "") -> Barks_etal_2014 | G17: =SUBSTITUTE(SUBSTITUTE(_xlfn.TEXTBEFORE(A17,","), "-", ""), " ", "") -> Barks | H17: =_xlfn.LET( _xlpm.authors,_xlfn.TEXTBEFORE(A17," ("&I17&")"), _xlpm.hasAmp,ISNUMBER(SEARCH("&",_xlpm.authors)), _xlpm.commasBeforeAmp,IF(_xlpm.hasAmp,LEN(_xlfn.TEXTBEFORE(_xlpm.authors,"&"))-LEN(SUBSTITUTE(_xlfn.TEXTBEFORE(_xlpm.authors,"&"),",","")),0), IF(NOT(_xlpm.hasAmp),"",IF(_xlpm.commasBeforeAmp>2,"etal",TRIM(_xlfn.TEXTBEFORE(_xlfn.TEXTAFTER(_xlpm.authors,"& "),",")))) ) -> etal | I17: =_xlfn.TEXTBEFORE(_xlfn.TEXTAFTER(A17, "("), ")") -> 2014 | J17: =_xlfn.LET( _xlpm.doi,IF(C17<>"",C17,_xlfn.TEXTAFTER(A17,"https://doi.org/")), SUBSTITUTE( SUBSTITUTE( SUBSTITUTE( SUBSTITUTE( _xlpm.doi, "/","%2F"), ":","%3A"), "<","%3C"), ">","%3E") ) -> 10.1002%2Fajpa.22646 | K17: =TRIM(_xlfn.TEXTJOIN("_",FALSE(),F17,(SUBSTITUTE(SUBSTITUTE(D17," ",""), "_", "")))) -> Barks_etal_2014_Fig5A | L17: =J17 & "_" & SUBSTITUTE(SUBSTITUTE(SUBSTITUTE(D17,CHAR(160),"")," ",""),"_","") -> 10.1002%2Fajpa.22646_Fig5A | M17: {=IFERROR(INDEX(AUTO_Public_TSV_FileList!$A$1:$A$1000,MATCH(TRUE(),EXACT(L17,IFERROR(_xlfn.TEXTBEFORE(AUTO_Public_TSV_FileList!$A$1:$A$1000,".tsv"),"")),0)),"notfound")} -> 10.1002%2Fajpa.22646_Fig5A.tsv | O17: Fig5A_adultsonly_volumes | P17: FINISHED
A18: Barks, S. K., Calhoun, M. E., Hopkins, W. D., Cranfield, M. R., Mudakikwa, A., Stoinski, T. S., Patterson, F. G., Erwin, J. M., Hecht, E. E., Hof, P. R., & Sherwood, C. C. (2014). Brain organization of gorillas reflects species differences in ecology. Am J Phys Anthropol. https://doi.org/10.1002/ajpa.22646 | D18: TABLE 1 | E18: =RIGHT(A18,1) -> 6 | F18: =G18 & IF(H18<>"", "_" & H18, "_") & IF(I18<>"", "_" & I18, "_") & IF(B18<>"", "_" & B18, "") -> Barks_etal_2014 | G18: =SUBSTITUTE(SUBSTITUTE(_xlfn.TEXTBEFORE(A18,","), "-", ""), " ", "") -> Barks | H18: =_xlfn.LET( _xlpm.authors,_xlfn.TEXTBEFORE(A18," ("&I18&")"), _xlpm.hasAmp,ISNUMBER(SEARCH("&",_xlpm.authors)), _xlpm.commasBeforeAmp,IF(_xlpm.hasAmp,LEN(_xlfn.TEXTBEFORE(_xlpm.authors,"&"))-LEN(SUBSTITUTE(_xlfn.TEXTBEFORE(_xlpm.authors,"&"),",","")),0), IF(NOT(_xlpm.hasAmp),"",IF(_xlpm.commasBeforeAmp>2,"etal",TRIM(_xlfn.TEXTBEFORE(_xlfn.TEXTAFTER(_xlpm.authors,"& "),",")))) ) -> etal | I18: =_xlfn.TEXTBEFORE(_xlfn.TEXTAFTER(A18, "("), ")") -> 2014 | J18: =_xlfn.LET( _xlpm.doi,IF(C18<>"",C18,_xlfn.TEXTAFTER(A18,"https://doi.org/")), SUBSTITUTE( SUBSTITUTE( SUBSTITUTE( SUBSTITUTE( _xlpm.doi, "/","%2F"), ":","%3A"), "<","%3C"), ">","%3E") ) -> 10.1002%2Fajpa.22646 | K18: =TRIM(_xlfn.TEXTJOIN("_",FALSE(),F18,(SUBSTITUTE(SUBSTITUTE(D18," ",""), "_", "")))) -> Barks_etal_2014_TABLE1 | L18: =J18 & "_" & SUBSTITUTE(SUBSTITUTE(SUBSTITUTE(D18,CHAR(160),"")," ",""),"_","") -> 10.1002%2Fajpa.22646_TABLE1 | M18: {=IFERROR(INDEX(AUTO_Public_TSV_FileList!$A$1:$A$1000,MATCH(TRUE(),EXACT(L18,IFERROR(_xlfn.TEXTBEFORE(AUTO_Public_TSV_FileList!$A$1:$A$1000,".tsv"),"")),0)),"notfound")} -> 10.1002%2Fajpa.22646_TABLE1.tsv | N18: TABLE 1. Individual data | P18: FINISHED | X18: Barks
A19: Barks, S. K., Calhoun, M. E., Hopkins, W. D., Cranfield, M. R., Mudakikwa, A., Stoinski, T. S., Patterson, F. G., Erwin, J. M., Hecht, E. E., Hof, P. R., & Sherwood, C. C. (2014). Brain organization of gorillas reflects species differences in ecology. Am J Phys Anthropol. https://doi.org/10.1002/ajpa.22646 | D19: TABLE 2 | E19: =RIGHT(A19,1) -> 6 | F19: =G19 & IF(H19<>"", "_" & H19, "_") & IF(I19<>"", "_" & I19, "_") & IF(B19<>"", "_" & B19, "") -> Barks_etal_2014 | G19: =SUBSTITUTE(SUBSTITUTE(_xlfn.TEXTBEFORE(A19,","), "-", ""), " ", "") -> Barks | H19: =_xlfn.LET( _xlpm.authors,_xlfn.TEXTBEFORE(A19," ("&I19&")"), _xlpm.hasAmp,ISNUMBER(SEARCH("&",_xlpm.authors)), _xlpm.commasBeforeAmp,IF(_xlpm.hasAmp,LEN(_xlfn.TEXTBEFORE(_xlpm.authors,"&"))-LEN(SUBSTITUTE(_xlfn.TEXTBEFORE(_xlpm.authors,"&"),",","")),0), IF(NOT(_xlpm.hasAmp),"",IF(_xlpm.commasBeforeAmp>2,"etal",TRIM(_xlfn.TEXTBEFORE(_xlfn.TEXTAFTER(_xlpm.authors,"& "),",")))) ) -> etal | I19: =_xlfn.TEXTBEFORE(_xlfn.TEXTAFTER(A19, "("), ")") -> 2014 | J19: =_xlfn.LET( _xlpm.doi,IF(C19<>"",C19,_xlfn.TEXTAFTER(A19,"https://doi.org/")), SUBSTITUTE( SUBSTITUTE( SUBSTITUTE( SUBSTITUTE( _xlpm.doi, "/","%2F"), ":","%3A"), "<","%3C"), ">","%3E") ) -> 10.1002%2Fajpa.22646 | K19: =TRIM(_xlfn.TEXTJOIN("_",FALSE(),F19,(SUBSTITUTE(SUBSTITUTE(D19," ",""), "_", "")))) -> Barks_etal_2014_TABLE2 | L19: =J19 & "_" & SUBSTITUTE(SUBSTITUTE(SUBSTITUTE(D19,CHAR(160),"")," ",""),"_","") -> 10.1002%2Fajpa.22646_TABLE2 | M19: {=IFERROR(INDEX(AUTO_Public_TSV_FileList!$A$1:$A$1000,MATCH(TRUE(),EXACT(L19,IFERROR(_xlfn.TEXTBEFORE(AUTO_Public_TSV_FileList!$A$1:$A$1000,".tsv"),"")),0)),"notfound")} -> 10.1002%2Fajpa.22646_TABLE2.tsv | N19: TABLE 2. Stereological sampling of brains | P19: FINISHED
A20: Barks, S. K., Calhoun, M. E., Hopkins, W. D., Cranfield, M. R., Mudakikwa, A., Stoinski, T. S., Patterson, F. G., Erwin, J. M., Hecht, E. E., Hof, P. R., & Sherwood, C. C. (2014). Brain organization of gorillas reflects species differences in ecology. Am J Phys Anthropol. https://doi.org/10.1002/ajpa.22646 | D20: unpublishedviaDeCasien | E20: =RIGHT(A20,1) -> 6 | F20: =G20 & IF(H20<>"", "_" & H20, "_") & IF(I20<>"", "_" & I20, "_") & IF(B20<>"", "_" & B20, "") -> Barks_etal_2014 | G20: =SUBSTITUTE(SUBSTITUTE(_xlfn.TEXTBEFORE(A20,","), "-", ""), " ", "") -> Barks | H20: =_xlfn.LET( _xlpm.authors,_xlfn.TEXTBEFORE(A20," ("&I20&")"), _xlpm.hasAmp,ISNUMBER(SEARCH("&",_xlpm.authors)), _xlpm.commasBeforeAmp,IF(_xlpm.hasAmp,LEN(_xlfn.TEXTBEFORE(_xlpm.authors,"&"))-LEN(SUBSTITUTE(_xlfn.TEXTBEFORE(_xlpm.authors,"&"),",","")),0), IF(NOT(_xlpm.hasAmp),"",IF(_xlpm.commasBeforeAmp>2,"etal",TRIM(_xlfn.TEXTBEFORE(_xlfn.TEXTAFTER(_xlpm.authors,"& "),",")))) ) -> etal | I20: =_xlfn.TEXTBEFORE(_xlfn.TEXTAFTER(A20, "("), ")") -> 2014 | J20: =_xlfn.LET( _xlpm.doi,IF(C20<>"",C20,_xlfn.TEXTAFTER(A20,"https://doi.org/")), SUBSTITUTE( SUBSTITUTE( SUBSTITUTE( SUBSTITUTE( _xlpm.doi, "/","%2F"), ":","%3A"), "<","%3C"), ">","%3E") ) -> 10.1002%2Fajpa.22646 | K20: =TRIM(_xlfn.TEXTJOIN("_",FALSE(),F20,(SUBSTITUTE(SUBSTITUTE(D20," ",""), "_", "")))) -> Barks_etal_2014_unpublishedviaDeCasien | L20: =J20 & "_" & SUBSTITUTE(SUBSTITUTE(SUBSTITUTE(D20,CHAR(160),"")," ",""),"_","") -> 10.1002%2Fajpa.22646_unpublishedviaDeCasien | M20: {=IFERROR(INDEX(AUTO_Public_TSV_FileList!$A$1:$A$1000,MATCH(TRUE(),EXACT(L20,IFERROR(_xlfn.TEXTBEFORE(AUTO_Public_TSV_FileList!$A$1:$A$1000,".tsv"),"")),0)),"notfound")} -> 10.1002%2Fajpa.22646_unpublishedviaDeCasien.tsv | O20: "Sherwood et al.64 and Barks et al.65 provided neocortex, hippocampus, striatum, thalamus, cerebellum, amygdala and insula measures for multiple gorilla species (Gorilla gorilla gorilla, G. g. graueri and G. beringei) from post-mortem MRI scans" (DeCasien and Higham 2019)
A21: Baron, G., Frahm, H. D., & Stephan, H. (1988). Comparison of brain structure volumes in Insectivora and Primates. VIII. Vestibular complex. J Hirnforsch, 29(5), 509-523. http://www.ncbi.nlm.nih.gov/pubmed/3216099 | C21: PMID:3216099 | D21: Table 1 | E21: =RIGHT(A21,1) -> 9 | F21: =G21 & IF(H21<>"", "_" & H21, "_") & IF(I21<>"", "_" & I21, "_") & IF(B21<>"", "_" & B21, "") -> Baron_etal_1988 | G21: =SUBSTITUTE(SUBSTITUTE(_xlfn.TEXTBEFORE(A21,","), "-", ""), " ", "") -> Baron | H21: =_xlfn.LET( _xlpm.authors,_xlfn.TEXTBEFORE(A21," ("&I21&")"), _xlpm.hasAmp,ISNUMBER(SEARCH("&",_xlpm.authors)), _xlpm.commasBeforeAmp,IF(_xlpm.hasAmp,LEN(_xlfn.TEXTBEFORE(_xlpm.authors,"&"))-LEN(SUBSTITUTE(_xlfn.TEXTBEFORE(_xlpm.authors,"&"),",","")),0), IF(NOT(_xlpm.hasAmp),"",IF(_xlpm.commasBeforeAmp>2,"etal",TRIM(_xlfn.TEXTBEFORE(_xlfn.TEXTAFTER(_xlpm.authors,"& "),",")))) ) -> etal | I21: =_xlfn.TEXTBEFORE(_xlfn.TEXTAFTER(A21, "("), ")") -> 1988 | J21: =_xlfn.LET( _xlpm.doi,IF(C21<>"",C21,_xlfn.TEXTAFTER(A21,"https://doi.org/")), SUBSTITUTE( SUBSTITUTE( SUBSTITUTE( SUBSTITUTE( _xlpm.doi, "/","%2F"), ":","%3A"), "<","%3C"), ">","%3E") ) -> PMID%3A3216099 | K21: =TRIM(_xlfn.TEXTJOIN("_",FALSE(),F21,(SUBSTITUTE(SUBSTITUTE(D21," ",""), "_", "")))) -> Baron_etal_1988_Table1 | L21: =J21 & "_" & SUBSTITUTE(SUBSTITUTE(SUBSTITUTE(D21,CHAR(160),"")," ",""),"_","") -> PMID%3A3216099_Table1 | M21: {=IFERROR(INDEX(AUTO_Public_TSV_FileList!$A$1:$A$1000,MATCH(TRUE(),EXACT(L21,IFERROR(_xlfn.TEXTBEFORE(AUTO_Public_TSV_FileList!$A$1:$A$1000,".tsv"),"")),0)),"notfound")} -> PMID%3A3216099_Table1.tsv | N21: Table 1. Volumes and indices of the vestibular complex (VC) and its main components (VM, V1, VL, VS) in Insectivora and Scadentia | P21: FINISHED | X21: Stephan | Y21: Stephan | AE21: histological sections | AF21: Stephan | AH21: vestibular nuclear complex volume | AI21: Insectivora, Scandentia & Primates | AK21: primary | AL21: volume
A22: Baron, G., Frahm, H. D., Bhatnagar, K. P., & Stephan, H. (1983). Comparison of brain structure volumes in Insectivora and Primates. III. Main olfactory bulb (MOB). J Hirnforsch, 24(5), 551-568. https://www.ncbi.nlm.nih.gov/pubmed/6663055 | C22: PMID:6663055 | D22: Table 1 | E22: =RIGHT(A22,1) -> 5 | F22: =G22 & IF(H22<>"", "_" & H22, "_") & IF(I22<>"", "_" & I22, "_") & IF(B22<>"", "_" & B22, "") -> Baron_etal_1983 | G22: =SUBSTITUTE(SUBSTITUTE(_xlfn.TEXTBEFORE(A22,","), "-", ""), " ", "") -> Baron | H22: =_xlfn.LET( _xlpm.authors,_xlfn.TEXTBEFORE(A22," ("&I22&")"), _xlpm.hasAmp,ISNUMBER(SEARCH("&",_xlpm.authors)), _xlpm.commasBeforeAmp,IF(_xlpm.hasAmp,LEN(_xlfn.TEXTBEFORE(_xlpm.authors,"&"))-LEN(SUBSTITUTE(_xlfn.TEXTBEFORE(_xlpm.authors,"&"),",","")),0), IF(NOT(_xlpm.hasAmp),"",IF(_xlpm.commasBeforeAmp>2,"etal",TRIM(_xlfn.TEXTBEFORE(_xlfn.TEXTAFTER(_xlpm.authors,"& "),",")))) ) -> etal | I22: =_xlfn.TEXTBEFORE(_xlfn.TEXTAFTER(A22, "("), ")") -> 1983 | J22: =_xlfn.LET( _xlpm.doi,IF(C22<>"",C22,_xlfn.TEXTAFTER(A22,"https://doi.org/")), SUBSTITUTE( SUBSTITUTE( SUBSTITUTE( SUBSTITUTE( _xlpm.doi, "/","%2F"), ":","%3A"), "<","%3C"), ">","%3E") ) -> PMID%3A6663055 | K22: =TRIM(_xlfn.TEXTJOIN("_",FALSE(),F22,(SUBSTITUTE(SUBSTITUTE(D22," ",""), "_", "")))) -> Baron_etal_1983_Table1 | L22: =J22 & "_" & SUBSTITUTE(SUBSTITUTE(SUBSTITUTE(D22,CHAR(160),"")," ",""),"_","") -> PMID%3A6663055_Table1 | M22: {=IFERROR(INDEX(AUTO_Public_TSV_FileList!$A$1:$A$1000,MATCH(TRUE(),EXACT(L22,IFERROR(_xlfn.TEXTBEFORE(AUTO_Public_TSV_FileList!$A$1:$A$1000,".tsv"),"")),0)),"notfound")} -> PMID%3A6663055_Table1.tsv | P22: FINISHED | U22: table | V22: NO - not digitized | X22: Stephan | Y22: Stephan | AE22: histological sections | AF22: Stephan | AH22: main olfactory bulb (MOB) volume | AI22: Insectivora, Scandentia & Primates | AJ22: primary | AK22: primary | AL22: volume
A23: Baron, G., Stephan, H., & Frahm, H. D. (1987). Comparison of brain structure volumes in Insectivora and Primates. VI. Paleocortical components. J Hirnforsch, 28(4), 463-477. http://www.ncbi.nlm.nih.gov/pubmed/3116076 | C23: PMID:3116076 | D23: Table 1 | E23: =RIGHT(A23,1) -> 6 | F23: =G23 & IF(H23<>"", "_" & H23, "_") & IF(I23<>"", "_" & I23, "_") & IF(B23<>"", "_" & B23, "") -> Baron_etal_1987 | G23: =SUBSTITUTE(SUBSTITUTE(_xlfn.TEXTBEFORE(A23,","), "-", ""), " ", "") -> Baron | H23: =_xlfn.LET( _xlpm.authors,_xlfn.TEXTBEFORE(A23," ("&I23&")"), _xlpm.hasAmp,ISNUMBER(SEARCH("&",_xlpm.authors)), _xlpm.commasBeforeAmp,IF(_xlpm.hasAmp,LEN(_xlfn.TEXTBEFORE(_xlpm.authors,"&"))-LEN(SUBSTITUTE(_xlfn.TEXTBEFORE(_xlpm.authors,"&"),",","")),0), IF(NOT(_xlpm.hasAmp),"",IF(_xlpm.commasBeforeAmp>2,"etal",TRIM(_xlfn.TEXTBEFORE(_xlfn.TEXTAFTER(_xlpm.authors,"& "),",")))) ) -> etal | I23: =_xlfn.TEXTBEFORE(_xlfn.TEXTAFTER(A23, "("), ")") -> 1987 | J23: =_xlfn.LET( _xlpm.doi,IF(C23<>"",C23,_xlfn.TEXTAFTER(A23,"https://doi.org/")), SUBSTITUTE( SUBSTITUTE( SUBSTITUTE( SUBSTITUTE( _xlpm.doi, "/","%2F"), ":","%3A"), "<","%3C"), ">","%3E") ) -> PMID%3A3116076 | K23: =TRIM(_xlfn.TEXTJOIN("_",FALSE(),F23,(SUBSTITUTE(SUBSTITUTE(D23," ",""), "_", "")))) -> Baron_etal_1987_Table1 | L23: =J23 & "_" & SUBSTITUTE(SUBSTITUTE(SUBSTITUTE(D23,CHAR(160),"")," ",""),"_","") -> PMID%3A3116076_Table1 | M23: {=IFERROR(INDEX(AUTO_Public_TSV_FileList!$A$1:$A$1000,MATCH(TRUE(),EXACT(L23,IFERROR(_xlfn.TEXTBEFORE(AUTO_Public_TSV_FileList!$A$1:$A$1000,".tsv"),"")),0)),"notfound")} -> PMID%3A3116076_Table1.tsv | P23: FINISHED | U23: table | V23: NO - not digitized | X23: Stephan | Y23: Stephan | AE23: histological sections | AF23: Stephan | AH23: brain-structure volume (Comparison series, Part) | AI23: Insectivora, Scandentia & Primates | AJ23: primary | AK23: primary | AL23: volume
A24: Baron, G., Stephan, H., & Frahm, H. D. (1990). Comparison of brain structure volumes in Insectivora and primates. IX. Trigeminal complex. J Hirnforsch, 31(2), 193-200. https://www.ncbi.nlm.nih.gov/pubmed/2358663 | C24: PMID:2358663 | D24: Table 1 | E24: =RIGHT(A24,1) -> 3 | F24: =G24 & IF(H24<>"", "_" & H24, "_") & IF(I24<>"", "_" & I24, "_") & IF(B24<>"", "_" & B24, "") -> Baron_etal_1990 | G24: =SUBSTITUTE(SUBSTITUTE(_xlfn.TEXTBEFORE(A24,","), "-", ""), " ", "") -> Baron | H24: =_xlfn.LET( _xlpm.authors,_xlfn.TEXTBEFORE(A24," ("&I24&")"), _xlpm.hasAmp,ISNUMBER(SEARCH("&",_xlpm.authors)), _xlpm.commasBeforeAmp,IF(_xlpm.hasAmp,LEN(_xlfn.TEXTBEFORE(_xlpm.authors,"&"))-LEN(SUBSTITUTE(_xlfn.TEXTBEFORE(_xlpm.authors,"&"),",","")),0), IF(NOT(_xlpm.hasAmp),"",IF(_xlpm.commasBeforeAmp>2,"etal",TRIM(_xlfn.TEXTBEFORE(_xlfn.TEXTAFTER(_xlpm.authors,"& "),",")))) ) -> etal | I24: =_xlfn.TEXTBEFORE(_xlfn.TEXTAFTER(A24, "("), ")") -> 1990 | J24: =_xlfn.LET( _xlpm.doi,IF(C24<>"",C24,_xlfn.TEXTAFTER(A24,"https://doi.org/")), SUBSTITUTE( SUBSTITUTE( SUBSTITUTE( SUBSTITUTE( _xlpm.doi, "/","%2F"), ":","%3A"), "<","%3C"), ">","%3E") ) -> PMID%3A2358663 | K24: =TRIM(_xlfn.TEXTJOIN("_",FALSE(),F24,(SUBSTITUTE(SUBSTITUTE(D24," ",""), "_", "")))) -> Baron_etal_1990_Table1 | L24: =J24 & "_" & SUBSTITUTE(SUBSTITUTE(SUBSTITUTE(D24,CHAR(160),"")," ",""),"_","") -> PMID%3A2358663_Table1 | M24: {=IFERROR(INDEX(AUTO_Public_TSV_FileList!$A$1:$A$1000,MATCH(TRUE(),EXACT(L24,IFERROR(_xlfn.TEXTBEFORE(AUTO_Public_TSV_FileList!$A$1:$A$1000,".tsv"),"")),0)),"notfound")} -> PMID%3A2358663_Table1.tsv | N24: Table 1 .IX. Trigeminal complex | P24: FINISHED | U24: table | V24: NO - not digitized | X24: Stephan | Y24: Stephan | AE24: histological sections | AF24: volumetry | AH24: trigeminal complex volume | AI24: Insectivora, Scandentia & Primates | AJ24: primary | AK24: primary | AL24: volume
A25: Baron, G., Stephan, H., & Frahm, H. D. (1996). Comparative Neurobiology in Chiroptera: Macromorphology, Brain Structures, Tables, and Atlases. Birkhäuser. | C25: ISBN:9783764353704 | D25: Table 10 | E25: =RIGHT(A25,1) -> . | F25: =G25 & IF(H25<>"", "_" & H25, "_") & IF(I25<>"", "_" & I25, "_") & IF(B25<>"", "_" & B25, "") -> Baron_etal_1996 | G25: =SUBSTITUTE(SUBSTITUTE(_xlfn.TEXTBEFORE(A25,","), "-", ""), " ", "") -> Baron | H25: =_xlfn.LET( _xlpm.authors,_xlfn.TEXTBEFORE(A25," ("&I25&")"), _xlpm.hasAmp,ISNUMBER(SEARCH("&",_xlpm.authors)), _xlpm.commasBeforeAmp,IF(_xlpm.hasAmp,LEN(_xlfn.TEXTBEFORE(_xlpm.authors,"&"))-LEN(SUBSTITUTE(_xlfn.TEXTBEFORE(_xlpm.authors,"&"),",","")),0), IF(NOT(_xlpm.hasAmp),"",IF(_xlpm.commasBeforeAmp>2,"etal",TRIM(_xlfn.TEXTBEFORE(_xlfn.TEXTAFTER(_xlpm.authors,"& "),",")))) ) -> etal | I25: =_xlfn.TEXTBEFORE(_xlfn.TEXTAFTER(A25, "("), ")") -> 1996 | J25: =_xlfn.LET( _xlpm.doi,IF(C25<>"",C25,_xlfn.TEXTAFTER(A25,"https://doi.org/")), SUBSTITUTE( SUBSTITUTE( SUBSTITUTE( SUBSTITUTE( _xlpm.doi, "/","%2F"), ":","%3A"), "<","%3C"), ">","%3E") ) -> ISBN%3A9783764353704 | K25: =TRIM(_xlfn.TEXTJOIN("_",FALSE(),F25,(SUBSTITUTE(SUBSTITUTE(D25," ",""), "_", "")))) -> Baron_etal_1996_Table10 | L25: =J25 & "_" & SUBSTITUTE(SUBSTITUTE(SUBSTITUTE(D25,CHAR(160),"")," ",""),"_","") -> ISBN%3A9783764353704_Table10 | M25: {=IFERROR(INDEX(AUTO_Public_TSV_FileList!$A$1:$A$1000,MATCH(TRUE(),EXACT(L25,IFERROR(_xlfn.TEXTBEFORE(AUTO_Public_TSV_FileList!$A$1:$A$1000,".tsv"),"")),0)),"notfound")} -> ISBN%3A9783764353704_Table10.tsv | O25: BUILT 2026-08-15: 272 species; five fundamental brain-part volumes. | P25: FINISHED | R25: Baron_etal_1996_Table10_snapshot.csv | S25: Source values preserved; seven blank n values retained as missing. | AJ25: primary | AK25: primary
A26: Baron, G., Stephan, H., & Frahm, H. D. (1996). Comparative Neurobiology in Chiroptera: Macromorphology, Brain Structures, Tables, and Atlases. Birkhäuser. | C26: ISBN:9783764353704 | D26: Table 13 | E26: =RIGHT(A26,1) -> . | F26: =G26 & IF(H26<>"", "_" & H26, "_") & IF(I26<>"", "_" & I26, "_") & IF(B26<>"", "_" & B26, "") -> Baron_etal_1996 | G26: =SUBSTITUTE(SUBSTITUTE(_xlfn.TEXTBEFORE(A26,","), "-", ""), " ", "") -> Baron | H26: =_xlfn.LET( _xlpm.authors,_xlfn.TEXTBEFORE(A26," ("&I26&")"), _xlpm.hasAmp,ISNUMBER(SEARCH("&",_xlpm.authors)), _xlpm.commasBeforeAmp,IF(_xlpm.hasAmp,LEN(_xlfn.TEXTBEFORE(_xlpm.authors,"&"))-LEN(SUBSTITUTE(_xlfn.TEXTBEFORE(_xlpm.authors,"&"),",","")),0), IF(NOT(_xlpm.hasAmp),"",IF(_xlpm.commasBeforeAmp>2,"etal",TRIM(_xlfn.TEXTBEFORE(_xlfn.TEXTAFTER(_xlpm.authors,"& "),",")))) ) -> etal | I26: =_xlfn.TEXTBEFORE(_xlfn.TEXTAFTER(A26, "("), ")") -> 1996 | J26: =_xlfn.LET( _xlpm.doi,IF(C26<>"",C26,_xlfn.TEXTAFTER(A26,"https://doi.org/")), SUBSTITUTE( SUBSTITUTE( SUBSTITUTE( SUBSTITUTE( _xlpm.doi, "/","%2F"), ":","%3A"), "<","%3C"), ">","%3E") ) -> ISBN%3A9783764353704 | K26: =TRIM(_xlfn.TEXTJOIN("_",FALSE(),F26,(SUBSTITUTE(SUBSTITUTE(D26," ",""), "_", "")))) -> Baron_etal_1996_Table13 | L26: =J26 & "_" & SUBSTITUTE(SUBSTITUTE(SUBSTITUTE(D26,CHAR(160),"")," ",""),"_","") -> ISBN%3A9783764353704_Table13 | M26: {=IFERROR(INDEX(AUTO_Public_TSV_FileList!$A$1:$A$1000,MATCH(TRUE(),EXACT(L26,IFERROR(_xlfn.TEXTBEFORE(AUTO_Public_TSV_FileList!$A$1:$A$1000,".tsv"),"")),0)),"notfound")} -> notfound | N26: Volumes (in mm3) of the sensory trigeminal complex and of the tractus solitarii and funicular nuclei of the medulla oblongata | O26: Printed columns: TR (complexus sensorius trigeminalis), TSO (nucleus tractus solitarii), FUN (funicular nuclei), FGR (nucleus fascicularis gracilis; the key abbreviates it FOR), FCM (nucleus fascicularis cuneatus medialis), FCE (nucleus fascicularis cuneatus externus). Size indices are Tables 14-15 — do not transcribe. | P26: VERIFIED CITED PAPER — RELEVANT ITEM IDENTIFIED | T26: Book | U26: PDF table | V26: baron_etal_1996 book Comparative Neurobiology.pdf (pp. 74-78) | X26: Stephan | Y26: Stephan | Z26: trigeminal and somatosensory brainstem nucleus volumes | AA26: Not yet transcribed. PDF pages 74-78; N = 150 printed rows. Extend Baron_etal_1996_extract_snapshots.py, which already reads this PDF's text layer for Tables 10 and 32 with an explicit literal OCR-repair table. | AB26: Structure list, species count and the table's size/index role confirmed against the book's own Table 1 key (PDF pp. 264-265) and the printed column header, 2026-08-31. | AC26: Inherits the whole-source merge gate already recorded for Tables 10/32: seven historical taxon concepts in MANUAL_REVIEW, and source rows that collapse to the same species must be averaged within the item before Tier-1 recency resolution. Resolving that gate once unblocks every Baron item, so build order need not wait on it. | AE26: histological sections | AF26: Stephan | AG26: bats | AH26: trigeminal and somatosensory brainstem nucleus volumes | AI26: Mammals | AJ26: primary | AK26: primary | AL26: volume | AM26: high | AN26: Build. A somatosensory brainstem block with no equivalent in any held source.
A27: Baron, G., Stephan, H., & Frahm, H. D. (1996). Comparative Neurobiology in Chiroptera: Macromorphology, Brain Structures, Tables, and Atlases. Birkhäuser. | C27: ISBN:9783764353704 | D27: Table 16 | E27: =RIGHT(A27,1) -> . | F27: =G27 & IF(H27<>"", "_" & H27, "_") & IF(I27<>"", "_" & I27, "_") & IF(B27<>"", "_" & B27, "") -> Baron_etal_1996 | G27: =SUBSTITUTE(SUBSTITUTE(_xlfn.TEXTBEFORE(A27,","), "-", ""), " ", "") -> Baron | H27: =_xlfn.LET( _xlpm.authors,_xlfn.TEXTBEFORE(A27," ("&I27&")"), _xlpm.hasAmp,ISNUMBER(SEARCH("&",_xlpm.authors)), _xlpm.commasBeforeAmp,IF(_xlpm.hasAmp,LEN(_xlfn.TEXTBEFORE(_xlpm.authors,"&"))-LEN(SUBSTITUTE(_xlfn.TEXTBEFORE(_xlpm.authors,"&"),",","")),0), IF(NOT(_xlpm.hasAmp),"",IF(_xlpm.commasBeforeAmp>2,"etal",TRIM(_xlfn.TEXTBEFORE(_xlfn.TEXTAFTER(_xlpm.authors,"& "),",")))) ) -> etal | I27: =_xlfn.TEXTBEFORE(_xlfn.TEXTAFTER(A27, "("), ")") -> 1996 | J27: =_xlfn.LET( _xlpm.doi,IF(C27<>"",C27,_xlfn.TEXTAFTER(A27,"https://doi.org/")), SUBSTITUTE( SUBSTITUTE( SUBSTITUTE( SUBSTITUTE( _xlpm.doi, "/","%2F"), ":","%3A"), "<","%3C"), ">","%3E") ) -> ISBN%3A9783764353704 | K27: =TRIM(_xlfn.TEXTJOIN("_",FALSE(),F27,(SUBSTITUTE(SUBSTITUTE(D27," ",""), "_", "")))) -> Baron_etal_1996_Table16 | L27: =J27 & "_" & SUBSTITUTE(SUBSTITUTE(SUBSTITUTE(D27,CHAR(160),"")," ",""),"_","") -> ISBN%3A9783764353704_Table16 | M27: {=IFERROR(INDEX(AUTO_Public_TSV_FileList!$A$1:$A$1000,MATCH(TRUE(),EXACT(L27,IFERROR(_xlfn.TEXTBEFORE(AUTO_Public_TSV_FileList!$A$1:$A$1000,".tsv"),"")),0)),"notfound")} -> notfound | N27: Volumes of some motor and relay nuclei of the medulla oblongata | O27: Printed columns: mot X (nucleus dorsalis motorius nervi vagi), mot XII (nucleus nervi hypoglossi), REL (nucleus reticularis lateralis), INO (complexus olivaris inferior), PRP (nucleus prepositus hypoglossi). The book's Table 1 key also assigns the subdivided OBL to this table. Size indices are Tables 17-18 — do not transcribe. | P27: VERIFIED CITED PAPER — RELEVANT ITEM IDENTIFIED | T27: Book | U27: PDF table | V27: baron_etal_1996 book Comparative Neurobiology.pdf (pp. 86-90) | X27: Stephan | Y27: Stephan | Z27: medullary motor and relay nucleus volumes | AA27: Not yet transcribed. PDF pages 86-90; N = 150 printed rows. Extend Baron_etal_1996_extract_snapshots.py, which already reads this PDF's text layer for Tables 10 and 32 with an explicit literal OCR-repair table. | AB27: Structure list, species count and the table's size/index role confirmed against the book's own Table 1 key (PDF pp. 264-265) and the printed column header, 2026-08-31. | AC27: Inherits the whole-source merge gate already recorded for Tables 10/32: seven historical taxon concepts in MANUAL_REVIEW, and source rows that collapse to the same species must be averaged within the item before Tier-1 recency resolution. Resolving that gate once unblocks every Baron item, so build order need not wait on it. | AE27: histological sections | AF27: Stephan | AG27: bats | AH27: medullary motor and relay nucleus volumes | AI27: Mammals | AJ27: primary | AK27: primary | AL27: volume | AM27: high | AN27: Build. Motor-system brainstem nuclei; relevant to the M1 / motor-output strand and not held elsewhere.
A28: Baron, G., Stephan, H., & Frahm, H. D. (1996). Comparative Neurobiology in Chiroptera: Macromorphology, Brain Structures, Tables, and Atlases. Birkhäuser. | C28: ISBN:9783764353704 | D28: Table 19 | E28: =RIGHT(A28,1) -> . | F28: =G28 & IF(H28<>"", "_" & H28, "_") & IF(I28<>"", "_" & I28, "_") & IF(B28<>"", "_" & B28, "") -> Baron_etal_1996 | G28: =SUBSTITUTE(SUBSTITUTE(_xlfn.TEXTBEFORE(A28,","), "-", ""), " ", "") -> Baron | H28: =_xlfn.LET( _xlpm.authors,_xlfn.TEXTBEFORE(A28," ("&I28&")"), _xlpm.hasAmp,ISNUMBER(SEARCH("&",_xlpm.authors)), _xlpm.commasBeforeAmp,IF(_xlpm.hasAmp,LEN(_xlfn.TEXTBEFORE(_xlpm.authors,"&"))-LEN(SUBSTITUTE(_xlfn.TEXTBEFORE(_xlpm.authors,"&"),",","")),0), IF(NOT(_xlpm.hasAmp),"",IF(_xlpm.commasBeforeAmp>2,"etal",TRIM(_xlfn.TEXTBEFORE(_xlfn.TEXTAFTER(_xlpm.authors,"& "),",")))) ) -> etal | I28: =_xlfn.TEXTBEFORE(_xlfn.TEXTAFTER(A28, "("), ")") -> 1996 | J28: =_xlfn.LET( _xlpm.doi,IF(C28<>"",C28,_xlfn.TEXTAFTER(A28,"https://doi.org/")), SUBSTITUTE( SUBSTITUTE( SUBSTITUTE( SUBSTITUTE( _xlpm.doi, "/","%2F"), ":","%3A"), "<","%3C"), ">","%3E") ) -> ISBN%3A9783764353704 | K28: =TRIM(_xlfn.TEXTJOIN("_",FALSE(),F28,(SUBSTITUTE(SUBSTITUTE(D28," ",""), "_", "")))) -> Baron_etal_1996_Table19 | L28: =J28 & "_" & SUBSTITUTE(SUBSTITUTE(SUBSTITUTE(D28,CHAR(160),"")," ",""),"_","") -> ISBN%3A9783764353704_Table19 | M28: {=IFERROR(INDEX(AUTO_Public_TSV_FileList!$A$1:$A$1000,MATCH(TRUE(),EXACT(L28,IFERROR(_xlfn.TEXTBEFORE(AUTO_Public_TSV_FileList!$A$1:$A$1000,".tsv"),"")),0)),"notfound")} -> notfound | N28: Volumes of the vestibular nuclei of the medulla oblongata | O28: Printed columns: VC (vestibular complex), VM (medialis), VI (inferior), VL (lateralis), VS (superior). Size indices are Tables 20-21 — do not transcribe. | P28: VERIFIED CITED PAPER — RELEVANT ITEM IDENTIFIED | T28: Book | U28: PDF table | V28: baron_etal_1996 book Comparative Neurobiology.pdf (pp. 98-102) | X28: Stephan | Y28: Stephan | Z28: vestibular nucleus volumes | AA28: Not yet transcribed. PDF pages 98-102; N = 150 printed rows. Extend Baron_etal_1996_extract_snapshots.py, which already reads this PDF's text layer for Tables 10 and 32 with an explicit literal OCR-repair table. | AB28: Structure list, species count and the table's size/index role confirmed against the book's own Table 1 key (PDF pp. 264-265) and the printed column header, 2026-08-31. | AC28: Inherits the whole-source merge gate already recorded for Tables 10/32: seven historical taxon concepts in MANUAL_REVIEW, and source rows that collapse to the same species must be averaged within the item before Tier-1 recency resolution. Resolving that gate once unblocks every Baron item, so build order need not wait on it. | AE28: histological sections | AF28: Stephan | AG28: bats | AH28: vestibular nucleus volumes | AI28: Mammals | AJ28: primary | AK28: primary | AL28: volume | AM28: high | AN28: Build. Direct Chiroptera counterpart of the built Baron_etal_1988_Table1 vestibular complex for Insectivora, Scandentia and Primates — same team, same five subdivisions, so the two can sit in one vestibular product.
A29: Baron, G., Stephan, H., & Frahm, H. D. (1996). Comparative Neurobiology in Chiroptera: Macromorphology, Brain Structures, Tables, and Atlases. Birkhäuser. | C29: ISBN:9783764353704 | D29: Table 2 | E29: =RIGHT(A29,1) -> . | F29: =G29 & IF(H29<>"", "_" & H29, "_") & IF(I29<>"", "_" & I29, "_") & IF(B29<>"", "_" & B29, "") -> Baron_etal_1996 | G29: =SUBSTITUTE(SUBSTITUTE(_xlfn.TEXTBEFORE(A29,","), "-", ""), " ", "") -> Baron | H29: =_xlfn.LET( _xlpm.authors,_xlfn.TEXTBEFORE(A29," ("&I29&")"), _xlpm.hasAmp,ISNUMBER(SEARCH("&",_xlpm.authors)), _xlpm.commasBeforeAmp,IF(_xlpm.hasAmp,LEN(_xlfn.TEXTBEFORE(_xlpm.authors,"&"))-LEN(SUBSTITUTE(_xlfn.TEXTBEFORE(_xlpm.authors,"&"),",","")),0), IF(NOT(_xlpm.hasAmp),"",IF(_xlpm.commasBeforeAmp>2,"etal",TRIM(_xlfn.TEXTBEFORE(_xlfn.TEXTAFTER(_xlpm.authors,"& "),",")))) ) -> etal | I29: =_xlfn.TEXTBEFORE(_xlfn.TEXTAFTER(A29, "("), ")") -> 1996 | J29: =_xlfn.LET( _xlpm.doi,IF(C29<>"",C29,_xlfn.TEXTAFTER(A29,"https://doi.org/")), SUBSTITUTE( SUBSTITUTE( SUBSTITUTE( SUBSTITUTE( _xlpm.doi, "/","%2F"), ":","%3A"), "<","%3C"), ">","%3E") ) -> ISBN%3A9783764353704 | K29: =TRIM(_xlfn.TEXTJOIN("_",FALSE(),F29,(SUBSTITUTE(SUBSTITUTE(D29," ",""), "_", "")))) -> Baron_etal_1996_Table2 | L29: =J29 & "_" & SUBSTITUTE(SUBSTITUTE(SUBSTITUTE(D29,CHAR(160),"")," ",""),"_","") -> ISBN%3A9783764353704_Table2 | M29: {=IFERROR(INDEX(AUTO_Public_TSV_FileList!$A$1:$A$1000,MATCH(TRUE(),EXACT(L29,IFERROR(_xlfn.TEXTBEFORE(AUTO_Public_TSV_FileList!$A$1:$A$1000,".tsv"),"")),0)),"notfound")} -> notfound | N29: Linear measures of brains in mm | O29: Printed columns: n, BL (brain length), HL (hemisphere length), HW (hemisphere width), HH (hemisphere height), a second n, and CCL (corpus callosum length). Species means over the printed n. Proportion indices derived from these measures are Tables 3 and 4 — do not transcribe those. | P29: VERIFIED CITED PAPER — RELEVANT ITEM IDENTIFIED | T29: Book | U29: PDF table | V29: baron_etal_1996 book Comparative Neurobiology.pdf (pp. 4-11) | X29: Stephan | Y29: Stephan | Z29: linear brain measures (mm); corpus callosum length | AA29: Not yet transcribed. PDF pages 4-11; N = 303 printed rows. Extend Baron_etal_1996_extract_snapshots.py, which already reads this PDF's text layer for Tables 10 and 32 with an explicit literal OCR-repair table. | AB29: Structure list, species count and the table's size/index role confirmed against the book's own Table 1 key (PDF pp. 264-265) and the printed column header, 2026-08-31. | AC29: Inherits the whole-source merge gate already recorded for Tables 10/32: seven historical taxon concepts in MANUAL_REVIEW, and source rows that collapse to the same species must be averaged within the item before Tier-1 recency resolution. Resolving that gate once unblocks every Baron item, so build order need not wait on it. | AE29: histological sections | AF29: Stephan | AG29: bats | AH29: linear brain measures (mm); corpus callosum length | AI29: Mammals | AJ29: primary | AK29: primary | AL29: linear measure (mm) | AM29: medium | AN29: Build. The only linear/gross-morphology block in the book and not held anywhere else in the repo. The second n column applies to CCL only and is often blank; keep both n columns as separate fields.
A30: Baron, G., Stephan, H., & Frahm, H. D. (1996). Comparative Neurobiology in Chiroptera: Macromorphology, Brain Structures, Tables, and Atlases. Birkhäuser. | C30: ISBN:9783764353704 | D30: Table 22 | E30: =RIGHT(A30,1) -> . | F30: =G30 & IF(H30<>"", "_" & H30, "_") & IF(I30<>"", "_" & I30, "_") & IF(B30<>"", "_" & B30, "") -> Baron_etal_1996 | G30: =SUBSTITUTE(SUBSTITUTE(_xlfn.TEXTBEFORE(A30,","), "-", ""), " ", "") -> Baron | H30: =_xlfn.LET( _xlpm.authors,_xlfn.TEXTBEFORE(A30," ("&I30&")"), _xlpm.hasAmp,ISNUMBER(SEARCH("&",_xlpm.authors)), _xlpm.commasBeforeAmp,IF(_xlpm.hasAmp,LEN(_xlfn.TEXTBEFORE(_xlpm.authors,"&"))-LEN(SUBSTITUTE(_xlfn.TEXTBEFORE(_xlpm.authors,"&"),",","")),0), IF(NOT(_xlpm.hasAmp),"",IF(_xlpm.commasBeforeAmp>2,"etal",TRIM(_xlfn.TEXTBEFORE(_xlfn.TEXTAFTER(_xlpm.authors,"& "),",")))) ) -> etal | I30: =_xlfn.TEXTBEFORE(_xlfn.TEXTAFTER(A30, "("), ")") -> 1996 | J30: =_xlfn.LET( _xlpm.doi,IF(C30<>"",C30,_xlfn.TEXTAFTER(A30,"https://doi.org/")), SUBSTITUTE( SUBSTITUTE( SUBSTITUTE( SUBSTITUTE( _xlpm.doi, "/","%2F"), ":","%3A"), "<","%3C"), ">","%3E") ) -> ISBN%3A9783764353704 | K30: =TRIM(_xlfn.TEXTJOIN("_",FALSE(),F30,(SUBSTITUTE(SUBSTITUTE(D30," ",""), "_", "")))) -> Baron_etal_1996_Table22 | L30: =J30 & "_" & SUBSTITUTE(SUBSTITUTE(SUBSTITUTE(D30,CHAR(160),"")," ",""),"_","") -> ISBN%3A9783764353704_Table22 | M30: {=IFERROR(INDEX(AUTO_Public_TSV_FileList!$A$1:$A$1000,MATCH(TRUE(),EXACT(L30,IFERROR(_xlfn.TEXTBEFORE(AUTO_Public_TSV_FileList!$A$1:$A$1000,".tsv"),"")),0)),"notfound")} -> notfound | N30: Volumes of the auditory nuclei of the medulla oblongata | O30: Printed columns: AUD (auditory/acoustic nuclei total), CON (cochlear nuclei), DCO (nucleus cochlearis dorsalis), VCO (nucleus cochlearis ventralis), OLS (complexus olivaris superior). Size indices are Tables 23-24 — do not transcribe. | P30: VERIFIED CITED PAPER — RELEVANT ITEM IDENTIFIED | T30: Book | U30: PDF table | V30: baron_etal_1996 book Comparative Neurobiology.pdf (pp. 110-114) | X30: Stephan | Y30: Stephan | Z30: auditory brainstem nucleus volumes | AA30: Not yet transcribed. PDF pages 110-114; N = 150 printed rows. Extend Baron_etal_1996_extract_snapshots.py, which already reads this PDF's text layer for Tables 10 and 32 with an explicit literal OCR-repair table. | AB30: Structure list, species count and the table's size/index role confirmed against the book's own Table 1 key (PDF pp. 264-265) and the printed column header, 2026-08-31. | AC30: Inherits the whole-source merge gate already recorded for Tables 10/32: seven historical taxon concepts in MANUAL_REVIEW, and source rows that collapse to the same species must be averaged within the item before Tier-1 recency resolution. Resolving that gate once unblocks every Baron item, so build order need not wait on it. | AE30: histological sections | AF30: Stephan | AG30: bats | AH30: auditory brainstem nucleus volumes | AI30: Mammals | AJ30: primary | AK30: primary | AL30: volume | AM30: high | AN30: Build, high priority. The volumetric counterpart to the hearing traits in the ____Sensory_audiovisual Bath archive, and no other held source carries auditory nucleus volumes for any taxon. Pair with Table 25 (inferior colliculus) and Table 30 (nuclei lemnisci lateralis, medial geniculate) for a complete auditory pathway.
A31: Baron, G., Stephan, H., & Frahm, H. D. (1996). Comparative Neurobiology in Chiroptera: Macromorphology, Brain Structures, Tables, and Atlases. Birkhäuser. | C31: ISBN:9783764353704 | D31: Table 25 | E31: =RIGHT(A31,1) -> . | F31: =G31 & IF(H31<>"", "_" & H31, "_") & IF(I31<>"", "_" & I31, "_") & IF(B31<>"", "_" & B31, "") -> Baron_etal_1996 | G31: =SUBSTITUTE(SUBSTITUTE(_xlfn.TEXTBEFORE(A31,","), "-", ""), " ", "") -> Baron | H31: =_xlfn.LET( _xlpm.authors,_xlfn.TEXTBEFORE(A31," ("&I31&")"), _xlpm.hasAmp,ISNUMBER(SEARCH("&",_xlpm.authors)), _xlpm.commasBeforeAmp,IF(_xlpm.hasAmp,LEN(_xlfn.TEXTBEFORE(_xlpm.authors,"&"))-LEN(SUBSTITUTE(_xlfn.TEXTBEFORE(_xlpm.authors,"&"),",","")),0), IF(NOT(_xlpm.hasAmp),"",IF(_xlpm.commasBeforeAmp>2,"etal",TRIM(_xlfn.TEXTBEFORE(_xlfn.TEXTAFTER(_xlpm.authors,"& "),",")))) ) -> etal | I31: =_xlfn.TEXTBEFORE(_xlfn.TEXTAFTER(A31, "("), ")") -> 1996 | J31: =_xlfn.LET( _xlpm.doi,IF(C31<>"",C31,_xlfn.TEXTAFTER(A31,"https://doi.org/")), SUBSTITUTE( SUBSTITUTE( SUBSTITUTE( SUBSTITUTE( _xlpm.doi, "/","%2F"), ":","%3A"), "<","%3C"), ">","%3E") ) -> ISBN%3A9783764353704 | K31: =TRIM(_xlfn.TEXTJOIN("_",FALSE(),F31,(SUBSTITUTE(SUBSTITUTE(D31," ",""), "_", "")))) -> Baron_etal_1996_Table25 | L31: =J31 & "_" & SUBSTITUTE(SUBSTITUTE(SUBSTITUTE(D31,CHAR(160),"")," ",""),"_","") -> ISBN%3A9783764353704_Table25 | M31: {=IFERROR(INDEX(AUTO_Public_TSV_FileList!$A$1:$A$1000,MATCH(TRUE(),EXACT(L31,IFERROR(_xlfn.TEXTBEFORE(AUTO_Public_TSV_FileList!$A$1:$A$1000,".tsv"),"")),0)),"notfound")} -> notfound | N31: Volumes of mesencephalic components | O31: Printed columns: MES (mesencephalon), MTG (tegmentum mesencephali), MTC (tectum mesencephali), INC (colliculi inferiores), SUC (colliculi superiores; printed 'sue' in the OCR of the key). Size indices are Tables 26-27 — do not transcribe. | P31: VERIFIED CITED PAPER — RELEVANT ITEM IDENTIFIED | T31: Book | U31: PDF table | V31: baron_etal_1996 book Comparative Neurobiology.pdf (pp. 122-126) | X31: Stephan | Y31: Stephan | Z31: mesencephalic component volumes; inferior and superior colliculus | AA31: Not yet transcribed. PDF pages 122-126; N = 150 printed rows. Extend Baron_etal_1996_extract_snapshots.py, which already reads this PDF's text layer for Tables 10 and 32 with an explicit literal OCR-repair table. | AB31: Structure list, species count and the table's size/index role confirmed against the book's own Table 1 key (PDF pp. 264-265) and the printed column header, 2026-08-31. | AC31: Inherits the whole-source merge gate already recorded for Tables 10/32: seven historical taxon concepts in MANUAL_REVIEW, and source rows that collapse to the same species must be averaged within the item before Tier-1 recency resolution. Resolving that gate once unblocks every Baron item, so build order need not wait on it. | AE31: histological sections | AF31: Stephan | AG31: bats | AH31: mesencephalic component volumes; inferior and superior colliculus | AI31: Mammals | AJ31: primary | AK31: primary | AL31: volume | AM31: high | AN31: Build. Splits the Table 10 mesencephalon into tectum/tegmentum and separates inferior from superior colliculus — the auditory and visual midbrain relays, which is exactly the split the audiovisual programme needs. MES here should reconcile with the Table 10 MES column; run that check at build.
A32: Baron, G., Stephan, H., & Frahm, H. D. (1996). Comparative Neurobiology in Chiroptera: Macromorphology, Brain Structures, Tables, and Atlases. Birkhäuser. | C32: ISBN:9783764353704 | D32: Table 28 | E32: =RIGHT(A32,1) -> . | F32: =G32 & IF(H32<>"", "_" & H32, "_") & IF(I32<>"", "_" & I32, "_") & IF(B32<>"", "_" & B32, "") -> Baron_etal_1996 | G32: =SUBSTITUTE(SUBSTITUTE(_xlfn.TEXTBEFORE(A32,","), "-", ""), " ", "") -> Baron | H32: =_xlfn.LET( _xlpm.authors,_xlfn.TEXTBEFORE(A32," ("&I32&")"), _xlpm.hasAmp,ISNUMBER(SEARCH("&",_xlpm.authors)), _xlpm.commasBeforeAmp,IF(_xlpm.hasAmp,LEN(_xlfn.TEXTBEFORE(_xlpm.authors,"&"))-LEN(SUBSTITUTE(_xlfn.TEXTBEFORE(_xlpm.authors,"&"),",","")),0), IF(NOT(_xlpm.hasAmp),"",IF(_xlpm.commasBeforeAmp>2,"etal",TRIM(_xlfn.TEXTBEFORE(_xlfn.TEXTAFTER(_xlpm.authors,"& "),",")))) ) -> etal | I32: =_xlfn.TEXTBEFORE(_xlfn.TEXTAFTER(A32, "("), ")") -> 1996 | J32: =_xlfn.LET( _xlpm.doi,IF(C32<>"",C32,_xlfn.TEXTAFTER(A32,"https://doi.org/")), SUBSTITUTE( SUBSTITUTE( SUBSTITUTE( SUBSTITUTE( _xlpm.doi, "/","%2F"), ":","%3A"), "<","%3C"), ">","%3E") ) -> ISBN%3A9783764353704 | K32: =TRIM(_xlfn.TEXTJOIN("_",FALSE(),F32,(SUBSTITUTE(SUBSTITUTE(D32," ",""), "_", "")))) -> Baron_etal_1996_Table28 | L32: =J32 & "_" & SUBSTITUTE(SUBSTITUTE(SUBSTITUTE(D32,CHAR(160),"")," ",""),"_","") -> ISBN%3A9783764353704_Table28 | M32: {=IFERROR(INDEX(AUTO_Public_TSV_FileList!$A$1:$A$1000,MATCH(TRUE(),EXACT(L32,IFERROR(_xlfn.TEXTBEFORE(AUTO_Public_TSV_FileList!$A$1:$A$1000,".tsv"),"")),0)),"notfound")} -> notfound | N32: Volumes of cerebellar nuclei in mm3 | O32: Printed columns: CER (cerebellum), TCN (total cerebellar nuclei), MCN (nucleus medialis cerebelli), ICN (nucleus interpositus, OCR'd 'lCN'), LCN (nucleus lateralis cerebelli). One printed page. Size and average size indices are Table 29 — do not transcribe. | P32: VERIFIED CITED PAPER — RELEVANT ITEM IDENTIFIED | T32: Book | U32: PDF table | V32: baron_etal_1996 book Comparative Neurobiology.pdf (pp. 134) | X32: Stephan | Y32: Stephan | Z32: cerebellar nucleus volumes | AA32: Not yet transcribed. PDF pages 134; N = 18 printed rows. Extend Baron_etal_1996_extract_snapshots.py, which already reads this PDF's text layer for Tables 10 and 32 with an explicit literal OCR-repair table. | AB32: Structure list, species count and the table's size/index role confirmed against the book's own Table 1 key (PDF pp. 264-265) and the printed column header, 2026-08-31. | AC32: Inherits the whole-source merge gate already recorded for Tables 10/32: seven historical taxon concepts in MANUAL_REVIEW, and source rows that collapse to the same species must be averaged within the item before Tier-1 recency resolution. Resolving that gate once unblocks every Baron item, so build order need not wait on it. | AE32: histological sections | AF32: Stephan | AG32: bats | AH32: cerebellar nucleus volumes | AI32: Mammals | AJ32: primary | AK32: primary | AL32: volume | AM32: medium | AN32: Build; small and cheap (18 species, one page). CER should reconcile with the Table 10 cerebellum column. Feeds any cerebellar product alongside __merging_cerebellar_folding.
A33: Baron, G., Stephan, H., & Frahm, H. D. (1996). Comparative Neurobiology in Chiroptera: Macromorphology, Brain Structures, Tables, and Atlases. Birkhäuser. | C33: ISBN:9783764353704 | D33: Table 30 | E33: =RIGHT(A33,1) -> . | F33: =G33 & IF(H33<>"", "_" & H33, "_") & IF(I33<>"", "_" & I33, "_") & IF(B33<>"", "_" & B33, "") -> Baron_etal_1996 | G33: =SUBSTITUTE(SUBSTITUTE(_xlfn.TEXTBEFORE(A33,","), "-", ""), " ", "") -> Baron | H33: =_xlfn.LET( _xlpm.authors,_xlfn.TEXTBEFORE(A33," ("&I33&")"), _xlpm.hasAmp,ISNUMBER(SEARCH("&",_xlpm.authors)), _xlpm.commasBeforeAmp,IF(_xlpm.hasAmp,LEN(_xlfn.TEXTBEFORE(_xlpm.authors,"&"))-LEN(SUBSTITUTE(_xlfn.TEXTBEFORE(_xlpm.authors,"&"),",","")),0), IF(NOT(_xlpm.hasAmp),"",IF(_xlpm.commasBeforeAmp>2,"etal",TRIM(_xlfn.TEXTBEFORE(_xlfn.TEXTAFTER(_xlpm.authors,"& "),",")))) ) -> etal | I33: =_xlfn.TEXTBEFORE(_xlfn.TEXTAFTER(A33, "("), ")") -> 1996 | J33: =_xlfn.LET( _xlpm.doi,IF(C33<>"",C33,_xlfn.TEXTAFTER(A33,"https://doi.org/")), SUBSTITUTE( SUBSTITUTE( SUBSTITUTE( SUBSTITUTE( _xlpm.doi, "/","%2F"), ":","%3A"), "<","%3C"), ">","%3E") ) -> ISBN%3A9783764353704 | K33: =TRIM(_xlfn.TEXTJOIN("_",FALSE(),F33,(SUBSTITUTE(SUBSTITUTE(D33," ",""), "_", "")))) -> Baron_etal_1996_Table30 | L33: =J33 & "_" & SUBSTITUTE(SUBSTITUTE(SUBSTITUTE(D33,CHAR(160),"")," ",""),"_","") -> ISBN%3A9783764353704_Table30 | M33: {=IFERROR(INDEX(AUTO_Public_TSV_FileList!$A$1:$A$1000,MATCH(TRUE(),EXACT(L33,IFERROR(_xlfn.TEXTBEFORE(AUTO_Public_TSV_FileList!$A$1:$A$1000,".tsv"),"")),0)),"notfound")} -> notfound | N33: Volumes of some mesencephalic and diencephalic components in mm3 | O33: Printed columns read NLL, COM, COL, OLD, OLV in the OCR; per the book's Table 1 key these are NLL (nuclei lemnisci lateralis), CGM (corpus geniculatum mediale), CGL (corpus geniculatum laterale), GLD (dorsal part of CGL), GLV (ventral part of CGL). One printed page. Size and average size indices are Table 31 — do not transcribe. | P33: VERIFIED CITED PAPER — RELEVANT ITEM IDENTIFIED | T33: Book | U33: PDF table | V33: baron_etal_1996 book Comparative Neurobiology.pdf (pp. 136) | X33: Stephan | Y33: Stephan | Z33: lateral lemniscus and geniculate nucleus volumes | AA33: Not yet transcribed. PDF pages 136; N = 19 printed rows. Extend Baron_etal_1996_extract_snapshots.py, which already reads this PDF's text layer for Tables 10 and 32 with an explicit literal OCR-repair table. | AB33: Structure list, species count and the table's size/index role confirmed against the book's own Table 1 key (PDF pp. 264-265) and the printed column header, 2026-08-31. | AC33: Inherits the whole-source merge gate already recorded for Tables 10/32: seven historical taxon concepts in MANUAL_REVIEW, and source rows that collapse to the same species must be averaged within the item before Tier-1 recency resolution. Resolving that gate once unblocks every Baron item, so build order need not wait on it. | AE33: histological sections | AF33: Stephan | AG33: bats | AH33: lateral lemniscus and geniculate nucleus volumes | AI33: Mammals | AJ33: primary | AK33: primary | AL33: volume | AM33: high | AN33: Build; small and cheap (19 species, one page) and disproportionately useful: medial geniculate (auditory) and lateral geniculate with its dorsal/ventral split (visual) in one table, which is the thalamic tier of the audiovisual comparison. Carry the corrected abbreviations, not the OCR forms. This table is also the only place Asellia tridens appears with component volumes.
A34: Baron, G., Stephan, H., & Frahm, H. D. (1996). Comparative Neurobiology in Chiroptera: Macromorphology, Brain Structures, Tables, and Atlases. Birkhäuser. | C34: ISBN:9783764353704 | D34: Table 32 | E34: =RIGHT(A34,1) -> . | F34: =G34 & IF(H34<>"", "_" & H34, "_") & IF(I34<>"", "_" & I34, "_") & IF(B34<>"", "_" & B34, "") -> Baron_etal_1996 | G34: =SUBSTITUTE(SUBSTITUTE(_xlfn.TEXTBEFORE(A34,","), "-", ""), " ", "") -> Baron | H34: =_xlfn.LET( _xlpm.authors,_xlfn.TEXTBEFORE(A34," ("&I34&")"), _xlpm.hasAmp,ISNUMBER(SEARCH("&",_xlpm.authors)), _xlpm.commasBeforeAmp,IF(_xlpm.hasAmp,LEN(_xlfn.TEXTBEFORE(_xlpm.authors,"&"))-LEN(SUBSTITUTE(_xlfn.TEXTBEFORE(_xlpm.authors,"&"),",","")),0), IF(NOT(_xlpm.hasAmp),"",IF(_xlpm.commasBeforeAmp>2,"etal",TRIM(_xlfn.TEXTBEFORE(_xlfn.TEXTAFTER(_xlpm.authors,"& "),",")))) ) -> etal | I34: =_xlfn.TEXTBEFORE(_xlfn.TEXTAFTER(A34, "("), ")") -> 1996 | J34: =_xlfn.LET( _xlpm.doi,IF(C34<>"",C34,_xlfn.TEXTAFTER(A34,"https://doi.org/")), SUBSTITUTE( SUBSTITUTE( SUBSTITUTE( SUBSTITUTE( _xlpm.doi, "/","%2F"), ":","%3A"), "<","%3C"), ">","%3E") ) -> ISBN%3A9783764353704 | K34: =TRIM(_xlfn.TEXTJOIN("_",FALSE(),F34,(SUBSTITUTE(SUBSTITUTE(D34," ",""), "_", "")))) -> Baron_etal_1996_Table32 | L34: =J34 & "_" & SUBSTITUTE(SUBSTITUTE(SUBSTITUTE(D34,CHAR(160),"")," ",""),"_","") -> ISBN%3A9783764353704_Table32 | M34: {=IFERROR(INDEX(AUTO_Public_TSV_FileList!$A$1:$A$1000,MATCH(TRUE(),EXACT(L34,IFERROR(_xlfn.TEXTBEFORE(AUTO_Public_TSV_FileList!$A$1:$A$1000,".tsv"),"")),0)),"notfound")} -> ISBN%3A9783764353704_Table32.tsv | O34: BUILT 2026-08-15: 272 species; telencephalic component volumes. Two source-level component-sum conflicts are retained and reported. | P34: FINISHED | R34: Baron_etal_1996_Table32_snapshot.csv | S34: Source values preserved; two Table 32 versus Table 10 component-sum conflicts flagged, not corrected. | AJ34: primary | AK34: primary
A35: Baron, G., Stephan, H., & Frahm, H. D. (1996). Comparative Neurobiology in Chiroptera: Macromorphology, Brain Structures, Tables, and Atlases. Birkhäuser. | C35: ISBN:9783764353704 | D35: Table 35 | E35: =RIGHT(A35,1) -> . | F35: =G35 & IF(H35<>"", "_" & H35, "_") & IF(I35<>"", "_" & I35, "_") & IF(B35<>"", "_" & B35, "") -> Baron_etal_1996 | G35: =SUBSTITUTE(SUBSTITUTE(_xlfn.TEXTBEFORE(A35,","), "-", ""), " ", "") -> Baron | H35: =_xlfn.LET( _xlpm.authors,_xlfn.TEXTBEFORE(A35," ("&I35&")"), _xlpm.hasAmp,ISNUMBER(SEARCH("&",_xlpm.authors)), _xlpm.commasBeforeAmp,IF(_xlpm.hasAmp,LEN(_xlfn.TEXTBEFORE(_xlpm.authors,"&"))-LEN(SUBSTITUTE(_xlfn.TEXTBEFORE(_xlpm.authors,"&"),",","")),0), IF(NOT(_xlpm.hasAmp),"",IF(_xlpm.commasBeforeAmp>2,"etal",TRIM(_xlfn.TEXTBEFORE(_xlfn.TEXTAFTER(_xlpm.authors,"& "),",")))) ) -> etal | I35: =_xlfn.TEXTBEFORE(_xlfn.TEXTAFTER(A35, "("), ")") -> 1996 | J35: =_xlfn.LET( _xlpm.doi,IF(C35<>"",C35,_xlfn.TEXTAFTER(A35,"https://doi.org/")), SUBSTITUTE( SUBSTITUTE( SUBSTITUTE( SUBSTITUTE( _xlpm.doi, "/","%2F"), ":","%3A"), "<","%3C"), ">","%3E") ) -> ISBN%3A9783764353704 | K35: =TRIM(_xlfn.TEXTJOIN("_",FALSE(),F35,(SUBSTITUTE(SUBSTITUTE(D35," ",""), "_", "")))) -> Baron_etal_1996_Table35 | L35: =J35 & "_" & SUBSTITUTE(SUBSTITUTE(SUBSTITUTE(D35,CHAR(160),"")," ",""),"_","") -> ISBN%3A9783764353704_Table35 | M35: {=IFERROR(INDEX(AUTO_Public_TSV_FileList!$A$1:$A$1000,MATCH(TRUE(),EXACT(L35,IFERROR(_xlfn.TEXTBEFORE(AUTO_Public_TSV_FileList!$A$1:$A$1000,".tsv"),"")),0)),"notfound")} -> notfound | N35: Volumes, size indices, average size indices of the accessory olfactory bulb, and percentage of AOB relative to the BOL complex | O35: Mixed table: only the AOB volume column is raw. The size indices, average size indices and the AOB / (MOB + AOB) percentage printed alongside it are derived and should not be carried as measurements. | P35: VERIFIED CITED PAPER — RELEVANT ITEM IDENTIFIED | T35: Book | U35: PDF table | V35: baron_etal_1996 book Comparative Neurobiology.pdf (pp. 156-158) | X35: Stephan | Y35: Stephan | Z35: accessory olfactory bulb volume | AA35: Not yet transcribed. PDF pages 156-158; N = 63 printed rows. Extend Baron_etal_1996_extract_snapshots.py, which already reads this PDF's text layer for Tables 10 and 32 with an explicit literal OCR-repair table. | AB35: Structure list, species count and the table's size/index role confirmed against the book's own Table 1 key (PDF pp. 264-265) and the printed column header, 2026-08-31. | AC35: Inherits the whole-source merge gate already recorded for Tables 10/32: seven historical taxon concepts in MANUAL_REVIEW, and source rows that collapse to the same species must be averaged within the item before Tier-1 recency resolution. Resolving that gate once unblocks every Baron item, so build order need not wait on it. | AE35: histological sections | AF35: Stephan | AG35: bats | AH35: accessory olfactory bulb volume | AI35: Mammals | AJ35: primary | AK35: primary | AL35: volume | AM35: medium | AN35: Build the volume column only. AOB is not separated in Table 32, whose BOL is the whole olfactory bulb complex, so this is the only route to an MOB/AOB split for bats.
A36: Baron, G., Stephan, H., & Frahm, H. D. (1996). Comparative Neurobiology in Chiroptera: Macromorphology, Brain Structures, Tables, and Atlases. Birkhäuser. | C36: ISBN:9783764353704 | D36: Table 36 | E36: =RIGHT(A36,1) -> . | F36: =G36 & IF(H36<>"", "_" & H36, "_") & IF(I36<>"", "_" & I36, "_") & IF(B36<>"", "_" & B36, "") -> Baron_etal_1996 | G36: =SUBSTITUTE(SUBSTITUTE(_xlfn.TEXTBEFORE(A36,","), "-", ""), " ", "") -> Baron | H36: =_xlfn.LET( _xlpm.authors,_xlfn.TEXTBEFORE(A36," ("&I36&")"), _xlpm.hasAmp,ISNUMBER(SEARCH("&",_xlpm.authors)), _xlpm.commasBeforeAmp,IF(_xlpm.hasAmp,LEN(_xlfn.TEXTBEFORE(_xlpm.authors,"&"))-LEN(SUBSTITUTE(_xlfn.TEXTBEFORE(_xlpm.authors,"&"),",","")),0), IF(NOT(_xlpm.hasAmp),"",IF(_xlpm.commasBeforeAmp>2,"etal",TRIM(_xlfn.TEXTBEFORE(_xlfn.TEXTAFTER(_xlpm.authors,"& "),",")))) ) -> etal | I36: =_xlfn.TEXTBEFORE(_xlfn.TEXTAFTER(A36, "("), ")") -> 1996 | J36: =_xlfn.LET( _xlpm.doi,IF(C36<>"",C36,_xlfn.TEXTAFTER(A36,"https://doi.org/")), SUBSTITUTE( SUBSTITUTE( SUBSTITUTE( SUBSTITUTE( _xlpm.doi, "/","%2F"), ":","%3A"), "<","%3C"), ">","%3E") ) -> ISBN%3A9783764353704 | K36: =TRIM(_xlfn.TEXTJOIN("_",FALSE(),F36,(SUBSTITUTE(SUBSTITUTE(D36," ",""), "_", "")))) -> Baron_etal_1996_Table36 | L36: =J36 & "_" & SUBSTITUTE(SUBSTITUTE(SUBSTITUTE(D36,CHAR(160),"")," ",""),"_","") -> ISBN%3A9783764353704_Table36 | M36: {=IFERROR(INDEX(AUTO_Public_TSV_FileList!$A$1:$A$1000,MATCH(TRUE(),EXACT(L36,IFERROR(_xlfn.TEXTBEFORE(AUTO_Public_TSV_FileList!$A$1:$A$1000,".tsv"),"")),0)),"notfound")} -> notfound | N36: Schneider's area measurements of cortical regions (mm2) | O36: Printed columns: TOT, TOT minus BOL, ALLO minus BOL, NEO, ALLO, PAL plus BOL, SCH, HIP, CING. Reprinted from Schneider (1957b). Percentages and allometric indices are Tables 37-38 — do not transcribe. | P36: VERIFIED CITED PAPER — RELEVANT ITEM IDENTIFIED | T36: Book | U36: PDF table | V36: baron_etal_1996 book Comparative Neurobiology.pdf (pp. 159) | Z36: cortical surface areas (mm2) | AA36: Not yet transcribed. PDF pages 159; N = 14 printed rows. Extend Baron_etal_1996_extract_snapshots.py, which already reads this PDF's text layer for Tables 10 and 32 with an explicit literal OCR-repair table. | AB36: Structure list, species count and the table's size/index role confirmed against the book's own Table 1 key (PDF pp. 264-265) and the printed column header, 2026-08-31. | AC36: Reprinted from another author's work, not a Frankfurt-collection measurement. Register as secondary and keep the original author attribution in the item note; check the upstream publication before treating any value as primary. Inherits the whole-source merge gate already recorded for Tables 10/32: seven historical taxon concepts in MANUAL_REVIEW, and source rows that collapse to the same species must be averaged within the item before Tier-1 recency resolution. Resolving that gate once unblocks every Baron item, so build order need not wait on it. | AE36: histological sections | AF36: Schneider (1957b) planimetry of cortical regions | AG36: bats | AH36: cortical surface areas (mm2) | AI36: Mammals | AJ36: secondary | AK36: secondary | AL36: cortical surface area | AM36: medium | AN36: Build only if bat cortical surface areas are wanted for __merging_cortical_areas. Secondary: the measurements are Schneider's (1957b), and Stephan & Pirlot 1970 cite Schneider's cortical surface work directly, so prefer the original if it can be obtained.
A37: Baron, G., Stephan, H., & Frahm, H. D. (1996). Comparative Neurobiology in Chiroptera: Macromorphology, Brain Structures, Tables, and Atlases. Birkhäuser. | C37: ISBN:9783764353704 | D37: Table 39 | E37: =RIGHT(A37,1) -> . | F37: =G37 & IF(H37<>"", "_" & H37, "_") & IF(I37<>"", "_" & I37, "_") & IF(B37<>"", "_" & B37, "") -> Baron_etal_1996 | G37: =SUBSTITUTE(SUBSTITUTE(_xlfn.TEXTBEFORE(A37,","), "-", ""), " ", "") -> Baron | H37: =_xlfn.LET( _xlpm.authors,_xlfn.TEXTBEFORE(A37," ("&I37&")"), _xlpm.hasAmp,ISNUMBER(SEARCH("&",_xlpm.authors)), _xlpm.commasBeforeAmp,IF(_xlpm.hasAmp,LEN(_xlfn.TEXTBEFORE(_xlpm.authors,"&"))-LEN(SUBSTITUTE(_xlfn.TEXTBEFORE(_xlpm.authors,"&"),",","")),0), IF(NOT(_xlpm.hasAmp),"",IF(_xlpm.commasBeforeAmp>2,"etal",TRIM(_xlfn.TEXTBEFORE(_xlfn.TEXTAFTER(_xlpm.authors,"& "),",")))) ) -> etal | I37: =_xlfn.TEXTBEFORE(_xlfn.TEXTAFTER(A37, "("), ")") -> 1996 | J37: =_xlfn.LET( _xlpm.doi,IF(C37<>"",C37,_xlfn.TEXTAFTER(A37,"https://doi.org/")), SUBSTITUTE( SUBSTITUTE( SUBSTITUTE( SUBSTITUTE( _xlpm.doi, "/","%2F"), ":","%3A"), "<","%3C"), ">","%3E") ) -> ISBN%3A9783764353704 | K37: =TRIM(_xlfn.TEXTJOIN("_",FALSE(),F37,(SUBSTITUTE(SUBSTITUTE(D37," ",""), "_", "")))) -> Baron_etal_1996_Table39 | L37: =J37 & "_" & SUBSTITUTE(SUBSTITUTE(SUBSTITUTE(D37,CHAR(160),"")," ",""),"_","") -> ISBN%3A9783764353704_Table39 | M37: {=IFERROR(INDEX(AUTO_Public_TSV_FileList!$A$1:$A$1000,MATCH(TRUE(),EXACT(L37,IFERROR(_xlfn.TEXTBEFORE(AUTO_Public_TSV_FileList!$A$1:$A$1000,".tsv"),"")),0)),"notfound")} -> notfound | N37: Lütgemeier's area measurements of cortical regions (in mm2) | O37: Printed columns: TOT, NEO, ALLO, SEMI, SCH, BIC. Reprinted from Lütgemeier (1962). Percentage composition and allometric indices are Tables 40-41 — do not transcribe. | P37: VERIFIED CITED PAPER — RELEVANT ITEM IDENTIFIED | T37: Book | U37: PDF table | V37: baron_etal_1996 book Comparative Neurobiology.pdf (pp. 161) | Z37: cortical surface areas (mm2) | AA37: Not yet transcribed. PDF pages 161; N = 6 printed rows. Extend Baron_etal_1996_extract_snapshots.py, which already reads this PDF's text layer for Tables 10 and 32 with an explicit literal OCR-repair table. | AB37: Structure list, species count and the table's size/index role confirmed against the book's own Table 1 key (PDF pp. 264-265) and the printed column header, 2026-08-31. | AC37: Reprinted from another author's work, not a Frankfurt-collection measurement. Register as secondary and keep the original author attribution in the item note; check the upstream publication before treating any value as primary. Inherits the whole-source merge gate already recorded for Tables 10/32: seven historical taxon concepts in MANUAL_REVIEW, and source rows that collapse to the same species must be averaged within the item before Tier-1 recency resolution. Resolving that gate once unblocks every Baron item, so build order need not wait on it. | AE37: histological sections | AF37: Lütgemeier (1962) planimetry of cortical regions | AG37: bats | AH37: cortical surface areas (mm2) | AI37: Mammals | AJ37: secondary | AK37: secondary | AL37: cortical surface area | AM37: low | AN37: Build only alongside Tables 42 and 45, which subdivide the same six species. Secondary (Lütgemeier 1962); prefer the original publication if obtainable.
A38: Baron, G., Stephan, H., & Frahm, H. D. (1996). Comparative Neurobiology in Chiroptera: Macromorphology, Brain Structures, Tables, and Atlases. Birkhäuser. | C38: ISBN:9783764353704 | D38: Table 42 | E38: =RIGHT(A38,1) -> . | F38: =G38 & IF(H38<>"", "_" & H38, "_") & IF(I38<>"", "_" & I38, "_") & IF(B38<>"", "_" & B38, "") -> Baron_etal_1996 | G38: =SUBSTITUTE(SUBSTITUTE(_xlfn.TEXTBEFORE(A38,","), "-", ""), " ", "") -> Baron | H38: =_xlfn.LET( _xlpm.authors,_xlfn.TEXTBEFORE(A38," ("&I38&")"), _xlpm.hasAmp,ISNUMBER(SEARCH("&",_xlpm.authors)), _xlpm.commasBeforeAmp,IF(_xlpm.hasAmp,LEN(_xlfn.TEXTBEFORE(_xlpm.authors,"&"))-LEN(SUBSTITUTE(_xlfn.TEXTBEFORE(_xlpm.authors,"&"),",","")),0), IF(NOT(_xlpm.hasAmp),"",IF(_xlpm.commasBeforeAmp>2,"etal",TRIM(_xlfn.TEXTBEFORE(_xlfn.TEXTAFTER(_xlpm.authors,"& "),",")))) ) -> etal | I38: =_xlfn.TEXTBEFORE(_xlfn.TEXTAFTER(A38, "("), ")") -> 1996 | J38: =_xlfn.LET( _xlpm.doi,IF(C38<>"",C38,_xlfn.TEXTAFTER(A38,"https://doi.org/")), SUBSTITUTE( SUBSTITUTE( SUBSTITUTE( SUBSTITUTE( _xlpm.doi, "/","%2F"), ":","%3A"), "<","%3C"), ">","%3E") ) -> ISBN%3A9783764353704 | K38: =TRIM(_xlfn.TEXTJOIN("_",FALSE(),F38,(SUBSTITUTE(SUBSTITUTE(D38," ",""), "_", "")))) -> Baron_etal_1996_Table42 | L38: =J38 & "_" & SUBSTITUTE(SUBSTITUTE(SUBSTITUTE(D38,CHAR(160),"")," ",""),"_","") -> ISBN%3A9783764353704_Table42 | M38: {=IFERROR(INDEX(AUTO_Public_TSV_FileList!$A$1:$A$1000,MATCH(TRUE(),EXACT(L38,IFERROR(_xlfn.TEXTBEFORE(AUTO_Public_TSV_FileList!$A$1:$A$1000,".tsv"),"")),0)),"notfound")} -> notfound | N38: Lütgemeier's area measurements of the semicortex (in mm2) | O38: Subdivision of the SEMI column of Table 39 for the same six species. Percentage composition and allometric indices are Tables 43-44 — do not transcribe. | P38: VERIFIED CITED PAPER — RELEVANT ITEM IDENTIFIED | T38: Book | U38: PDF table | V38: baron_etal_1996 book Comparative Neurobiology.pdf (pp. 162) | Z38: semicortex surface areas (mm2) | AA38: Not yet transcribed. PDF pages 162; N = 6 printed rows. Extend Baron_etal_1996_extract_snapshots.py, which already reads this PDF's text layer for Tables 10 and 32 with an explicit literal OCR-repair table. | AB38: Structure list, species count and the table's size/index role confirmed against the book's own Table 1 key (PDF pp. 264-265) and the printed column header, 2026-08-31. | AC38: Reprinted from another author's work, not a Frankfurt-collection measurement. Register as secondary and keep the original author attribution in the item note; check the upstream publication before treating any value as primary. Inherits the whole-source merge gate already recorded for Tables 10/32: seven historical taxon concepts in MANUAL_REVIEW, and source rows that collapse to the same species must be averaged within the item before Tier-1 recency resolution. Resolving that gate once unblocks every Baron item, so build order need not wait on it. | AE38: histological sections | AF38: Lütgemeier (1962) planimetry of cortical regions | AG38: bats | AH38: semicortex surface areas (mm2) | AI38: Mammals | AJ38: secondary | AK38: secondary | AL38: cortical surface area | AM38: low | AN38: Build only with Tables 39 and 45. Secondary (Lütgemeier 1962).
A39: Baron, G., Stephan, H., & Frahm, H. D. (1996). Comparative Neurobiology in Chiroptera: Macromorphology, Brain Structures, Tables, and Atlases. Birkhäuser. | C39: ISBN:9783764353704 | D39: Table 45 | E39: =RIGHT(A39,1) -> . | F39: =G39 & IF(H39<>"", "_" & H39, "_") & IF(I39<>"", "_" & I39, "_") & IF(B39<>"", "_" & B39, "") -> Baron_etal_1996 | G39: =SUBSTITUTE(SUBSTITUTE(_xlfn.TEXTBEFORE(A39,","), "-", ""), " ", "") -> Baron | H39: =_xlfn.LET( _xlpm.authors,_xlfn.TEXTBEFORE(A39," ("&I39&")"), _xlpm.hasAmp,ISNUMBER(SEARCH("&",_xlpm.authors)), _xlpm.commasBeforeAmp,IF(_xlpm.hasAmp,LEN(_xlfn.TEXTBEFORE(_xlpm.authors,"&"))-LEN(SUBSTITUTE(_xlfn.TEXTBEFORE(_xlpm.authors,"&"),",","")),0), IF(NOT(_xlpm.hasAmp),"",IF(_xlpm.commasBeforeAmp>2,"etal",TRIM(_xlfn.TEXTBEFORE(_xlfn.TEXTAFTER(_xlpm.authors,"& "),",")))) ) -> etal | I39: =_xlfn.TEXTBEFORE(_xlfn.TEXTAFTER(A39, "("), ")") -> 1996 | J39: =_xlfn.LET( _xlpm.doi,IF(C39<>"",C39,_xlfn.TEXTAFTER(A39,"https://doi.org/")), SUBSTITUTE( SUBSTITUTE( SUBSTITUTE( SUBSTITUTE( _xlpm.doi, "/","%2F"), ":","%3A"), "<","%3C"), ">","%3E") ) -> ISBN%3A9783764353704 | K39: =TRIM(_xlfn.TEXTJOIN("_",FALSE(),F39,(SUBSTITUTE(SUBSTITUTE(D39," ",""), "_", "")))) -> Baron_etal_1996_Table45 | L39: =J39 & "_" & SUBSTITUTE(SUBSTITUTE(SUBSTITUTE(D39,CHAR(160),"")," ",""),"_","") -> ISBN%3A9783764353704_Table45 | M39: {=IFERROR(INDEX(AUTO_Public_TSV_FileList!$A$1:$A$1000,MATCH(TRUE(),EXACT(L39,IFERROR(_xlfn.TEXTBEFORE(AUTO_Public_TSV_FileList!$A$1:$A$1000,".tsv"),"")),0)),"notfound")} -> notfound | N39: Lütgemeier's area measurements of the "bicortex" (in mm2) | O39: Subdivision of the BIC column of Table 39 for the same six species. Percentage composition and allometric indices are Tables 46-47 — do not transcribe. | P39: VERIFIED CITED PAPER — RELEVANT ITEM IDENTIFIED | T39: Book | U39: PDF table | V39: baron_etal_1996 book Comparative Neurobiology.pdf (pp. 163) | Z39: bicortex surface areas (mm2) | AA39: Not yet transcribed. PDF pages 163; N = 6 printed rows. Extend Baron_etal_1996_extract_snapshots.py, which already reads this PDF's text layer for Tables 10 and 32 with an explicit literal OCR-repair table. | AB39: Structure list, species count and the table's size/index role confirmed against the book's own Table 1 key (PDF pp. 264-265) and the printed column header, 2026-08-31. | AC39: Reprinted from another author's work, not a Frankfurt-collection measurement. Register as secondary and keep the original author attribution in the item note; check the upstream publication before treating any value as primary. Inherits the whole-source merge gate already recorded for Tables 10/32: seven historical taxon concepts in MANUAL_REVIEW, and source rows that collapse to the same species must be averaged within the item before Tier-1 recency resolution. Resolving that gate once unblocks every Baron item, so build order need not wait on it. | AE39: histological sections | AF39: Lütgemeier (1962) planimetry of cortical regions | AG39: bats | AH39: bicortex surface areas (mm2) | AI39: Mammals | AJ39: secondary | AK39: secondary | AL39: cortical surface area | AM39: low | AN39: Build only with Tables 39 and 42. Secondary (Lütgemeier 1962).
A40: Baron, G., Stephan, H., & Frahm, H. D. (1996). Comparative Neurobiology in Chiroptera: Macromorphology, Brain Structures, Tables, and Atlases. Birkhäuser. | C40: ISBN:9783764353704 | D40: Table 48 | E40: =RIGHT(A40,1) -> . | F40: =G40 & IF(H40<>"", "_" & H40, "_") & IF(I40<>"", "_" & I40, "_") & IF(B40<>"", "_" & B40, "") -> Baron_etal_1996 | G40: =SUBSTITUTE(SUBSTITUTE(_xlfn.TEXTBEFORE(A40,","), "-", ""), " ", "") -> Baron | H40: =_xlfn.LET( _xlpm.authors,_xlfn.TEXTBEFORE(A40," ("&I40&")"), _xlpm.hasAmp,ISNUMBER(SEARCH("&",_xlpm.authors)), _xlpm.commasBeforeAmp,IF(_xlpm.hasAmp,LEN(_xlfn.TEXTBEFORE(_xlpm.authors,"&"))-LEN(SUBSTITUTE(_xlfn.TEXTBEFORE(_xlpm.authors,"&"),",","")),0), IF(NOT(_xlpm.hasAmp),"",IF(_xlpm.commasBeforeAmp>2,"etal",TRIM(_xlfn.TEXTBEFORE(_xlfn.TEXTAFTER(_xlpm.authors,"& "),",")))) ) -> etal | I40: =_xlfn.TEXTBEFORE(_xlfn.TEXTAFTER(A40, "("), ")") -> 1996 | J40: =_xlfn.LET( _xlpm.doi,IF(C40<>"",C40,_xlfn.TEXTAFTER(A40,"https://doi.org/")), SUBSTITUTE( SUBSTITUTE( SUBSTITUTE( SUBSTITUTE( _xlpm.doi, "/","%2F"), ":","%3A"), "<","%3C"), ">","%3E") ) -> ISBN%3A9783764353704 | K40: =TRIM(_xlfn.TEXTJOIN("_",FALSE(),F40,(SUBSTITUTE(SUBSTITUTE(D40," ",""), "_", "")))) -> Baron_etal_1996_Table48 | L40: =J40 & "_" & SUBSTITUTE(SUBSTITUTE(SUBSTITUTE(D40,CHAR(160),"")," ",""),"_","") -> ISBN%3A9783764353704_Table48 | M40: {=IFERROR(INDEX(AUTO_Public_TSV_FileList!$A$1:$A$1000,MATCH(TRUE(),EXACT(L40,IFERROR(_xlfn.TEXTBEFORE(AUTO_Public_TSV_FileList!$A$1:$A$1000,".tsv"),"")),0)),"notfound")} -> notfound | N40: Brodmann's area measurements of cortical regions (in mm2) | O40: Printed columns: TOT, NEO, VIS, PRC, PRF, FRL, ALLO. One Chiroptera row (Pteropus) plus 14 non-Chiroptera species — Insectivora, prosimians, simians and Homo. Reprinted from Brodmann (1913). Percentages and allometric indices are Tables 49-50 — do not transcribe. | P40: VERIFIED CITED PAPER — RELEVANT ITEM IDENTIFIED | T40: Book | U40: PDF table | V40: baron_etal_1996 book Comparative Neurobiology.pdf (pp. 164) | Z40: cortical surface areas (mm2) | AA40: Not yet transcribed. PDF pages 164; N = 1 Chiroptera + 14 non-Chiroptera printed rows. Extend Baron_etal_1996_extract_snapshots.py, which already reads this PDF's text layer for Tables 10 and 32 with an explicit literal OCR-repair table. | AB40: Structure list, species count and the table's size/index role confirmed against the book's own Table 1 key (PDF pp. 264-265) and the printed column header, 2026-08-31. | AC40: Reprinted from another author's work, not a Frankfurt-collection measurement. Register as secondary and keep the original author attribution in the item note; check the upstream publication before treating any value as primary. Inherits the whole-source merge gate already recorded for Tables 10/32: seven historical taxon concepts in MANUAL_REVIEW, and source rows that collapse to the same species must be averaged within the item before Tier-1 recency resolution. Resolving that gate once unblocks every Baron item, so build order need not wait on it. | AE40: histological sections | AF40: Brodmann (1913) planimetry of cortical regions | AG40: bats | AH40: cortical surface areas (mm2) | AI40: Mammals | AJ40: secondary | AK40: secondary | AL40: cortical surface area | AM40: low | AN40: Probably redundant: the repo already holds Brodmann__1913_Table1, built as a primary whole-cortex source for 34 taxa. Diff this reprint against that build first; register only if it carries rows or columns the 1913 build does not, and otherwise record it as a duplicate in SOURCE_DISPOSITION.
A41: Baron, G., Stephan, H., & Frahm, H. D. (1996). Comparative Neurobiology in Chiroptera: Macromorphology, Brain Structures, Tables, and Atlases. Birkhäuser. | C41: ISBN:9783764353704 | D41: Table 5 | E41: =RIGHT(A41,1) -> . | F41: =G41 & IF(H41<>"", "_" & H41, "_") & IF(I41<>"", "_" & I41, "_") & IF(B41<>"", "_" & B41, "") -> Baron_etal_1996 | G41: =SUBSTITUTE(SUBSTITUTE(_xlfn.TEXTBEFORE(A41,","), "-", ""), " ", "") -> Baron | H41: =_xlfn.LET( _xlpm.authors,_xlfn.TEXTBEFORE(A41," ("&I41&")"), _xlpm.hasAmp,ISNUMBER(SEARCH("&",_xlpm.authors)), _xlpm.commasBeforeAmp,IF(_xlpm.hasAmp,LEN(_xlfn.TEXTBEFORE(_xlpm.authors,"&"))-LEN(SUBSTITUTE(_xlfn.TEXTBEFORE(_xlpm.authors,"&"),",","")),0), IF(NOT(_xlpm.hasAmp),"",IF(_xlpm.commasBeforeAmp>2,"etal",TRIM(_xlfn.TEXTBEFORE(_xlfn.TEXTAFTER(_xlpm.authors,"& "),",")))) ) -> etal | I41: =_xlfn.TEXTBEFORE(_xlfn.TEXTAFTER(A41, "("), ")") -> 1996 | J41: =_xlfn.LET( _xlpm.doi,IF(C41<>"",C41,_xlfn.TEXTAFTER(A41,"https://doi.org/")), SUBSTITUTE( SUBSTITUTE( SUBSTITUTE( SUBSTITUTE( _xlpm.doi, "/","%2F"), ":","%3A"), "<","%3C"), ">","%3E") ) -> ISBN%3A9783764353704 | K41: =TRIM(_xlfn.TEXTJOIN("_",FALSE(),F41,(SUBSTITUTE(SUBSTITUTE(D41," ",""), "_", "")))) -> Baron_etal_1996_Table5 | L41: =J41 & "_" & SUBSTITUTE(SUBSTITUTE(SUBSTITUTE(D41,CHAR(160),"")," ",""),"_","") -> ISBN%3A9783764353704_Table5 | M41: {=IFERROR(INDEX(AUTO_Public_TSV_FileList!$A$1:$A$1000,MATCH(TRUE(),EXACT(L41,IFERROR(_xlfn.TEXTBEFORE(AUTO_Public_TSV_FileList!$A$1:$A$1000,".tsv"),"")),0)),"notfound")} -> notfound | N41: Average body weights (BoW) and brain weights (BrW) of 342 species and/or subspecies of bats | O41: Printed columns: BoW (g), CV %, BrW (mg), CV %, n for BoW, n for BrW, and a source-of-data column (S = Stephan collection, otherwise a numbered literature source). Several species print extra lines for males, females and a median between sexes; the first line per species carries the paired values used to establish the standards. Derived standards, encephalization indices and percentages are Tables 6 and 7 — do not transcribe those. | P41: VERIFIED CITED PAPER — RELEVANT ITEM IDENTIFIED | T41: Book | U41: PDF table | V41: baron_etal_1996 book Comparative Neurobiology.pdf (pp. 22-33) | X41: Stephan | Y41: Stephan | Z41: body mass (g); brain mass (mg) | AA41: Not yet transcribed. PDF pages 22-33; N = 337 for BrW (caption says 342 species and/or subspecies) printed rows. Extend Baron_etal_1996_extract_snapshots.py, which already reads this PDF's text layer for Tables 10 and 32 with an explicit literal OCR-repair table. | AB41: Structure list, species count and the table's size/index role confirmed against the book's own Table 1 key (PDF pp. 264-265) and the printed column header, 2026-08-31. | AC41: Inherits the whole-source merge gate already recorded for Tables 10/32: seven historical taxon concepts in MANUAL_REVIEW, and source rows that collapse to the same species must be averaged within the item before Tier-1 recency resolution. Resolving that gate once unblocks every Baron item, so build order need not wait on it. | AE41: species | AF41: Stephan | AG41: bats | AH41: body mass (g); brain mass (mg) | AI41: Mammals | AJ41: primary | AK41: primary | AL41: body mass; brain mass | AM41: high | AN41: Build, highest priority of the untranscribed set: 342 species/subspecies is the largest block in the book and larger than the 272 in Tables 10/32. Feeds __merging_brain_mass. Keep the source-of-data column — it separates Stephan-collection values from compiled literature values, so the item is part primary, part secondary at row level. Check the multi-line sex rows are not double-counted, and check overlap with Ashwell 2020 and the other held bat body/brain sources before wiring.
A42: Baron, G., Stephan, H., & Frahm, H. D. (1996). Comparative Neurobiology in Chiroptera: Macromorphology, Brain Structures, Tables, and Atlases. Birkhäuser. | C42: ISBN:9783764353704 | D42: Table 51 | E42: =RIGHT(A42,1) -> . | F42: =G42 & IF(H42<>"", "_" & H42, "_") & IF(I42<>"", "_" & I42, "_") & IF(B42<>"", "_" & B42, "") -> Baron_etal_1996 | G42: =SUBSTITUTE(SUBSTITUTE(_xlfn.TEXTBEFORE(A42,","), "-", ""), " ", "") -> Baron | H42: =_xlfn.LET( _xlpm.authors,_xlfn.TEXTBEFORE(A42," ("&I42&")"), _xlpm.hasAmp,ISNUMBER(SEARCH("&",_xlpm.authors)), _xlpm.commasBeforeAmp,IF(_xlpm.hasAmp,LEN(_xlfn.TEXTBEFORE(_xlpm.authors,"&"))-LEN(SUBSTITUTE(_xlfn.TEXTBEFORE(_xlpm.authors,"&"),",","")),0), IF(NOT(_xlpm.hasAmp),"",IF(_xlpm.commasBeforeAmp>2,"etal",TRIM(_xlfn.TEXTBEFORE(_xlfn.TEXTAFTER(_xlpm.authors,"& "),",")))) ) -> etal | I42: =_xlfn.TEXTBEFORE(_xlfn.TEXTAFTER(A42, "("), ")") -> 1996 | J42: =_xlfn.LET( _xlpm.doi,IF(C42<>"",C42,_xlfn.TEXTAFTER(A42,"https://doi.org/")), SUBSTITUTE( SUBSTITUTE( SUBSTITUTE( SUBSTITUTE( _xlpm.doi, "/","%2F"), ":","%3A"), "<","%3C"), ">","%3E") ) -> ISBN%3A9783764353704 | K42: =TRIM(_xlfn.TEXTJOIN("_",FALSE(),F42,(SUBSTITUTE(SUBSTITUTE(D42," ",""), "_", "")))) -> Baron_etal_1996_Table51 | L42: =J42 & "_" & SUBSTITUTE(SUBSTITUTE(SUBSTITUTE(D42,CHAR(160),"")," ",""),"_","") -> ISBN%3A9783764353704_Table51 | M42: {=IFERROR(INDEX(AUTO_Public_TSV_FileList!$A$1:$A$1000,MATCH(TRUE(),EXACT(L42,IFERROR(_xlfn.TEXTBEFORE(AUTO_Public_TSV_FileList!$A$1:$A$1000,".tsv"),"")),0)),"notfound")} -> notfound | N42: Pirlot's data of body and brain weights and of the volumes of the five fundamental brain parts and seven telencephalon components in mm3 | O42: Six species absent from Tables 10 and 32: Penthetor lucasi, Lonchorhina aurita, Ardops annectans, Ametrida centurio, Diaemus youngi, Thyroptera tricolor. Printed as two stacked blocks — BoW (g), BrW (mg), OBL, MES, CER, DIE, TEL, then MOB, PAL+AMY, SEP, STR, HIP, SCH, NEO. Allometric indices are Table 52 — do not transcribe. | P42: VERIFIED CITED PAPER — RELEVANT ITEM IDENTIFIED | T42: Book | U42: PDF table | V42: baron_etal_1996 book Comparative Neurobiology.pdf (pp. 166) | Z42: brain structure volumes (mm3); body and brain weight | AA42: Not yet transcribed. PDF pages 166; N = 6 printed rows. Extend Baron_etal_1996_extract_snapshots.py, which already reads this PDF's text layer for Tables 10 and 32 with an explicit literal OCR-repair table. | AB42: Structure list, species count and the table's size/index role confirmed against the book's own Table 1 key (PDF pp. 264-265) and the printed column header, 2026-08-31. | AC42: Reprinted from another author's work, not a Frankfurt-collection measurement. Register as secondary and keep the original author attribution in the item note; check the upstream publication before treating any value as primary. Inherits the whole-source merge gate already recorded for Tables 10/32: seven historical taxon concepts in MANUAL_REVIEW, and source rows that collapse to the same species must be averaged within the item before Tier-1 recency resolution. Resolving that gate once unblocks every Baron item, so build order need not wait on it. | AE42: histological sections | AF42: Pirlot, volumetry as reported in the book | AG42: bats | AH42: brain structure volumes (mm3); body and brain weight | AI42: Mammals | AJ42: secondary | AK42: secondary | AL42: volume | AM42: medium | AN42: Build. Small but genuinely additive: six species that the 272-row tables do not cover, in the same structure scheme, so they extend rather than duplicate Tables 10/32. Note that paleocortex and amygdala are pooled here (PAL+AMY) whereas Table 32 separates them. Secondary within the book — the measurements are Pirlot's — and it is a different Pirlot dataset from Stephan & Pirlot (1970), which shares no species with it.
A43: Baron, G., Stephan, H., & Frahm, H. D. (1996). Comparative Neurobiology in Chiroptera: Macromorphology, Brain Structures, Tables, and Atlases. Birkhäuser. | C43: ISBN:9783764353704 | D43: Table 8 | E43: =RIGHT(A43,1) -> . | F43: =G43 & IF(H43<>"", "_" & H43, "_") & IF(I43<>"", "_" & I43, "_") & IF(B43<>"", "_" & B43, "") -> Baron_etal_1996 | G43: =SUBSTITUTE(SUBSTITUTE(_xlfn.TEXTBEFORE(A43,","), "-", ""), " ", "") -> Baron | H43: =_xlfn.LET( _xlpm.authors,_xlfn.TEXTBEFORE(A43," ("&I43&")"), _xlpm.hasAmp,ISNUMBER(SEARCH("&",_xlpm.authors)), _xlpm.commasBeforeAmp,IF(_xlpm.hasAmp,LEN(_xlfn.TEXTBEFORE(_xlpm.authors,"&"))-LEN(SUBSTITUTE(_xlfn.TEXTBEFORE(_xlpm.authors,"&"),",","")),0), IF(NOT(_xlpm.hasAmp),"",IF(_xlpm.commasBeforeAmp>2,"etal",TRIM(_xlfn.TEXTBEFORE(_xlfn.TEXTAFTER(_xlpm.authors,"& "),",")))) ) -> etal | I43: =_xlfn.TEXTBEFORE(_xlfn.TEXTAFTER(A43, "("), ")") -> 1996 | J43: =_xlfn.LET( _xlpm.doi,IF(C43<>"",C43,_xlfn.TEXTAFTER(A43,"https://doi.org/")), SUBSTITUTE( SUBSTITUTE( SUBSTITUTE( SUBSTITUTE( _xlpm.doi, "/","%2F"), ":","%3A"), "<","%3C"), ">","%3E") ) -> ISBN%3A9783764353704 | K43: =TRIM(_xlfn.TEXTJOIN("_",FALSE(),F43,(SUBSTITUTE(SUBSTITUTE(D43," ",""), "_", "")))) -> Baron_etal_1996_Table8 | L43: =J43 & "_" & SUBSTITUTE(SUBSTITUTE(SUBSTITUTE(D43,CHAR(160),"")," ",""),"_","") -> ISBN%3A9783764353704_Table8 | M43: {=IFERROR(INDEX(AUTO_Public_TSV_FileList!$A$1:$A$1000,MATCH(TRUE(),EXACT(L43,IFERROR(_xlfn.TEXTBEFORE(AUTO_Public_TSV_FileList!$A$1:$A$1000,".tsv"),"")),0)),"notfound")} -> notfound | N43: Volumes of net brain (NET), ventricles (VENT) and rests (REST) and their percentages relative to standard brain volumes | O43: Printed columns: n, then mm3 and % for each of NET, VENT and REST. Only the three mm3 columns are raw; the three percentage columns are derived from them against the standard brain volume and should not be carried as measurements. Average percentages are Table 9 — do not transcribe. | P43: VERIFIED CITED PAPER — RELEVANT ITEM IDENTIFIED | T43: Book | U43: PDF table | V43: baron_etal_1996 book Comparative Neurobiology.pdf (pp. 46-53) | X43: Stephan | Y43: Stephan | Z43: net brain volume; ventricle volume; rest volume | AA43: Not yet transcribed. PDF pages 46-53; N = 272 printed rows. Extend Baron_etal_1996_extract_snapshots.py, which already reads this PDF's text layer for Tables 10 and 32 with an explicit literal OCR-repair table. | AB43: Structure list, species count and the table's size/index role confirmed against the book's own Table 1 key (PDF pp. 264-265) and the printed column header, 2026-08-31. | AC43: Inherits the whole-source merge gate already recorded for Tables 10/32: seven historical taxon concepts in MANUAL_REVIEW, and source rows that collapse to the same species must be averaged within the item before Tier-1 recency resolution. Resolving that gate once unblocks every Baron item, so build order need not wait on it. | AE43: histological sections | AF43: Stephan | AG43: bats | AH43: net brain volume; ventricle volume; rest volume | AI43: Mammals | AJ43: primary | AK43: primary | AL43: volume | AM43: high | AN43: Build. NET brain volume is the denominator the rest of the book's indices are built on, and the ventricle volumes are not available from any other held source. Transcribe the mm3 columns only.
A44: Bauernfeind, A. L., de Sousa, A. A., Avasthi, T., Dobson, S. D., Raghanti, M. A., Lewandowski, A. H., Zilles, K., Semendeferi, K., Allman, J. M., Craig, A. D., Hof, P. R., & Sherwood, C. C. (2013). A volumetric comparison of the insular cortex and its subregions in primates. J Hum Evol, 64(4), 263-279. https://doi.org/10.1016/j.jhevol.2012.12.003 | D44: Table 1 | E44: =RIGHT(A44,1) -> 3 | F44: =G44 & IF(H44<>"", "_" & H44, "_") & IF(I44<>"", "_" & I44, "_") & IF(B44<>"", "_" & B44, "") -> Bauernfeind_etal_2013 | G44: =SUBSTITUTE(SUBSTITUTE(_xlfn.TEXTBEFORE(A44,","), "-", ""), " ", "") -> Bauernfeind | H44: =_xlfn.LET( _xlpm.authors,_xlfn.TEXTBEFORE(A44," ("&I44&")"), _xlpm.hasAmp,ISNUMBER(SEARCH("&",_xlpm.authors)), _xlpm.commasBeforeAmp,IF(_xlpm.hasAmp,LEN(_xlfn.TEXTBEFORE(_xlpm.authors,"&"))-LEN(SUBSTITUTE(_xlfn.TEXTBEFORE(_xlpm.authors,"&"),",","")),0), IF(NOT(_xlpm.hasAmp),"",IF(_xlpm.commasBeforeAmp>2,"etal",TRIM(_xlfn.TEXTBEFORE(_xlfn.TEXTAFTER(_xlpm.authors,"& "),",")))) ) -> etal | I44: =_xlfn.TEXTBEFORE(_xlfn.TEXTAFTER(A44, "("), ")") -> 2013 | J44: =_xlfn.LET( _xlpm.doi,IF(C44<>"",C44,_xlfn.TEXTAFTER(A44,"https://doi.org/")), SUBSTITUTE( SUBSTITUTE( SUBSTITUTE( SUBSTITUTE( _xlpm.doi, "/","%2F"), ":","%3A"), "<","%3C"), ">","%3E") ) -> 10.1016%2Fj.jhevol.2012.12.003 | K44: =TRIM(_xlfn.TEXTJOIN("_",FALSE(),F44,(SUBSTITUTE(SUBSTITUTE(D44," ",""), "_", "")))) -> Bauernfeind_etal_2013_Table1 | L44: =J44 & "_" & SUBSTITUTE(SUBSTITUTE(SUBSTITUTE(D44,CHAR(160),"")," ",""),"_","") -> 10.1016%2Fj.jhevol.2012.12.003_Table1 | M44: {=IFERROR(INDEX(AUTO_Public_TSV_FileList!$A$1:$A$1000,MATCH(TRUE(),EXACT(L44,IFERROR(_xlfn.TEXTBEFORE(AUTO_Public_TSV_FileList!$A$1:$A$1000,".tsv"),"")),0)),"notfound")} -> 10.1016%2Fj.jhevol.2012.12.003_Table1.tsv | N44: Volumetric comparison of the insular cortex (Table 1) | P44: FINISHED | U44: table | X44: Stephan, Sherwood | AE44: histological sections | AF44: volumetry | AH44: insular cortex volumes | AI44: Primates | AJ44: primary | AK44: primary | AL44: volume
A45: Bauernfeind, A. L., de Sousa, A. A., Avasthi, T., Dobson, S. D., Raghanti, M. A., Lewandowski, A. H., Zilles, K., Semendeferi, K., Allman, J. M., Craig, A. D., Hof, P. R., & Sherwood, C. C. (2013). A volumetric comparison of the insular cortex and its subregions in primates. J Hum Evol, 64(4), 263-279. https://doi.org/10.1016/j.jhevol.2012.12.003 | D45: Table 2 | E45: =RIGHT(A45,1) -> 3 | F45: =G45 & IF(H45<>"", "_" & H45, "_") & IF(I45<>"", "_" & I45, "_") & IF(B45<>"", "_" & B45, "") -> Bauernfeind_etal_2013 | G45: =SUBSTITUTE(SUBSTITUTE(_xlfn.TEXTBEFORE(A45,","), "-", ""), " ", "") -> Bauernfeind | H45: =_xlfn.LET( _xlpm.authors,_xlfn.TEXTBEFORE(A45," ("&I45&")"), _xlpm.hasAmp,ISNUMBER(SEARCH("&",_xlpm.authors)), _xlpm.commasBeforeAmp,IF(_xlpm.hasAmp,LEN(_xlfn.TEXTBEFORE(_xlpm.authors,"&"))-LEN(SUBSTITUTE(_xlfn.TEXTBEFORE(_xlpm.authors,"&"),",","")),0), IF(NOT(_xlpm.hasAmp),"",IF(_xlpm.commasBeforeAmp>2,"etal",TRIM(_xlfn.TEXTBEFORE(_xlfn.TEXTAFTER(_xlpm.authors,"& "),",")))) ) -> etal | I45: =_xlfn.TEXTBEFORE(_xlfn.TEXTAFTER(A45, "("), ")") -> 2013 | J45: =_xlfn.LET( _xlpm.doi,IF(C45<>"",C45,_xlfn.TEXTAFTER(A45,"https://doi.org/")), SUBSTITUTE( SUBSTITUTE( SUBSTITUTE( SUBSTITUTE( _xlpm.doi, "/","%2F"), ":","%3A"), "<","%3C"), ">","%3E") ) -> 10.1016%2Fj.jhevol.2012.12.003 | K45: =TRIM(_xlfn.TEXTJOIN("_",FALSE(),F45,(SUBSTITUTE(SUBSTITUTE(D45," ",""), "_", "")))) -> Bauernfeind_etal_2013_Table2 | L45: =J45 & "_" & SUBSTITUTE(SUBSTITUTE(SUBSTITUTE(D45,CHAR(160),"")," ",""),"_","") -> 10.1016%2Fj.jhevol.2012.12.003_Table2 | M45: {=IFERROR(INDEX(AUTO_Public_TSV_FileList!$A$1:$A$1000,MATCH(TRUE(),EXACT(L45,IFERROR(_xlfn.TEXTBEFORE(AUTO_Public_TSV_FileList!$A$1:$A$1000,".tsv"),"")),0)),"notfound")} -> 10.1016%2Fj.jhevol.2012.12.003_Table2.tsv | P45: FINISHED | U45: table | X45: Stephan, Sherwood | AE45: histological sections | AF45: volumetry | AH45: insular cortex volumes | AI45: Primates | AJ45: primary | AK45: primary | AL45: volume
A46: Bauernfeind, A. L., de Sousa, A. A., Avasthi, T., Dobson, S. D., Raghanti, M. A., Lewandowski, A. H., Zilles, K., Semendeferi, K., Allman, J. M., Craig, A. D., Hof, P. R., & Sherwood, C. C. (2013). A volumetric comparison of the insular cortex and its subregions in primates. J Hum Evol, 64(4), 263-279. https://doi.org/10.1016/j.jhevol.2012.12.003 | D46: Table 3 | E46: =RIGHT(A46,1) -> 3 | F46: =G46 & IF(H46<>"", "_" & H46, "_") & IF(I46<>"", "_" & I46, "_") & IF(B46<>"", "_" & B46, "") -> Bauernfeind_etal_2013 | G46: =SUBSTITUTE(SUBSTITUTE(_xlfn.TEXTBEFORE(A46,","), "-", ""), " ", "") -> Bauernfeind | H46: =_xlfn.LET( _xlpm.authors,_xlfn.TEXTBEFORE(A46," ("&I46&")"), _xlpm.hasAmp,ISNUMBER(SEARCH("&",_xlpm.authors)), _xlpm.commasBeforeAmp,IF(_xlpm.hasAmp,LEN(_xlfn.TEXTBEFORE(_xlpm.authors,"&"))-LEN(SUBSTITUTE(_xlfn.TEXTBEFORE(_xlpm.authors,"&"),",","")),0), IF(NOT(_xlpm.hasAmp),"",IF(_xlpm.commasBeforeAmp>2,"etal",TRIM(_xlfn.TEXTBEFORE(_xlfn.TEXTAFTER(_xlpm.authors,"& "),",")))) ) -> etal | I46: =_xlfn.TEXTBEFORE(_xlfn.TEXTAFTER(A46, "("), ")") -> 2013 | J46: =_xlfn.LET( _xlpm.doi,IF(C46<>"",C46,_xlfn.TEXTAFTER(A46,"https://doi.org/")), SUBSTITUTE( SUBSTITUTE( SUBSTITUTE( SUBSTITUTE( _xlpm.doi, "/","%2F"), ":","%3A"), "<","%3C"), ">","%3E") ) -> 10.1016%2Fj.jhevol.2012.12.003 | K46: =TRIM(_xlfn.TEXTJOIN("_",FALSE(),F46,(SUBSTITUTE(SUBSTITUTE(D46," ",""), "_", "")))) -> Bauernfeind_etal_2013_Table3 | L46: =J46 & "_" & SUBSTITUTE(SUBSTITUTE(SUBSTITUTE(D46,CHAR(160),"")," ",""),"_","") -> 10.1016%2Fj.jhevol.2012.12.003_Table3 | M46: {=IFERROR(INDEX(AUTO_Public_TSV_FileList!$A$1:$A$1000,MATCH(TRUE(),EXACT(L46,IFERROR(_xlfn.TEXTBEFORE(AUTO_Public_TSV_FileList!$A$1:$A$1000,".tsv"),"")),0)),"notfound")} -> 10.1016%2Fj.jhevol.2012.12.003_Table3.tsv | U46: table | X46: Stephan, Sherwood | AE46: histological sections | AF46: volumetry | AH46: insular cortex volumes | AI46: Primates | AJ46: primary | AK46: primary | AL46: volume
A47: Bianchi, S., et al. (2012). Dendritic morphology of pyramidal neurons in the chimpanzee neocortex: Regional specializations and comparison to humans. Cerebral Cortex. https://doi.org/10.1093/cercor/bhs239 | D47: Table 1 | E47: =RIGHT(A47,1) -> 9 | F47: =G47 & IF(H47<>"", "_" & H47, "_") & IF(I47<>"", "_" & I47, "_") & IF(B47<>"", "_" & B47, "") -> Bianchi__2012 | G47: =SUBSTITUTE(SUBSTITUTE(_xlfn.TEXTBEFORE(A47,","), "-", ""), " ", "") -> Bianchi | H47: =_xlfn.LET( _xlpm.authors,_xlfn.TEXTBEFORE(A47," ("&I47&")"), _xlpm.hasAmp,ISNUMBER(SEARCH("&",_xlpm.authors)), _xlpm.commasBeforeAmp,IF(_xlpm.hasAmp,LEN(_xlfn.TEXTBEFORE(_xlpm.authors,"&"))-LEN(SUBSTITUTE(_xlfn.TEXTBEFORE(_xlpm.authors,"&"),",","")),0), IF(NOT(_xlpm.hasAmp),"",IF(_xlpm.commasBeforeAmp>2,"etal",TRIM(_xlfn.TEXTBEFORE(_xlfn.TEXTAFTER(_xlpm.authors,"& "),",")))) ) | I47: =_xlfn.TEXTBEFORE(_xlfn.TEXTAFTER(A47, "("), ")") -> 2012 | J47: =_xlfn.LET( _xlpm.doi,IF(C47<>"",C47,_xlfn.TEXTAFTER(A47,"https://doi.org/")), SUBSTITUTE( SUBSTITUTE( SUBSTITUTE( SUBSTITUTE( _xlpm.doi, "/","%2F"), ":","%3A"), "<","%3C"), ">","%3E") ) -> 10.1093%2Fcercor%2Fbhs239 | K47: =TRIM(_xlfn.TEXTJOIN("_",FALSE(),F47,(SUBSTITUTE(SUBSTITUTE(D47," ",""), "_", "")))) -> Bianchi__2012_Table1 | L47: =J47 & "_" & SUBSTITUTE(SUBSTITUTE(SUBSTITUTE(D47,CHAR(160),"")," ",""),"_","") -> 10.1093%2Fcercor%2Fbhs239_Table1 | M47: {=IFERROR(INDEX(AUTO_Public_TSV_FileList!$A$1:$A$1000,MATCH(TRUE(),EXACT(L47,IFERROR(_xlfn.TEXTBEFORE(AUTO_Public_TSV_FileList!$A$1:$A$1000,".tsv"),"")),0)),"notfound")} -> notfound | N47: Demographic information for chimpanzee (N=7) and human samples (N=8) | O47: Sample metadata: age, sex, post-mortem interval, fixation length | P47: VERIFIED CITED PAPER — RELEVANT ITEM IDENTIFIED | Q47: User-supplied PDF | T47: Journal article | U47: PDF; table/figure | W47: https://doi.org/10.1093/cercor/bhs239 | Z47: Sample metadata: age, sex, post-mortem interval, fixation length | AC47: overlapping publication lineage; retain specimen and source-level provenance | AF47: Golgi or intracellular Lucifer Yellow morphology, as specified in source | AG47: cortical pyramidal-neuron morphology | AH47: dendritic morphology; spine measures; sample metadata | AI47: Primates | AJ47: primary sample metadata | AK47: primary sample metadata | AL47: cell morphology / metadata | AM47: high | AN47: Add; essential specimen provenance.
A48: Bianchi, S., et al. (2012). Dendritic morphology of pyramidal neurons in the chimpanzee neocortex: Regional specializations and comparison to humans. Cerebral Cortex. https://doi.org/10.1093/cercor/bhs239 | D48: Table 2 | E48: =RIGHT(A48,1) -> 9 | F48: =G48 & IF(H48<>"", "_" & H48, "_") & IF(I48<>"", "_" & I48, "_") & IF(B48<>"", "_" & B48, "") -> Bianchi__2012 | G48: =SUBSTITUTE(SUBSTITUTE(_xlfn.TEXTBEFORE(A48,","), "-", ""), " ", "") -> Bianchi | H48: =_xlfn.LET( _xlpm.authors,_xlfn.TEXTBEFORE(A48," ("&I48&")"), _xlpm.hasAmp,ISNUMBER(SEARCH("&",_xlpm.authors)), _xlpm.commasBeforeAmp,IF(_xlpm.hasAmp,LEN(_xlfn.TEXTBEFORE(_xlpm.authors,"&"))-LEN(SUBSTITUTE(_xlfn.TEXTBEFORE(_xlpm.authors,"&"),",","")),0), IF(NOT(_xlpm.hasAmp),"",IF(_xlpm.commasBeforeAmp>2,"etal",TRIM(_xlfn.TEXTBEFORE(_xlfn.TEXTAFTER(_xlpm.authors,"& "),",")))) ) | I48: =_xlfn.TEXTBEFORE(_xlfn.TEXTAFTER(A48, "("), ")") -> 2012 | J48: =_xlfn.LET( _xlpm.doi,IF(C48<>"",C48,_xlfn.TEXTAFTER(A48,"https://doi.org/")), SUBSTITUTE( SUBSTITUTE( SUBSTITUTE( SUBSTITUTE( _xlpm.doi, "/","%2F"), ":","%3A"), "<","%3C"), ">","%3E") ) -> 10.1093%2Fcercor%2Fbhs239 | K48: =TRIM(_xlfn.TEXTJOIN("_",FALSE(),F48,(SUBSTITUTE(SUBSTITUTE(D48," ",""), "_", "")))) -> Bianchi__2012_Table2 | L48: =J48 & "_" & SUBSTITUTE(SUBSTITUTE(SUBSTITUTE(D48,CHAR(160),"")," ",""),"_","") -> 10.1093%2Fcercor%2Fbhs239_Table2 | M48: {=IFERROR(INDEX(AUTO_Public_TSV_FileList!$A$1:$A$1000,MATCH(TRUE(),EXACT(L48,IFERROR(_xlfn.TEXTBEFORE(AUTO_Public_TSV_FileList!$A$1:$A$1000,".tsv"),"")),0)),"notfound")} -> notfound | N48: Dependent measures in areas 3b, 4, 18, and 10 in chimpanzees and humans | O48: Cell soma area/depth, TDL, MSL, DSC, DSN, DSD, dendritic tree count by species and cortical area | P48: VERIFIED CITED PAPER — RELEVANT ITEM IDENTIFIED | Q48: User-supplied PDF | T48: Journal article | U48: PDF; table/figure | W48: https://doi.org/10.1093/cercor/bhs239 | Z48: Cell soma area/depth, TDL, MSL, DSC, DSN, DSD, dendritic tree count by species and cortical area | AC48: overlapping publication lineage; retain specimen and source-level provenance | AF48: Golgi or intracellular Lucifer Yellow morphology, as specified in source | AG48: cortical pyramidal-neuron morphology | AH48: dendritic morphology; spine measures; sample metadata | AI48: Primates | AJ48: primary quantitative table; human values reuse Jacobs 1997/2001 | AK48: primary quantitative table; human values reuse Jacobs 1997/2001 | AL48: cell morphology / metadata | AM48: high | AN48: Add; core trait table. Flag human values as reused source lineage.
A49: Bortoff, G. A., & Strick, P. L. (1993). Corticospinal terminations in two New-World primates: Further evidence that corticomotoneuronal connections provide part of the neural substrate for manual dexterity. The Journal of Neuroscience, 13(12), 5105–5118. https://doi.org/10.1523/JNEUROSCI.13-12-05105.1993 | D49: Table 1 | E49: =RIGHT(A49,1) -> 3 | F49: =G49 & IF(H49<>"", "_" & H49, "_") & IF(I49<>"", "_" & I49, "_") & IF(B49<>"", "_" & B49, "") -> Bortoff_Strick_1993 | G49: =SUBSTITUTE(SUBSTITUTE(_xlfn.TEXTBEFORE(A49,","), "-", ""), " ", "") -> Bortoff | H49: =_xlfn.LET( _xlpm.authors,_xlfn.TEXTBEFORE(A49," ("&I49&")"), _xlpm.hasAmp,ISNUMBER(SEARCH("&",_xlpm.authors)), _xlpm.commasBeforeAmp,IF(_xlpm.hasAmp,LEN(_xlfn.TEXTBEFORE(_xlpm.authors,"&"))-LEN(SUBSTITUTE(_xlfn.TEXTBEFORE(_xlpm.authors,"&"),",","")),0), IF(NOT(_xlpm.hasAmp),"",IF(_xlpm.commasBeforeAmp>2,"etal",TRIM(_xlfn.TEXTBEFORE(_xlfn.TEXTAFTER(_xlpm.authors,"& "),",")))) ) -> Strick | I49: =_xlfn.TEXTBEFORE(_xlfn.TEXTAFTER(A49, "("), ")") -> 1993 | J49: =_xlfn.LET( _xlpm.doi,IF(C49<>"",C49,_xlfn.TEXTAFTER(A49,"https://doi.org/")), SUBSTITUTE( SUBSTITUTE( SUBSTITUTE( SUBSTITUTE( _xlpm.doi, "/","%2F"), ":","%3A"), "<","%3C"), ">","%3E") ) -> 10.1523%2FJNEUROSCI.13-12-05105.1993 | K49: =TRIM(_xlfn.TEXTJOIN("_",FALSE(),F49,(SUBSTITUTE(SUBSTITUTE(D49," ",""), "_", "")))) -> Bortoff_Strick_1993_Table1 | L49: =J49 & "_" & SUBSTITUTE(SUBSTITUTE(SUBSTITUTE(D49,CHAR(160),"")," ",""),"_","") -> 10.1523%2FJNEUROSCI.13-12-05105.1993_Table1 | M49: {=IFERROR(INDEX(AUTO_Public_TSV_FileList!$A$1:$A$1000,MATCH(TRUE(),EXACT(L49,IFERROR(_xlfn.TEXTBEFORE(AUTO_Public_TSV_FileList!$A$1:$A$1000,".tsv"),"")),0)),"notfound")} -> 10.1523%2FJNEUROSCI.13-12-05105.1993_Table1.tsv | N49: Curated Table 1. Species-specific corticospinal termination extent and CM-connection inference | O49: Conservative curatorial compilation from Bortoff & Strick (1993) primary tract-tracing evidence. | P49: FINISHED | Q49: Europe PMC | R49: Bortoff_Strick_1993_Table1_snapshot.xlsx | S49: Y | T49: pdf + curated snapshot | U49: table | V49: https://europepmc.org/articles/PMC6575756?pdf=render | W49: https://doi.org/10.1523/JNEUROSCI.13-12-05105.1993 | X49: Bortoff/Strick | Z49: CST ventral-horn / lamina IX termination extent; CM-connection inference | AA49: Two New-World primate species. Grade 0–2 is coded only from explicit species-level terminal-field evidence. CM_monosynaptic remains blank because light microscopy cannot establish direct monosynaptic presence or absence; likely/against is retained separately as inference. Data role = PRIMARY: the WGA-HRP result is Bortoff & Strick’s own, only the 0–2 grading is curatorial (see reference_tables/..._definitions.csv, Method:coding). Keyed on the article DOI — the earlier COMPILATION:Corticospinal_terminations override was removed 2026-08-15; a second CST paper gets its own folder and is pooled in __merging_behaviour, not appended to this table. | AE49: two New-World primate species | AF49: WGA-HRP anterograde tract tracing from primary motor cortex | AG49: spinal cord / M1 output | AH49: corticospinal termination extent and corticomotoneuronal inference | AI49: Primates | AJ49: primary (own WGA-HRP tract tracing); ordinal grade is curated | AK49: primary | AL49: ordinal anatomical grade + qualitative inference
A50: Boyer, D. M., & Harrington, A. R. (2018). Scaling of bony canals for encephalic vessels in euarchontans: Implications for the role of the vertebral artery and brain metabolism. J Hum Evol, 114, 85-101. https://doi.org/10.1016/j.jhevol.2017.09.003 | D50: Table 1 | E50: =RIGHT(A50,1) -> 3 | F50: =G50 & IF(H50<>"", "_" & H50, "_") & IF(I50<>"", "_" & I50, "_") & IF(B50<>"", "_" & B50, "") -> Boyer_Harrington_2018 | G50: =SUBSTITUTE(SUBSTITUTE(_xlfn.TEXTBEFORE(A50,","), "-", ""), " ", "") -> Boyer | H50: =_xlfn.LET( _xlpm.authors,_xlfn.TEXTBEFORE(A50," ("&I50&")"), _xlpm.hasAmp,ISNUMBER(SEARCH("&",_xlpm.authors)), _xlpm.commasBeforeAmp,IF(_xlpm.hasAmp,LEN(_xlfn.TEXTBEFORE(_xlpm.authors,"&"))-LEN(SUBSTITUTE(_xlfn.TEXTBEFORE(_xlpm.authors,"&"),",","")),0), IF(NOT(_xlpm.hasAmp),"",IF(_xlpm.commasBeforeAmp>2,"etal",TRIM(_xlfn.TEXTBEFORE(_xlfn.TEXTAFTER(_xlpm.authors,"& "),",")))) ) -> Harrington | I50: =_xlfn.TEXTBEFORE(_xlfn.TEXTAFTER(A50, "("), ")") -> 2018 | J50: =_xlfn.LET( _xlpm.doi,IF(C50<>"",C50,_xlfn.TEXTAFTER(A50,"https://doi.org/")), SUBSTITUTE( SUBSTITUTE( SUBSTITUTE( SUBSTITUTE( _xlpm.doi, "/","%2F"), ":","%3A"), "<","%3C"), ">","%3E") ) -> 10.1016%2Fj.jhevol.2017.09.003 | K50: =TRIM(_xlfn.TEXTJOIN("_",FALSE(),F50,(SUBSTITUTE(SUBSTITUTE(D50," ",""), "_", "")))) -> Boyer_Harrington_2018_Table1 | L50: =J50 & "_" & SUBSTITUTE(SUBSTITUTE(SUBSTITUTE(D50,CHAR(160),"")," ",""),"_","") -> 10.1016%2Fj.jhevol.2017.09.003_Table1 | M50: {=IFERROR(INDEX(AUTO_Public_TSV_FileList!$A$1:$A$1000,MATCH(TRUE(),EXACT(L50,IFERROR(_xlfn.TEXTBEFORE(AUTO_Public_TSV_FileList!$A$1:$A$1000,".tsv"),"")),0)),"notfound")} -> 10.1016%2Fj.jhevol.2017.09.003_Table1.tsv | N50: Table 1 Taxon list and species mean values.
A51: Boyer, D. M., & Harrington, A. R. (2019). New estimates of blood flow rates in the vertebral artery of euarchontans and their implications for encephalic blood flow scaling: A response to Seymour and Snelling (2018). J Hum Evol, 128, 93-98. https://doi.org/10.1016/j.jhevol.2018.10.002 | D51: SOM Table S6 | E51: =RIGHT(A51,1) -> 2 | F51: =G51 & IF(H51<>"", "_" & H51, "_") & IF(I51<>"", "_" & I51, "_") & IF(B51<>"", "_" & B51, "") -> Boyer_Harrington_2019 | G51: =SUBSTITUTE(SUBSTITUTE(_xlfn.TEXTBEFORE(A51,","), "-", ""), " ", "") -> Boyer | H51: =_xlfn.LET( _xlpm.authors,_xlfn.TEXTBEFORE(A51," ("&I51&")"), _xlpm.hasAmp,ISNUMBER(SEARCH("&",_xlpm.authors)), _xlpm.commasBeforeAmp,IF(_xlpm.hasAmp,LEN(_xlfn.TEXTBEFORE(_xlpm.authors,"&"))-LEN(SUBSTITUTE(_xlfn.TEXTBEFORE(_xlpm.authors,"&"),",","")),0), IF(NOT(_xlpm.hasAmp),"",IF(_xlpm.commasBeforeAmp>2,"etal",TRIM(_xlfn.TEXTBEFORE(_xlfn.TEXTAFTER(_xlpm.authors,"& "),",")))) ) -> Harrington | I51: =_xlfn.TEXTBEFORE(_xlfn.TEXTAFTER(A51, "("), ")") -> 2019 | J51: =_xlfn.LET( _xlpm.doi,IF(C51<>"",C51,_xlfn.TEXTAFTER(A51,"https://doi.org/")), SUBSTITUTE( SUBSTITUTE( SUBSTITUTE( SUBSTITUTE( _xlpm.doi, "/","%2F"), ":","%3A"), "<","%3C"), ">","%3E") ) -> 10.1016%2Fj.jhevol.2018.10.002 | K51: =TRIM(_xlfn.TEXTJOIN("_",FALSE(),F51,(SUBSTITUTE(SUBSTITUTE(D51," ",""), "_", "")))) -> Boyer_Harrington_2019_SOMTableS6 | L51: =J51 & "_" & SUBSTITUTE(SUBSTITUTE(SUBSTITUTE(D51,CHAR(160),"")," ",""),"_","") -> 10.1016%2Fj.jhevol.2018.10.002_SOMTableS6 | M51: {=IFERROR(INDEX(AUTO_Public_TSV_FileList!$A$1:$A$1000,MATCH(TRUE(),EXACT(L51,IFERROR(_xlfn.TEXTBEFORE(AUTO_Public_TSV_FileList!$A$1:$A$1000,".tsv"),"")),0)),"notfound")} -> 10.1016%2Fj.jhevol.2018.10.002_SOMTableS6.tsv
A52: Brodmann, K. (1913). Neue Ergebnisse über die vergleichende histologische Lokalisation der Großhirnrinde mit besonderer Berücksichtigung des Stirnhirns. Verhandlungen der Anatomischen Gesellschaft, 41, 157-216. | C52: OCLC:8777719 | D52: Table 1 | E52: =RIGHT(A52,1) -> . | F52: =G52 & IF(H52<>"", "_" & H52, "_") & IF(I52<>"", "_" & I52, "_") & IF(B52<>"", "_" & B52, "") -> Brodmann__1913 | G52: =SUBSTITUTE(SUBSTITUTE(_xlfn.TEXTBEFORE(A52,","), "-", ""), " ", "") -> Brodmann | H52: =_xlfn.LET( _xlpm.authors,_xlfn.TEXTBEFORE(A52," ("&I52&")"), _xlpm.hasAmp,ISNUMBER(SEARCH("&",_xlpm.authors)), _xlpm.commasBeforeAmp,IF(_xlpm.hasAmp,LEN(_xlfn.TEXTBEFORE(_xlpm.authors,"&"))-LEN(SUBSTITUTE(_xlfn.TEXTBEFORE(_xlpm.authors,"&"),",","")),0), IF(NOT(_xlpm.hasAmp),"",IF(_xlpm.commasBeforeAmp>2,"etal",TRIM(_xlfn.TEXTBEFORE(_xlfn.TEXTAFTER(_xlpm.authors,"& "),",")))) ) | I52: =_xlfn.TEXTBEFORE(_xlfn.TEXTAFTER(A52, "("), ")") -> 1913 | J52: =_xlfn.LET( _xlpm.doi,IF(C52<>"",C52,_xlfn.TEXTAFTER(A52,"https://doi.org/")), SUBSTITUTE( SUBSTITUTE( SUBSTITUTE( SUBSTITUTE( _xlpm.doi, "/","%2F"), ":","%3A"), "<","%3C"), ">","%3E") ) -> OCLC%3A8777719 | K52: =TRIM(_xlfn.TEXTJOIN("_",FALSE(),F52,(SUBSTITUTE(SUBSTITUTE(D52," ",""), "_", "")))) -> Brodmann__1913_Table1 | L52: =J52 & "_" & SUBSTITUTE(SUBSTITUTE(SUBSTITUTE(D52,CHAR(160),"")," ",""),"_","") -> OCLC%3A8777719_Table1 | M52: {=IFERROR(INDEX(AUTO_Public_TSV_FileList!$A$1:$A$1000,MATCH(TRUE(),EXACT(L52,IFERROR(_xlfn.TEXTBEFORE(AUTO_Public_TSV_FileList!$A$1:$A$1000,".tsv"),"")),0)),"notfound")} -> OCLC%3A8777719_Table1.tsv | N52: Tabelle 1. Gesamtrindenfläche, Furchenrinde und Hirngewicht bei verschiedenen Säugetieren | P52: FINISHED | AH52: total cortical surface area; sulcal cortex; brain weight | AI52: Mammalia (all orders) | AJ52: primary | AK52: primary | AL52: surface area (mm2) + mass (g)
A53: Brodmann, K. (1913). Neue Forschungsergebnisse der Großhirnrindenanatomie mit besonderer Berücksichtigung anthropologischer Fragen. Verhandlungen der Gesellschaft Deutscher Naturforscher und Ärzte, 85(1), 200-240 | C53: 10.0000/placeholder | D53: Tabelle 1 | E53: =RIGHT(A53,1) -> 0 | F53: =G53 & IF(H53<>"", "_" & H53, "_") & IF(I53<>"", "_" & I53, "_") & IF(B53<>"", "_" & B53, "") -> Brodmann__1913 | G53: =SUBSTITUTE(SUBSTITUTE(_xlfn.TEXTBEFORE(A53,","), "-", ""), " ", "") -> Brodmann | H53: =_xlfn.LET( _xlpm.authors,_xlfn.TEXTBEFORE(A53," ("&I53&")"), _xlpm.hasAmp,ISNUMBER(SEARCH("&",_xlpm.authors)), _xlpm.commasBeforeAmp,IF(_xlpm.hasAmp,LEN(_xlfn.TEXTBEFORE(_xlpm.authors,"&"))-LEN(SUBSTITUTE(_xlfn.TEXTBEFORE(_xlpm.authors,"&"),",","")),0), IF(NOT(_xlpm.hasAmp),"",IF(_xlpm.commasBeforeAmp>2,"etal",TRIM(_xlfn.TEXTBEFORE(_xlfn.TEXTAFTER(_xlpm.authors,"& "),",")))) ) | I53: =_xlfn.TEXTBEFORE(_xlfn.TEXTAFTER(A53, "("), ")") -> 1913 | J53: =_xlfn.LET( _xlpm.doi,IF(C53<>"",C53,_xlfn.TEXTAFTER(A53,"https://doi.org/")), SUBSTITUTE( SUBSTITUTE( SUBSTITUTE( SUBSTITUTE( _xlpm.doi, "/","%2F"), ":","%3A"), "<","%3C"), ">","%3E") ) -> 10.0000%2Fplaceholder | K53: =TRIM(_xlfn.TEXTJOIN("_",FALSE(),F53,(SUBSTITUTE(SUBSTITUTE(D53," ",""), "_", "")))) -> Brodmann__1913_Tabelle1 | L53: =J53 & "_" & SUBSTITUTE(SUBSTITUTE(SUBSTITUTE(D53,CHAR(160),"")," ",""),"_","") -> 10.0000%2Fplaceholder_Tabelle1 | M53: {=IFERROR(INDEX(AUTO_Public_TSV_FileList!$A$1:$A$1000,MATCH(TRUE(),EXACT(L53,IFERROR(_xlfn.TEXTBEFORE(AUTO_Public_TSV_FileList!$A$1:$A$1000,".tsv"),"")),0)),"notfound")} -> notfound | AH53: cortical surface area | AI53: Mammals (various) | AK53: primary | AL53: cortical surface area
A54: Burger, J. R., George, M. A., Leadbetter, C., & Shaikh, F. (2019). The allometry of brain size in mammals. J Mammal, 100(2), 276-283. https://doi.org/10.1093/jmammal/gyz043 | D54: Supplementary Data SD1 | E54: =RIGHT(A54,1) -> 3 | F54: =G54 & IF(H54<>"", "_" & H54, "_") & IF(I54<>"", "_" & I54, "_") & IF(B54<>"", "_" & B54, "") -> Burger_etal_2019 | G54: =SUBSTITUTE(SUBSTITUTE(_xlfn.TEXTBEFORE(A54,","), "-", ""), " ", "") -> Burger | H54: =_xlfn.LET( _xlpm.authors,_xlfn.TEXTBEFORE(A54," ("&I54&")"), _xlpm.hasAmp,ISNUMBER(SEARCH("&",_xlpm.authors)), _xlpm.commasBeforeAmp,IF(_xlpm.hasAmp,LEN(_xlfn.TEXTBEFORE(_xlpm.authors,"&"))-LEN(SUBSTITUTE(_xlfn.TEXTBEFORE(_xlpm.authors,"&"),",","")),0), IF(NOT(_xlpm.hasAmp),"",IF(_xlpm.commasBeforeAmp>2,"etal",TRIM(_xlfn.TEXTBEFORE(_xlfn.TEXTAFTER(_xlpm.authors,"& "),",")))) ) -> etal | I54: =_xlfn.TEXTBEFORE(_xlfn.TEXTAFTER(A54, "("), ")") -> 2019 | J54: =_xlfn.LET( _xlpm.doi,IF(C54<>"",C54,_xlfn.TEXTAFTER(A54,"https://doi.org/")), SUBSTITUTE( SUBSTITUTE( SUBSTITUTE( SUBSTITUTE( _xlpm.doi, "/","%2F"), ":","%3A"), "<","%3C"), ">","%3E") ) -> 10.1093%2Fjmammal%2Fgyz043 | K54: =TRIM(_xlfn.TEXTJOIN("_",FALSE(),F54,(SUBSTITUTE(SUBSTITUTE(D54," ",""), "_", "")))) -> Burger_etal_2019_SupplementaryDataSD1 | L54: =J54 & "_" & SUBSTITUTE(SUBSTITUTE(SUBSTITUTE(D54,CHAR(160),"")," ",""),"_","") -> 10.1093%2Fjmammal%2Fgyz043_SupplementaryDataSD1 | M54: {=IFERROR(INDEX(AUTO_Public_TSV_FileList!$A$1:$A$1000,MATCH(TRUE(),EXACT(L54,IFERROR(_xlfn.TEXTBEFORE(AUTO_Public_TSV_FileList!$A$1:$A$1000,".tsv"),"")),0)),"notfound")} -> 10.1093%2Fjmammal%2Fgyz043_SupplementaryDataSD1.tsv | N54: Supplementary Data SD2 | P54: FINISHED | Q54: already there | R54: gyz043_suppl_Supplement_Data.csv | S54: N | T54: zipped csv | U54: table | V54: NO - the article link did not work in R, and goes to a zip | AA54: derived relative brain size data are problematic | AG54: mammals | AH54: brain and body size | AI54: Mammals | AJ54: secondary | AK54: secondary | AL54: brain & body mass
A55: Burish, M. J., Peebles, J. K., Baldwin, M. K., Tavares, L., Kaas, J. H., & Herculano-Houzel, S. (2010). Cellular scaling rules for primate spinal cords. Brain Behav Evol, 76(1), 45-59. https://doi.org/10.1159/000319019 | D55: Supplementary Table 1 | E55: =RIGHT(A55,1) -> 9 | F55: =G55 & IF(H55<>"", "_" & H55, "_") & IF(I55<>"", "_" & I55, "_") & IF(B55<>"", "_" & B55, "") -> Burish_etal_2010 | G55: =SUBSTITUTE(SUBSTITUTE(_xlfn.TEXTBEFORE(A55,","), "-", ""), " ", "") -> Burish | H55: =_xlfn.LET( _xlpm.authors,_xlfn.TEXTBEFORE(A55," ("&I55&")"), _xlpm.hasAmp,ISNUMBER(SEARCH("&",_xlpm.authors)), _xlpm.commasBeforeAmp,IF(_xlpm.hasAmp,LEN(_xlfn.TEXTBEFORE(_xlpm.authors,"&"))-LEN(SUBSTITUTE(_xlfn.TEXTBEFORE(_xlpm.authors,"&"),",","")),0), IF(NOT(_xlpm.hasAmp),"",IF(_xlpm.commasBeforeAmp>2,"etal",TRIM(_xlfn.TEXTBEFORE(_xlfn.TEXTAFTER(_xlpm.authors,"& "),",")))) ) -> etal | I55: =_xlfn.TEXTBEFORE(_xlfn.TEXTAFTER(A55, "("), ")") -> 2010 | J55: =_xlfn.LET( _xlpm.doi,IF(C55<>"",C55,_xlfn.TEXTAFTER(A55,"https://doi.org/")), SUBSTITUTE( SUBSTITUTE( SUBSTITUTE( SUBSTITUTE( _xlpm.doi, "/","%2F"), ":","%3A"), "<","%3C"), ">","%3E") ) -> 10.1159%2F000319019 | K55: =TRIM(_xlfn.TEXTJOIN("_",FALSE(),F55,(SUBSTITUTE(SUBSTITUTE(D55," ",""), "_", "")))) -> Burish_etal_2010_SupplementaryTable1 | L55: =J55 & "_" & SUBSTITUTE(SUBSTITUTE(SUBSTITUTE(D55,CHAR(160),"")," ",""),"_","") -> 10.1159%2F000319019_SupplementaryTable1 | M55: {=IFERROR(INDEX(AUTO_Public_TSV_FileList!$A$1:$A$1000,MATCH(TRUE(),EXACT(L55,IFERROR(_xlfn.TEXTBEFORE(AUTO_Public_TSV_FileList!$A$1:$A$1000,".tsv"),"")),0)),"notfound")} -> 10.1159%2F000319019_SupplementaryTable1.tsv | N55: Supplementary Table 1: Dataset of individual spinal cord measurements | P55: Species - binomials need to be added | R55: Burish_etal_2010_SupplementaryTable1_snapshot.csv | X55: HH | Y55: HH | Z55: number spinal cord neurons | AF55: isotropic fractionator | AG55: primates and tree shrew | AI55: Primates (+ other mammals) | AJ55: primary (individual) | AK55: review | AL55: review
A56: Burish, M. J., Peebles, J. K., Baldwin, M. K., Tavares, L., Kaas, J. H., & Herculano-Houzel, S. (2010). Cellular scaling rules for primate spinal cords. Brain Behav Evol, 76(1), 45-59. https://doi.org/10.1159/000319019 | D56: Table 1 | E56: =RIGHT(A56,1) -> 9 | F56: =G56 & IF(H56<>"", "_" & H56, "_") & IF(I56<>"", "_" & I56, "_") & IF(B56<>"", "_" & B56, "") -> Burish_etal_2010 | G56: =SUBSTITUTE(SUBSTITUTE(_xlfn.TEXTBEFORE(A56,","), "-", ""), " ", "") -> Burish | H56: =_xlfn.LET( _xlpm.authors,_xlfn.TEXTBEFORE(A56," ("&I56&")"), _xlpm.hasAmp,ISNUMBER(SEARCH("&",_xlpm.authors)), _xlpm.commasBeforeAmp,IF(_xlpm.hasAmp,LEN(_xlfn.TEXTBEFORE(_xlpm.authors,"&"))-LEN(SUBSTITUTE(_xlfn.TEXTBEFORE(_xlpm.authors,"&"),",","")),0), IF(NOT(_xlpm.hasAmp),"",IF(_xlpm.commasBeforeAmp>2,"etal",TRIM(_xlfn.TEXTBEFORE(_xlfn.TEXTAFTER(_xlpm.authors,"& "),",")))) ) -> etal | I56: =_xlfn.TEXTBEFORE(_xlfn.TEXTAFTER(A56, "("), ")") -> 2010 | J56: =_xlfn.LET( _xlpm.doi,IF(C56<>"",C56,_xlfn.TEXTAFTER(A56,"https://doi.org/")), SUBSTITUTE( SUBSTITUTE( SUBSTITUTE( SUBSTITUTE( _xlpm.doi, "/","%2F"), ":","%3A"), "<","%3C"), ">","%3E") ) -> 10.1159%2F000319019 | K56: =TRIM(_xlfn.TEXTJOIN("_",FALSE(),F56,(SUBSTITUTE(SUBSTITUTE(D56," ",""), "_", "")))) -> Burish_etal_2010_Table1 | L56: =J56 & "_" & SUBSTITUTE(SUBSTITUTE(SUBSTITUTE(D56,CHAR(160),"")," ",""),"_","") -> 10.1159%2F000319019_Table1 | M56: {=IFERROR(INDEX(AUTO_Public_TSV_FileList!$A$1:$A$1000,MATCH(TRUE(),EXACT(L56,IFERROR(_xlfn.TEXTBEFORE(AUTO_Public_TSV_FileList!$A$1:$A$1000,".tsv"),"")),0)),"notfound")} -> 10.1159%2F000319019_Table1.tsv | N56: Table 1. Cellular composition of the spinal cord | P56: FINISHED | Q56: added | R56: Burish_etal_2010_Table1_snapshot.csv | T56: pdf | U56: table | W56: https://doi.org/10.1159/000319019 | X56: HH | Y56: HH | Z56: number spinal cord neurons | AB56: species-name-error: species-name typo corrected from paper text (in .R script). | AF56: isotropic fractionator | AG56: primates and tree shrew | AI56: Primates (+ other mammals) | AJ56: primary (averages) | AK56: review | AL56: review
A57: Bush, E. C., & Allman, J. M. (2003). The scaling of white matter to gray matter in cerebellum and neocortex. Brain Behav Evol, 61(1), 1-5. https://doi.org/10.1159/000068880 | D57: Table 1 | E57: =RIGHT(A57,1) -> 0 | F57: =G57 & IF(H57<>"", "_" & H57, "_") & IF(I57<>"", "_" & I57, "_") & IF(B57<>"", "_" & B57, "") -> Bush_Allman_2003 | G57: =SUBSTITUTE(SUBSTITUTE(_xlfn.TEXTBEFORE(A57,","), "-", ""), " ", "") -> Bush | H57: =_xlfn.LET( _xlpm.authors,_xlfn.TEXTBEFORE(A57," ("&I57&")"), _xlpm.hasAmp,ISNUMBER(SEARCH("&",_xlpm.authors)), _xlpm.commasBeforeAmp,IF(_xlpm.hasAmp,LEN(_xlfn.TEXTBEFORE(_xlpm.authors,"&"))-LEN(SUBSTITUTE(_xlfn.TEXTBEFORE(_xlpm.authors,"&"),",","")),0), IF(NOT(_xlpm.hasAmp),"",IF(_xlpm.commasBeforeAmp>2,"etal",TRIM(_xlfn.TEXTBEFORE(_xlfn.TEXTAFTER(_xlpm.authors,"& "),",")))) ) -> Allman | I57: =_xlfn.TEXTBEFORE(_xlfn.TEXTAFTER(A57, "("), ")") -> 2003 | J57: =_xlfn.LET( _xlpm.doi,IF(C57<>"",C57,_xlfn.TEXTAFTER(A57,"https://doi.org/")), SUBSTITUTE( SUBSTITUTE( SUBSTITUTE( SUBSTITUTE( _xlpm.doi, "/","%2F"), ":","%3A"), "<","%3C"), ">","%3E") ) -> 10.1159%2F000068880 | K57: =TRIM(_xlfn.TEXTJOIN("_",FALSE(),F57,(SUBSTITUTE(SUBSTITUTE(D57," ",""), "_", "")))) -> Bush_Allman_2003_Table1 | L57: =J57 & "_" & SUBSTITUTE(SUBSTITUTE(SUBSTITUTE(D57,CHAR(160),"")," ",""),"_","") -> 10.1159%2F000068880_Table1 | M57: {=IFERROR(INDEX(AUTO_Public_TSV_FileList!$A$1:$A$1000,MATCH(TRUE(),EXACT(L57,IFERROR(_xlfn.TEXTBEFORE(AUTO_Public_TSV_FileList!$A$1:$A$1000,".tsv"),"")),0)),"notfound")} -> 10.1159%2F000068880_Table1.tsv | N57: Table 2. Major axis regression slopes and 95% confidence intervals | P57: not extracted (regression statistics, not species trait data) | X57: Allman | Y57: AFIP
A58: Bush, E. C., & Allman, J. M. (2004). The scaling of frontal cortex in primates and carnivores. Proc Natl Acad Sci U S A, 101(11), 3962-3966. https://doi.org/10.1073/pnas.0305760101 | B58: a | D58: Table 2 | E58: =RIGHT(A58,1) -> 1 | F58: =G58 & IF(H58<>"", "_" & H58, "_") & IF(I58<>"", "_" & I58, "_") & IF(B58<>"", "_" & B58, "") -> Bush_Allman_2004_a | G58: =SUBSTITUTE(SUBSTITUTE(_xlfn.TEXTBEFORE(A58,","), "-", ""), " ", "") -> Bush | H58: =_xlfn.LET( _xlpm.authors,_xlfn.TEXTBEFORE(A58," ("&I58&")"), _xlpm.hasAmp,ISNUMBER(SEARCH("&",_xlpm.authors)), _xlpm.commasBeforeAmp,IF(_xlpm.hasAmp,LEN(_xlfn.TEXTBEFORE(_xlpm.authors,"&"))-LEN(SUBSTITUTE(_xlfn.TEXTBEFORE(_xlpm.authors,"&"),",","")),0), IF(NOT(_xlpm.hasAmp),"",IF(_xlpm.commasBeforeAmp>2,"etal",TRIM(_xlfn.TEXTBEFORE(_xlfn.TEXTAFTER(_xlpm.authors,"& "),",")))) ) -> Allman | I58: =_xlfn.TEXTBEFORE(_xlfn.TEXTAFTER(A58, "("), ")") -> 2004 | J58: =_xlfn.LET( _xlpm.doi,IF(C58<>"",C58,_xlfn.TEXTAFTER(A58,"https://doi.org/")), SUBSTITUTE( SUBSTITUTE( SUBSTITUTE( SUBSTITUTE( _xlpm.doi, "/","%2F"), ":","%3A"), "<","%3C"), ">","%3E") ) -> 10.1073%2Fpnas.0305760101 | K58: =TRIM(_xlfn.TEXTJOIN("_",FALSE(),F58,(SUBSTITUTE(SUBSTITUTE(D58," ",""), "_", "")))) -> Bush_Allman_2004_a_Table2 | L58: =J58 & "_" & SUBSTITUTE(SUBSTITUTE(SUBSTITUTE(D58,CHAR(160),"")," ",""),"_","") -> 10.1073%2Fpnas.0305760101_Table2 | M58: {=IFERROR(INDEX(AUTO_Public_TSV_FileList!$A$1:$A$1000,MATCH(TRUE(),EXACT(L58,IFERROR(_xlfn.TEXTBEFORE(AUTO_Public_TSV_FileList!$A$1:$A$1000,".tsv"),"")),0)),"notfound")} -> 10.1073%2Fpnas.0305760101_Table2.tsv | N58: Table 1. White matter and gray matter volumes (cm3) for neocortex and cerebellum for 45 mammals | P58: Data readable | R58: Bush_Allman_2003_Table1_snapshot.csv | S58: Y | T58: pdf | U58: table | X58: Allman | Y58: AFIP | AE58: histological sections | AF58: volumetry | AG58: mammals (incl. primates) | AH58: neocortex & cerebellum grey/white volumes | AJ58: primary
A59: Bush, E. C., & Allman, J. M. (2004). Three-dimensional structure and evolution of primate primary visual cortex. Anat Rec (Hoboken), 281(1), 1088-1094. https://doi.org/10.1002/ar.a.20114 | B59: b | D59: TABLE 1 | E59: =RIGHT(A59,1) -> 4 | F59: =G59 & IF(H59<>"", "_" & H59, "_") & IF(I59<>"", "_" & I59, "_") & IF(B59<>"", "_" & B59, "") -> Bush_Allman_2004_b | G59: =SUBSTITUTE(SUBSTITUTE(_xlfn.TEXTBEFORE(A59,","), "-", ""), " ", "") -> Bush | H59: =_xlfn.LET( _xlpm.authors,_xlfn.TEXTBEFORE(A59," ("&I59&")"), _xlpm.hasAmp,ISNUMBER(SEARCH("&",_xlpm.authors)), _xlpm.commasBeforeAmp,IF(_xlpm.hasAmp,LEN(_xlfn.TEXTBEFORE(_xlpm.authors,"&"))-LEN(SUBSTITUTE(_xlfn.TEXTBEFORE(_xlpm.authors,"&"),",","")),0), IF(NOT(_xlpm.hasAmp),"",IF(_xlpm.commasBeforeAmp>2,"etal",TRIM(_xlfn.TEXTBEFORE(_xlfn.TEXTAFTER(_xlpm.authors,"& "),",")))) ) -> Allman | I59: =_xlfn.TEXTBEFORE(_xlfn.TEXTAFTER(A59, "("), ")") -> 2004 | J59: =_xlfn.LET( _xlpm.doi,IF(C59<>"",C59,_xlfn.TEXTAFTER(A59,"https://doi.org/")), SUBSTITUTE( SUBSTITUTE( SUBSTITUTE( SUBSTITUTE( _xlpm.doi, "/","%2F"), ":","%3A"), "<","%3C"), ">","%3E") ) -> 10.1002%2Far.a.20114 | K59: =TRIM(_xlfn.TEXTJOIN("_",FALSE(),F59,(SUBSTITUTE(SUBSTITUTE(D59," ",""), "_", "")))) -> Bush_Allman_2004_b_TABLE1 | L59: =J59 & "_" & SUBSTITUTE(SUBSTITUTE(SUBSTITUTE(D59,CHAR(160),"")," ",""),"_","") -> 10.1002%2Far.a.20114_TABLE1 | M59: {=IFERROR(INDEX(AUTO_Public_TSV_FileList!$A$1:$A$1000,MATCH(TRUE(),EXACT(L59,IFERROR(_xlfn.TEXTBEFORE(AUTO_Public_TSV_FileList!$A$1:$A$1000,".tsv"),"")),0)),"notfound")} -> 10.1002%2Far.a.20114_TABLE1.tsv | N59: Table 1. Measurements in V1 and the rest of the brain for a sample of primates | P59: Data readable | R59: Bush_Allman_2004_Table1_snapshot.csv | S59: Y | T59: pdf | U59: table | X59: Allman | Y59: AFIP | AE59: histological sections | AF59: volumetry/stereology | AG59: primates | AH59: V1 grey, LGN, V1 surface, neocortex GM/WM | AJ59: primary
A60: Campos, G. B., & Welker, W. I. (1976). Comparisons between brains of a large and a small hystricomorph rodent: capybara, Hydrochoerus and guinea pig, Cavia; neocortical projection regions and measurements of brain subdivisions. Brain Behav Evol, 13(4), 243-266. https://doi.org/10.1159/000123814 | D60: Table 1 | E60: =RIGHT(A60,1) -> 4 | F60: =G60 & IF(H60<>"", "_" & H60, "_") & IF(I60<>"", "_" & I60, "_") & IF(B60<>"", "_" & B60, "") -> Campos_Welker_1976 | G60: =SUBSTITUTE(SUBSTITUTE(_xlfn.TEXTBEFORE(A60,","), "-", ""), " ", "") -> Campos | H60: =_xlfn.LET(_xlpm.authors,_xlfn.TEXTBEFORE(A60," ("&I60&")"),_xlpm.hasAmp,ISNUMBER(SEARCH("&",_xlpm.authors)),_xlpm.commasBeforeAmp,IF(_xlpm.hasAmp,LEN(_xlfn.TEXTBEFORE(_xlpm.authors,"&"))-LEN(SUBSTITUTE(_xlfn.TEXTBEFORE(_xlpm.authors,"&"),",","")),0),IF(NOT(_xlpm.hasAmp),"",IF(_xlpm.commasBeforeAmp>2,"etal",TRIM(_xlfn.TEXTBEFORE(_xlfn.TEXTAFTER(_xlpm.authors,"& "),","))))) -> Welker | I60: =_xlfn.TEXTBEFORE(_xlfn.TEXTAFTER(A60, "("), ")") -> 1976 | J60: =_xlfn.LET(_xlpm.doi,IF(C60<>"",C60,_xlfn.TEXTAFTER(A60,"https://doi.org/")),SUBSTITUTE(SUBSTITUTE(SUBSTITUTE(SUBSTITUTE(_xlpm.doi,"/","%2F"),":","%3A"),"<","%3C"),">","%3E")) -> 10.1159%2F000123814 | K60: =TRIM(_xlfn.TEXTJOIN("_",FALSE(),F60,(SUBSTITUTE(SUBSTITUTE(D60," ",""), "_", "")))) -> Campos_Welker_1976_Table1 | L60: =J60 & "_" & SUBSTITUTE(SUBSTITUTE(SUBSTITUTE(D60,CHAR(160),"")," ",""),"_","") -> 10.1159%2F000123814_Table1 | M60: =IFERROR(INDEX(AUTO_Public_TSV_FileList!$A$1:$A$1000,MATCH(TRUE(),EXACT(L60,IFERROR(_xlfn.TEXTBEFORE(AUTO_Public_TSV_FileList!$A$1:$A$1000,".tsv"),"")),0)),"notfound") -> notfound | N60: Table 1. Quantitative comparisons of brains of capybara and guinea pig | O60: Mixed primary table: regional volumes, cortical surface/fissure area and thickness, cortical/caudate cell density, and total cell number. Build as method-specific outputs rather than forcing every column into the volume merge. | P60: PLANNED | Q60: EndNote | T60: pdf | U60: table | V60: https://doi.org/10.1159/000123814 | W60: https://doi.org/10.1159/000123814 | X60: Welker/Wisconsin | Y60: University of Wisconsin | Z60: prosencephalon; neocortex; white matter; thalamus; caudate; globus pallidus; basal forebrain; hippocampus; hypothalamus; cortical surface/fissures/thickness; cell density and number | AA60: Two specimens/species (capybara and guinea pig). Includes multiplication factors as derived comparisons; retain raw specimen values as primary and tag ratios as derived. | AC60: mixed-datatype table; n=1 per species; derived multiplication-factor rows | AE60: one capybara and one guinea pig specimen | AF60: histological volumetry; cortical surface measurement; cell-density sampling and counts | AG60: brain subdivisions / cortex / cell counts | AH60: regional volumes; cortical morphometry; cell density and number | AI60: Rodents | AJ60: primary | AK60: primary | AL60: volume + area + thickness + cell density/count
A61: Capellini, I., Barton, R. A., McNamara, P., Preston, B. T., & Nunn, C. L. (2008). Phylogenetic analysis of the ecology and evolution of mammalian sleep. Evolution, 62(7), 1764-1776. https://doi.org/10.1111/j.1558-5646.2008.00392.x | D61: sleep-data_Female | E61: =RIGHT(A61,1) -> x | F61: =G61 & IF(H61<>"", "_" & H61, "_") & IF(I61<>"", "_" & I61, "_") & IF(B61<>"", "_" & B61, "") -> Capellini_etal_2008 | G61: =SUBSTITUTE(SUBSTITUTE(_xlfn.TEXTBEFORE(A61,","), "-", ""), " ", "") -> Capellini | H61: =_xlfn.LET( _xlpm.authors,_xlfn.TEXTBEFORE(A61," ("&I61&")"), _xlpm.hasAmp,ISNUMBER(SEARCH("&",_xlpm.authors)), _xlpm.commasBeforeAmp,IF(_xlpm.hasAmp,LEN(_xlfn.TEXTBEFORE(_xlpm.authors,"&"))-LEN(SUBSTITUTE(_xlfn.TEXTBEFORE(_xlpm.authors,"&"),",","")),0), IF(NOT(_xlpm.hasAmp),"",IF(_xlpm.commasBeforeAmp>2,"etal",TRIM(_xlfn.TEXTBEFORE(_xlfn.TEXTAFTER(_xlpm.authors,"& "),",")))) ) -> etal | I61: =_xlfn.TEXTBEFORE(_xlfn.TEXTAFTER(A61, "("), ")") -> 2008 | J61: =_xlfn.LET( _xlpm.doi,IF(C61<>"",C61,_xlfn.TEXTAFTER(A61,"https://doi.org/")), SUBSTITUTE( SUBSTITUTE( SUBSTITUTE( SUBSTITUTE( _xlpm.doi, "/","%2F"), ":","%3A"), "<","%3C"), ">","%3E") ) -> 10.1111%2Fj.1558-5646.2008.00392.x | K61: =TRIM(_xlfn.TEXTJOIN("_",FALSE(),F61,(SUBSTITUTE(SUBSTITUTE(D61," ",""), "_", "")))) -> Capellini_etal_2008_sleep-dataFemale | L61: =J61 & "_" & SUBSTITUTE(SUBSTITUTE(SUBSTITUTE(D61,CHAR(160),"")," ",""),"_","") -> 10.1111%2Fj.1558-5646.2008.00392.x_sleep-dataFemale | M61: {=IFERROR(INDEX(AUTO_Public_TSV_FileList!$A$1:$A$1000,MATCH(TRUE(),EXACT(L61,IFERROR(_xlfn.TEXTBEFORE(AUTO_Public_TSV_FileList!$A$1:$A$1000,".tsv"),"")),0)),"notfound")} -> 10.1111%2Fj.1558-5646.2008.00392.x_sleep-dataFemale.tsv | O61: all data downloaded from database cited in paper with search term Sex = Female | P61: FINISHED | R61: none - digital-native (sleep-data_Female.csv IS the frozen source) | T61: csv | U61: table | X61: Capellini | AA61: one row per primary study x species x sex class, not per species - aggregate at the merge. Citation-dependent with HerculanoHouzel__2015_Table1 for daily sleep (both descend from Zepelin / Campbell & Tobler) - resolve, never average. | AH61: sleep (total sleep time, REM, NREM) | AI61: Mammals | AJ61: secondary compilation | AK61: secondary | AL61: sleep (h/day, REM %)
A62: Capellini, I., Barton, R. A., McNamara, P., Preston, B. T., & Nunn, C. L. (2008). Phylogenetic analysis of the ecology and evolution of mammalian sleep. Evolution, 62(7), 1764-1776. https://doi.org/10.1111/j.1558-5646.2008.00392.x | D62: sleep-data_Male | E62: =RIGHT(A62,1) -> x | F62: =G62 & IF(H62<>"", "_" & H62, "_") & IF(I62<>"", "_" & I62, "_") & IF(B62<>"", "_" & B62, "") -> Capellini_etal_2008 | G62: =SUBSTITUTE(SUBSTITUTE(_xlfn.TEXTBEFORE(A62,","), "-", ""), " ", "") -> Capellini | H62: =_xlfn.LET( _xlpm.authors,_xlfn.TEXTBEFORE(A62," ("&I62&")"), _xlpm.hasAmp,ISNUMBER(SEARCH("&",_xlpm.authors)), _xlpm.commasBeforeAmp,IF(_xlpm.hasAmp,LEN(_xlfn.TEXTBEFORE(_xlpm.authors,"&"))-LEN(SUBSTITUTE(_xlfn.TEXTBEFORE(_xlpm.authors,"&"),",","")),0), IF(NOT(_xlpm.hasAmp),"",IF(_xlpm.commasBeforeAmp>2,"etal",TRIM(_xlfn.TEXTBEFORE(_xlfn.TEXTAFTER(_xlpm.authors,"& "),",")))) ) -> etal | I62: =_xlfn.TEXTBEFORE(_xlfn.TEXTAFTER(A62, "("), ")") -> 2008 | J62: =_xlfn.LET( _xlpm.doi,IF(C62<>"",C62,_xlfn.TEXTAFTER(A62,"https://doi.org/")), SUBSTITUTE( SUBSTITUTE( SUBSTITUTE( SUBSTITUTE( _xlpm.doi, "/","%2F"), ":","%3A"), "<","%3C"), ">","%3E") ) -> 10.1111%2Fj.1558-5646.2008.00392.x | K62: =TRIM(_xlfn.TEXTJOIN("_",FALSE(),F62,(SUBSTITUTE(SUBSTITUTE(D62," ",""), "_", "")))) -> Capellini_etal_2008_sleep-dataMale | L62: =J62 & "_" & SUBSTITUTE(SUBSTITUTE(SUBSTITUTE(D62,CHAR(160),"")," ",""),"_","") -> 10.1111%2Fj.1558-5646.2008.00392.x_sleep-dataMale | M62: {=IFERROR(INDEX(AUTO_Public_TSV_FileList!$A$1:$A$1000,MATCH(TRUE(),EXACT(L62,IFERROR(_xlfn.TEXTBEFORE(AUTO_Public_TSV_FileList!$A$1:$A$1000,".tsv"),"")),0)),"notfound")} -> 10.1111%2Fj.1558-5646.2008.00392.x_sleep-dataMale.tsv | O62: all data downloaded from database cited in paper with search term Sex = Male | P62: FINISHED | R62: none - digital-native (sleep-data_Male.csv IS the frozen source) | T62: csv | U62: table | X62: Capellini | AA62: one row per primary study x species x sex class, not per species - aggregate at the merge. Citation-dependent with HerculanoHouzel__2015_Table1 for daily sleep (both descend from Zepelin / Campbell & Tobler) - resolve, never average. | AH62: sleep (total sleep time, REM, NREM) | AI62: Mammals | AJ62: secondary compilation | AK62: secondary | AL62: sleep (h/day, REM %)
A63: Capellini, I., Barton, R. A., McNamara, P., Preston, B. T., & Nunn, C. L. (2008). Phylogenetic analysis of the ecology and evolution of mammalian sleep. Evolution, 62(7), 1764-1776. https://doi.org/10.1111/j.1558-5646.2008.00392.x | D63: sleep-data_Mixed | E63: =RIGHT(A63,1) -> x | F63: =G63 & IF(H63<>"", "_" & H63, "_") & IF(I63<>"", "_" & I63, "_") & IF(B63<>"", "_" & B63, "") -> Capellini_etal_2008 | G63: =SUBSTITUTE(SUBSTITUTE(_xlfn.TEXTBEFORE(A63,","), "-", ""), " ", "") -> Capellini | H63: =_xlfn.LET( _xlpm.authors,_xlfn.TEXTBEFORE(A63," ("&I63&")"), _xlpm.hasAmp,ISNUMBER(SEARCH("&",_xlpm.authors)), _xlpm.commasBeforeAmp,IF(_xlpm.hasAmp,LEN(_xlfn.TEXTBEFORE(_xlpm.authors,"&"))-LEN(SUBSTITUTE(_xlfn.TEXTBEFORE(_xlpm.authors,"&"),",","")),0), IF(NOT(_xlpm.hasAmp),"",IF(_xlpm.commasBeforeAmp>2,"etal",TRIM(_xlfn.TEXTBEFORE(_xlfn.TEXTAFTER(_xlpm.authors,"& "),",")))) ) -> etal | I63: =_xlfn.TEXTBEFORE(_xlfn.TEXTAFTER(A63, "("), ")") -> 2008 | J63: =_xlfn.LET( _xlpm.doi,IF(C63<>"",C63,_xlfn.TEXTAFTER(A63,"https://doi.org/")), SUBSTITUTE( SUBSTITUTE( SUBSTITUTE( SUBSTITUTE( _xlpm.doi, "/","%2F"), ":","%3A"), "<","%3C"), ">","%3E") ) -> 10.1111%2Fj.1558-5646.2008.00392.x | K63: =TRIM(_xlfn.TEXTJOIN("_",FALSE(),F63,(SUBSTITUTE(SUBSTITUTE(D63," ",""), "_", "")))) -> Capellini_etal_2008_sleep-dataMixed | L63: =J63 & "_" & SUBSTITUTE(SUBSTITUTE(SUBSTITUTE(D63,CHAR(160),"")," ",""),"_","") -> 10.1111%2Fj.1558-5646.2008.00392.x_sleep-dataMixed | M63: {=IFERROR(INDEX(AUTO_Public_TSV_FileList!$A$1:$A$1000,MATCH(TRUE(),EXACT(L63,IFERROR(_xlfn.TEXTBEFORE(AUTO_Public_TSV_FileList!$A$1:$A$1000,".tsv"),"")),0)),"notfound")} -> 10.1111%2Fj.1558-5646.2008.00392.x_sleep-dataMixed.tsv | O63: all data downloaded from database cited in paper with search term Sex = Mixed | P63: FINISHED | R63: none - digital-native (sleep-data_Mixed.csv IS the frozen source) | T63: csv | U63: table | X63: Capellini | AA63: one row per primary study x species x sex class, not per species - aggregate at the merge. Citation-dependent with HerculanoHouzel__2015_Table1 for daily sleep (both descend from Zepelin / Campbell & Tobler) - resolve, never average. | AH63: sleep (total sleep time, REM, NREM) | AI63: Mammals | AJ63: secondary compilation | AK63: secondary | AL63: sleep (h/day, REM %)
A64: Caspar, K. R., Pallasdies, F., Mader, L., Sartorelli, H., & Begall, S. (2022). The evolution and biological correlates of hand preferences in anthropoid primates. Elife, 11, e77875. https://doi.org/10.7554/eLife.77875 | D64: Supplementary file 3 | E64: =RIGHT(A64,1) -> 5 | F64: =G64 & IF(H64<>"", "_" & H64, "_") & IF(I64<>"", "_" & I64, "_") & IF(B64<>"", "_" & B64, "") -> Caspar_etal_2022 | G64: =SUBSTITUTE(SUBSTITUTE(_xlfn.TEXTBEFORE(A64,","), "-", ""), " ", "") -> Caspar | H64: =_xlfn.LET( _xlpm.authors,_xlfn.TEXTBEFORE(A64," ("&I64&")"), _xlpm.hasAmp,ISNUMBER(SEARCH("&",_xlpm.authors)), _xlpm.commasBeforeAmp,IF(_xlpm.hasAmp,LEN(_xlfn.TEXTBEFORE(_xlpm.authors,"&"))-LEN(SUBSTITUTE(_xlfn.TEXTBEFORE(_xlpm.authors,"&"),",","")),0), IF(NOT(_xlpm.hasAmp),"",IF(_xlpm.commasBeforeAmp>2,"etal",TRIM(_xlfn.TEXTBEFORE(_xlfn.TEXTAFTER(_xlpm.authors,"& "),",")))) ) -> etal | I64: =_xlfn.TEXTBEFORE(_xlfn.TEXTAFTER(A64, "("), ")") -> 2022 | J64: =_xlfn.LET( _xlpm.doi,IF(C64<>"",C64,_xlfn.TEXTAFTER(A64,"https://doi.org/")), SUBSTITUTE( SUBSTITUTE( SUBSTITUTE( SUBSTITUTE( _xlpm.doi, "/","%2F"), ":","%3A"), "<","%3C"), ">","%3E") ) -> 10.7554%2FeLife.77875 | K64: =TRIM(_xlfn.TEXTJOIN("_",FALSE(),F64,(SUBSTITUTE(SUBSTITUTE(D64," ",""), "_", "")))) -> Caspar_etal_2022_Supplementaryfile3 | L64: =J64 & "_" & SUBSTITUTE(SUBSTITUTE(SUBSTITUTE(D64,CHAR(160),"")," ",""),"_","") -> 10.7554%2FeLife.77875_Supplementaryfile3 | M64: {=IFERROR(INDEX(AUTO_Public_TSV_FileList!$A$1:$A$1000,MATCH(TRUE(),EXACT(L64,IFERROR(_xlfn.TEXTBEFORE(AUTO_Public_TSV_FileList!$A$1:$A$1000,".tsv"),"")),0)),"notfound")} -> 10.7554%2FeLife.77875_Supplementaryfile3.tsv | N64: part 2: ecological table | P64: FINISHED | Q64: added | R64: elife-77875-supp3-v1.xlsx | S64: N | T64: xlsx | U64: table | V64: YES - download link | W64: https://cdn.elifesciences.org/articles/77875/elife-77875-supp3-v1.xlsx | AG64: primates | AH64: Habitual Tool Use, Ecology, Female brain size | AI64: Primates | AJ64: secondary | AK64: secondary | AL64: behavioural (handedness, tool use, ecology)
A65: Caspar, K. R., Pallasdies, F., Mader, L., Sartorelli, H., & Begall, S. (2022). The evolution and biological correlates of hand preferences in anthropoid primates. Elife, 11, e77875. https://doi.org/10.7554/eLife.77875 | D65: Table 1 | E65: =RIGHT(A65,1) -> 5 | F65: =G65 & IF(H65<>"", "_" & H65, "_") & IF(I65<>"", "_" & I65, "_") & IF(B65<>"", "_" & B65, "") -> Caspar_etal_2022 | G65: =SUBSTITUTE(SUBSTITUTE(_xlfn.TEXTBEFORE(A65,","), "-", ""), " ", "") -> Caspar | H65: =_xlfn.LET( _xlpm.authors,_xlfn.TEXTBEFORE(A65," ("&I65&")"), _xlpm.hasAmp,ISNUMBER(SEARCH("&",_xlpm.authors)), _xlpm.commasBeforeAmp,IF(_xlpm.hasAmp,LEN(_xlfn.TEXTBEFORE(_xlpm.authors,"&"))-LEN(SUBSTITUTE(_xlfn.TEXTBEFORE(_xlpm.authors,"&"),",","")),0), IF(NOT(_xlpm.hasAmp),"",IF(_xlpm.commasBeforeAmp>2,"etal",TRIM(_xlfn.TEXTBEFORE(_xlfn.TEXTAFTER(_xlpm.authors,"& "),",")))) ) -> etal | I65: =_xlfn.TEXTBEFORE(_xlfn.TEXTAFTER(A65, "("), ")") -> 2022 | J65: =_xlfn.LET( _xlpm.doi,IF(C65<>"",C65,_xlfn.TEXTAFTER(A65,"https://doi.org/")), SUBSTITUTE( SUBSTITUTE( SUBSTITUTE( SUBSTITUTE( _xlpm.doi, "/","%2F"), ":","%3A"), "<","%3C"), ">","%3E") ) -> 10.7554%2FeLife.77875 | K65: =TRIM(_xlfn.TEXTJOIN("_",FALSE(),F65,(SUBSTITUTE(SUBSTITUTE(D65," ",""), "_", "")))) -> Caspar_etal_2022_Table1 | L65: =J65 & "_" & SUBSTITUTE(SUBSTITUTE(SUBSTITUTE(D65,CHAR(160),"")," ",""),"_","") -> 10.7554%2FeLife.77875_Table1 | M65: {=IFERROR(INDEX(AUTO_Public_TSV_FileList!$A$1:$A$1000,MATCH(TRUE(),EXACT(L65,IFERROR(_xlfn.TEXTBEFORE(AUTO_Public_TSV_FileList!$A$1:$A$1000,".tsv"),"")),0)),"notfound")} -> 10.7554%2FeLife.77875_Table1.tsv | N65: part 1: handedness summary table | P65: FINISHED | Q65: added | R65: Caspar_etal_2022_Table1_snapshot.xlsx | S65: Y | T65: pdf | U65: table | V65: YES - but formatting issues | W65: https://elifesciences.org/download/aHR0cHM6Ly9jZG4uZWxpZmVzY2llbmNlcy5vcmcvYXJ0aWNsZXMvNzc4NzUvZWxpZmUtNzc4NzUtdjEucGRmP2Nhbm9uaWNhbFVyaT1odHRwczovL2VsaWZlc2NpZW5jZXMub3JnL2FydGljbGVzLzc3ODc1/elife-77875-v1.pdf?_hash=NStjcL9fTlmy3AQDwSiM0YgMVB3UYjO8nDg0UbwN5gM%3D | AA65: perhaps useful to get raw data as well? | AG65: primates | AH65: Handedness derived data | AI65: Primates | AJ65: derived from primary | AK65: secondary | AL65: behavioural (handedness)
A66: Caves, E. M., Brandley, N. C., & Johnsen, S. (2018). Visual Acuity and the Evolution of Signals. Trends Ecol Evol, 33(5), 358-372. https://doi.org/10.1016/j.tree.2018.03.001 | D66: Table S1 | E66: =RIGHT(A66,1) -> 1 | F66: =G66 & IF(H66<>"", "_" & H66, "_") & IF(I66<>"", "_" & I66, "_") & IF(B66<>"", "_" & B66, "") -> Caves_etal_2018 | G66: =SUBSTITUTE(SUBSTITUTE(_xlfn.TEXTBEFORE(A66,","), "-", ""), " ", "") -> Caves | H66: =_xlfn.LET( _xlpm.authors,_xlfn.TEXTBEFORE(A66," ("&I66&")"), _xlpm.hasAmp,ISNUMBER(SEARCH("&",_xlpm.authors)), _xlpm.commasBeforeAmp,IF(_xlpm.hasAmp,LEN(_xlfn.TEXTBEFORE(_xlpm.authors,"&"))-LEN(SUBSTITUTE(_xlfn.TEXTBEFORE(_xlpm.authors,"&"),",","")),0), IF(NOT(_xlpm.hasAmp),"",IF(_xlpm.commasBeforeAmp>2,"etal",TRIM(_xlfn.TEXTBEFORE(_xlfn.TEXTAFTER(_xlpm.authors,"& "),",")))) ) -> etal | I66: =_xlfn.TEXTBEFORE(_xlfn.TEXTAFTER(A66, "("), ")") -> 2018 | J66: =_xlfn.LET( _xlpm.doi,IF(C66<>"",C66,_xlfn.TEXTAFTER(A66,"https://doi.org/")), SUBSTITUTE( SUBSTITUTE( SUBSTITUTE( SUBSTITUTE( _xlpm.doi, "/","%2F"), ":","%3A"), "<","%3C"), ">","%3E") ) -> 10.1016%2Fj.tree.2018.03.001 | K66: =TRIM(_xlfn.TEXTJOIN("_",FALSE(),F66,(SUBSTITUTE(SUBSTITUTE(D66," ",""), "_", "")))) -> Caves_etal_2018_TableS1 | L66: =J66 & "_" & SUBSTITUTE(SUBSTITUTE(SUBSTITUTE(D66,CHAR(160),"")," ",""),"_","") -> 10.1016%2Fj.tree.2018.03.001_TableS1 | M66: {=IFERROR(INDEX(AUTO_Public_TSV_FileList!$A$1:$A$1000,MATCH(TRUE(),EXACT(L66,IFERROR(_xlfn.TEXTBEFORE(AUTO_Public_TSV_FileList!$A$1:$A$1000,".tsv"),"")),0)),"notfound")} -> 10.1016%2Fj.tree.2018.03.001_TableS1.tsv
A67: Changizi, M. A. (2001). Principles underlying mammalian neocortical scaling. Biol Cybern, 84(3), 207-215. https://doi.org/10.1007/s004220000205 | D67: Figure 3 | E67: =RIGHT(A67,1) -> 5 | F67: =G67 & IF(H67<>"", "_" & H67, "_") & IF(I67<>"", "_" & I67, "_") & IF(B67<>"", "_" & B67, "") -> Changizi__2001 | G67: =SUBSTITUTE(SUBSTITUTE(_xlfn.TEXTBEFORE(A67,","), "-", ""), " ", "") -> Changizi | H67: =_xlfn.LET( _xlpm.authors,_xlfn.TEXTBEFORE(A67," ("&I67&")"), _xlpm.hasAmp,ISNUMBER(SEARCH("&",_xlpm.authors)), _xlpm.commasBeforeAmp,IF(_xlpm.hasAmp,LEN(_xlfn.TEXTBEFORE(_xlpm.authors,"&"))-LEN(SUBSTITUTE(_xlfn.TEXTBEFORE(_xlpm.authors,"&"),",","")),0), IF(NOT(_xlpm.hasAmp),"",IF(_xlpm.commasBeforeAmp>2,"etal",TRIM(_xlfn.TEXTBEFORE(_xlfn.TEXTAFTER(_xlpm.authors,"& "),",")))) ) | I67: =_xlfn.TEXTBEFORE(_xlfn.TEXTAFTER(A67, "("), ")") -> 2001 | J67: =_xlfn.LET( _xlpm.doi,IF(C67<>"",C67,_xlfn.TEXTAFTER(A67,"https://doi.org/")), SUBSTITUTE( SUBSTITUTE( SUBSTITUTE( SUBSTITUTE( _xlpm.doi, "/","%2F"), ":","%3A"), "<","%3C"), ">","%3E") ) -> 10.1007%2Fs004220000205 | K67: =TRIM(_xlfn.TEXTJOIN("_",FALSE(),F67,(SUBSTITUTE(SUBSTITUTE(D67," ",""), "_", "")))) -> Changizi__2001_Figure3 | L67: =J67 & "_" & SUBSTITUTE(SUBSTITUTE(SUBSTITUTE(D67,CHAR(160),"")," ",""),"_","") -> 10.1007%2Fs004220000205_Figure3 | M67: {=IFERROR(INDEX(AUTO_Public_TSV_FileList!$A$1:$A$1000,MATCH(TRUE(),EXACT(L67,IFERROR(_xlfn.TEXTBEFORE(AUTO_Public_TSV_FileList!$A$1:$A$1000,".tsv"),"")),0)),"notfound")} -> 10.1007%2Fs004220000205_Figure3.tsv | P67: Species -- wait for Project Kaskan | Q67: NA | R67: Changizi__2001_Figure3_snapshot.csv | S67: Y | T67: pdf | U67: figure and caption | V67: NO - paywall | AA67: summary to check more precise areas from ProjectKaskan | AH67: number of cortical areas | AI67: Mammals | AJ67: primary (derived from published materials) | AK67: secondary | AL67: cortical area count / scaling
A68: Changizi, M. A. (2003). Relationship between number of muscles, behavioral repertoire size, and encephalization in mammals. Journal of Theoretical Biology, 220(2), 157–168. https://doi.org/10.1006/jtbi.2003.3125 | D68: Table 1 | E68: =RIGHT(A68,1) -> 5 | F68: =G68 & IF(H68<>"", "_" & H68, "_") & IF(I68<>"", "_" & I68, "_") & IF(B68<>"", "_" & B68, "") -> Changizi__2003 | G68: =SUBSTITUTE(SUBSTITUTE(_xlfn.TEXTBEFORE(A68,","), "-", ""), " ", "") -> Changizi | H68: =_xlfn.LET( _xlpm.authors,_xlfn.TEXTBEFORE(A68," ("&I68&")"), _xlpm.hasAmp,ISNUMBER(SEARCH("&",_xlpm.authors)), _xlpm.commasBeforeAmp,IF(_xlpm.hasAmp,LEN(_xlfn.TEXTBEFORE(_xlpm.authors,"&"))-LEN(SUBSTITUTE(_xlfn.TEXTBEFORE(_xlpm.authors,"&"),",","")),0), IF(NOT(_xlpm.hasAmp),"",IF(_xlpm.commasBeforeAmp>2,"etal",TRIM(_xlfn.TEXTBEFORE(_xlfn.TEXTAFTER(_xlpm.authors,"& "),",")))) ) | I68: =_xlfn.TEXTBEFORE(_xlfn.TEXTAFTER(A68, "("), ")") -> 2003 | J68: =_xlfn.LET( _xlpm.doi,IF(C68<>"",C68,_xlfn.TEXTAFTER(A68,"https://doi.org/")), SUBSTITUTE( SUBSTITUTE( SUBSTITUTE( SUBSTITUTE( _xlpm.doi, "/","%2F"), ":","%3A"), "<","%3C"), ">","%3E") ) -> 10.1006%2Fjtbi.2003.3125 | K68: =TRIM(_xlfn.TEXTJOIN("_",FALSE(),F68,(SUBSTITUTE(SUBSTITUTE(D68," ",""), "_", "")))) -> Changizi__2003_Table1 | L68: =J68 & "_" & SUBSTITUTE(SUBSTITUTE(SUBSTITUTE(D68,CHAR(160),"")," ",""),"_","") -> 10.1006%2Fjtbi.2003.3125_Table1 | M68: {=IFERROR(INDEX(AUTO_Public_TSV_FileList!$A$1:$A$1000,MATCH(TRUE(),EXACT(L68,IFERROR(_xlfn.TEXTBEFORE(AUTO_Public_TSV_FileList!$A$1:$A$1000,".tsv"),"")),0)),"notfound")} -> notfound | N68: Estimates for number of ethobehavior types, encephalization index, and number of muscle types for mammalian orders and species. | O68: High relevance: directly provides comparative species/order behavioral repertoire values. | T68: published article | U68: PDF table | V68: changizi_2003.pdf | W68: https://doi.org/10.1006/jtbi.2003.3125 | X68: comparative intelligence | Y68: intelligence and cognition | Z68: Behavioral repertoire size; encephalization; muscle types | AA68: High relevance: directly provides comparative species/order behavioral repertoire values. | AB68: Source table and interpretation checked against attached PDF | AC68: Verify taxon names and whether values are raw, derived, or model summaries before merge | AE68: species/order | AF68: See article table and methods | AG68: comparative cognition | AH68: Behavioral repertoire size; encephalization; muscle types | AI68: Mammals | AJ68: published literature | AK68: both | AL68: observed counts / derived index | AM68: The full genus-by-procedure cognitive ranking dataset: the same 30 procedures and nine paradigms represented in Johnson et al. (2002), with extensive methodological interpretation in the surrounding text. | AN68: es—high priority, canonical version. Ingest this rather than averaging it with Johnson Table 1; use Johnson as provenance/cross-check.
A69: Changizi, M. A., & Shimojo, S. (2005). Parcellation and area-area connectivity as a function of neocortex size. Brain Behavior and Evolution, 66(2), 88-98. https://doi.org/10.1159/000085942 | D69: Table 1 | E69: =RIGHT(A69,1) -> 2 | F69: =G69 & IF(H69<>"", "_" & H69, "_") & IF(I69<>"", "_" & I69, "_") & IF(B69<>"", "_" & B69, "") -> Changizi_Shimojo_2005 | G69: =SUBSTITUTE(SUBSTITUTE(_xlfn.TEXTBEFORE(A69,","), "-", ""), " ", "") -> Changizi | H69: =_xlfn.LET( _xlpm.authors,_xlfn.TEXTBEFORE(A69," ("&I69&")"), _xlpm.hasAmp,ISNUMBER(SEARCH("&",_xlpm.authors)), _xlpm.commasBeforeAmp,IF(_xlpm.hasAmp,LEN(_xlfn.TEXTBEFORE(_xlpm.authors,"&"))-LEN(SUBSTITUTE(_xlfn.TEXTBEFORE(_xlpm.authors,"&"),",","")),0), IF(NOT(_xlpm.hasAmp),"",IF(_xlpm.commasBeforeAmp>2,"etal",TRIM(_xlfn.TEXTBEFORE(_xlfn.TEXTAFTER(_xlpm.authors,"& "),",")))) ) -> Shimojo | I69: =_xlfn.TEXTBEFORE(_xlfn.TEXTAFTER(A69, "("), ")") -> 2005 | J69: =_xlfn.LET( _xlpm.doi,IF(C69<>"",C69,_xlfn.TEXTAFTER(A69,"https://doi.org/")), SUBSTITUTE( SUBSTITUTE( SUBSTITUTE( SUBSTITUTE( _xlpm.doi, "/","%2F"), ":","%3A"), "<","%3C"), ">","%3E") ) -> 10.1159%2F000085942 | K69: =TRIM(_xlfn.TEXTJOIN("_",FALSE(),F69,(SUBSTITUTE(SUBSTITUTE(D69," ",""), "_", "")))) -> Changizi_Shimojo_2005_Table1 | L69: =J69 & "_" & SUBSTITUTE(SUBSTITUTE(SUBSTITUTE(D69,CHAR(160),"")," ",""),"_","") -> 10.1159%2F000085942_Table1 | M69: {=IFERROR(INDEX(AUTO_Public_TSV_FileList!$A$1:$A$1000,MATCH(TRUE(),EXACT(L69,IFERROR(_xlfn.TEXTBEFORE(AUTO_Public_TSV_FileList!$A$1:$A$1000,".tsv"),"")),0)),"notfound")} -> 10.1159%2F000085942_Table1.tsv | P69: FINISHED | R69: Changizi_Shimojo_2005_Table1_snapshot.xlsx | T69: pdf | U69: table | X69: Changizi | AA69: 19 animals. The 4 rows with no SD (mouse, rat, ferret, cat) were COUNTED from unflattened maps, not measured - avg = 100/(2 x areas shown) reproduces all four exactly; recorded in rel_size_basis. brain_mass_g is kept in grams as printed (project unit is mg - convert x1000 at merge time). | AH69: average relative size of cortical areas; brain mass; EQ | AI69: Mammals | AJ69: both (authors' own measurements of other groups' published flattened maps + compiled brain mass/EQ) | AK69: both | AL69: cortical parcellation (mean relative area size)
A70: Changizi, M. A., & Shimojo, S. (2005). Parcellation and area-area connectivity as a function of neocortex size. Brain Behavior and Evolution, 66(2), 88-98. https://doi.org/10.1159/000085942 | D70: Table 2 | E70: =RIGHT(A70,1) -> 2 | F70: =G70 & IF(H70<>"", "_" & H70, "_") & IF(I70<>"", "_" & I70, "_") & IF(B70<>"", "_" & B70, "") -> Changizi_Shimojo_2005 | G70: =SUBSTITUTE(SUBSTITUTE(_xlfn.TEXTBEFORE(A70,","), "-", ""), " ", "") -> Changizi | H70: =_xlfn.LET( _xlpm.authors,_xlfn.TEXTBEFORE(A70," ("&I70&")"), _xlpm.hasAmp,ISNUMBER(SEARCH("&",_xlpm.authors)), _xlpm.commasBeforeAmp,IF(_xlpm.hasAmp,LEN(_xlfn.TEXTBEFORE(_xlpm.authors,"&"))-LEN(SUBSTITUTE(_xlfn.TEXTBEFORE(_xlpm.authors,"&"),",","")),0), IF(NOT(_xlpm.hasAmp),"",IF(_xlpm.commasBeforeAmp>2,"etal",TRIM(_xlfn.TEXTBEFORE(_xlfn.TEXTAFTER(_xlpm.authors,"& "),",")))) ) -> Shimojo | I70: =_xlfn.TEXTBEFORE(_xlfn.TEXTAFTER(A70, "("), ")") -> 2005 | J70: =_xlfn.LET( _xlpm.doi,IF(C70<>"",C70,_xlfn.TEXTAFTER(A70,"https://doi.org/")), SUBSTITUTE( SUBSTITUTE( SUBSTITUTE( SUBSTITUTE( _xlpm.doi, "/","%2F"), ":","%3A"), "<","%3C"), ">","%3E") ) -> 10.1159%2F000085942 | K70: =TRIM(_xlfn.TEXTJOIN("_",FALSE(),F70,(SUBSTITUTE(SUBSTITUTE(D70," ",""), "_", "")))) -> Changizi_Shimojo_2005_Table2 | L70: =J70 & "_" & SUBSTITUTE(SUBSTITUTE(SUBSTITUTE(D70,CHAR(160),"")," ",""),"_","") -> 10.1159%2F000085942_Table2 | M70: {=IFERROR(INDEX(AUTO_Public_TSV_FileList!$A$1:$A$1000,MATCH(TRUE(),EXACT(L70,IFERROR(_xlfn.TEXTBEFORE(AUTO_Public_TSV_FileList!$A$1:$A$1000,".tsv"),"")),0)),"notfound")} -> 10.1159%2F000085942_Table2.tsv | P70: FINISHED | R70: Changizi_Shimojo_2005_Table2_snapshot.xlsx | T70: pdf | U70: table | X70: Changizi | AA70: 16 animals; blanks are 'not measured', NEVER zero, and are the main hazard in this table - a shifted row misassigns M1. Mouse's row is entirely blank and is kept as printed. V2, A1, S1 and M1 are not yet in _keys/anatomy_reference.csv. | AH70: relative size of V1, V2, A1, S1 and M1 (% of neocortex) | AI70: Mammals | AJ70: primary | AK70: primary | AL70: cortical area relative size (pct neocortex)
A71: Changizi, M. A., & Shimojo, S. (2005). Parcellation and area-area connectivity as a function of neocortex size. Brain Behavior and Evolution, 66(2), 88-98. https://doi.org/10.1159/000085942 | D71: Table 3 | E71: =RIGHT(A71,1) -> 2 | F71: =G71 & IF(H71<>"", "_" & H71, "_") & IF(I71<>"", "_" & I71, "_") & IF(B71<>"", "_" & B71, "") -> Changizi_Shimojo_2005 | G71: =SUBSTITUTE(SUBSTITUTE(_xlfn.TEXTBEFORE(A71,","), "-", ""), " ", "") -> Changizi | H71: =_xlfn.LET( _xlpm.authors,_xlfn.TEXTBEFORE(A71," ("&I71&")"), _xlpm.hasAmp,ISNUMBER(SEARCH("&",_xlpm.authors)), _xlpm.commasBeforeAmp,IF(_xlpm.hasAmp,LEN(_xlfn.TEXTBEFORE(_xlpm.authors,"&"))-LEN(SUBSTITUTE(_xlfn.TEXTBEFORE(_xlpm.authors,"&"),",","")),0), IF(NOT(_xlpm.hasAmp),"",IF(_xlpm.commasBeforeAmp>2,"etal",TRIM(_xlfn.TEXTBEFORE(_xlfn.TEXTAFTER(_xlpm.authors,"& "),",")))) ) -> Shimojo | I71: =_xlfn.TEXTBEFORE(_xlfn.TEXTAFTER(A71, "("), ")") -> 2005 | J71: =_xlfn.LET( _xlpm.doi,IF(C71<>"",C71,_xlfn.TEXTAFTER(A71,"https://doi.org/")), SUBSTITUTE( SUBSTITUTE( SUBSTITUTE( SUBSTITUTE( _xlpm.doi, "/","%2F"), ":","%3A"), "<","%3C"), ">","%3E") ) -> 10.1159%2F000085942 | K71: =TRIM(_xlfn.TEXTJOIN("_",FALSE(),F71,(SUBSTITUTE(SUBSTITUTE(D71," ",""), "_", "")))) -> Changizi_Shimojo_2005_Table3 | L71: =J71 & "_" & SUBSTITUTE(SUBSTITUTE(SUBSTITUTE(D71,CHAR(160),"")," ",""),"_","") -> 10.1159%2F000085942_Table3 | M71: {=IFERROR(INDEX(AUTO_Public_TSV_FileList!$A$1:$A$1000,MATCH(TRUE(),EXACT(L71,IFERROR(_xlfn.TEXTBEFORE(AUTO_Public_TSV_FileList!$A$1:$A$1000,".tsv"),"")),0)),"notfound")} -> 10.1159%2F000085942_Table3.tsv | P71: FINISHED | R71: Changizi_Shimojo_2005_Table3_snapshot.xlsx | T71: pdf | U71: table | X71: Changizi | AA71: 10 sensory / somato-motor subnetworks compiled from other groups' connectivity matrices. | AH71: number of cortical areas and area-area connections per subnetwork | AI71: Mammals | AJ71: secondary compilation | AK71: secondary | AL71: cortical connectivity (areas, edges)
A72: Changizi, M. A., & Shimojo, S. (2005). Parcellation and area-area connectivity as a function of neocortex size. Brain Behavior and Evolution, 66(2), 88-98. https://doi.org/10.1159/000085942 | D72: Table 4 | E72: =RIGHT(A72,1) -> 2 | F72: =G72 & IF(H72<>"", "_" & H72, "_") & IF(I72<>"", "_" & I72, "_") & IF(B72<>"", "_" & B72, "") -> Changizi_Shimojo_2005 | G72: =SUBSTITUTE(SUBSTITUTE(_xlfn.TEXTBEFORE(A72,","), "-", ""), " ", "") -> Changizi | H72: =_xlfn.LET( _xlpm.authors,_xlfn.TEXTBEFORE(A72," ("&I72&")"), _xlpm.hasAmp,ISNUMBER(SEARCH("&",_xlpm.authors)), _xlpm.commasBeforeAmp,IF(_xlpm.hasAmp,LEN(_xlfn.TEXTBEFORE(_xlpm.authors,"&"))-LEN(SUBSTITUTE(_xlfn.TEXTBEFORE(_xlpm.authors,"&"),",","")),0), IF(NOT(_xlpm.hasAmp),"",IF(_xlpm.commasBeforeAmp>2,"etal",TRIM(_xlfn.TEXTBEFORE(_xlfn.TEXTAFTER(_xlpm.authors,"& "),",")))) ) -> Shimojo | I72: =_xlfn.TEXTBEFORE(_xlfn.TEXTAFTER(A72, "("), ")") -> 2005 | J72: =_xlfn.LET( _xlpm.doi,IF(C72<>"",C72,_xlfn.TEXTAFTER(A72,"https://doi.org/")), SUBSTITUTE( SUBSTITUTE( SUBSTITUTE( SUBSTITUTE( _xlpm.doi, "/","%2F"), ":","%3A"), "<","%3C"), ">","%3E") ) -> 10.1159%2F000085942 | K72: =TRIM(_xlfn.TEXTJOIN("_",FALSE(),F72,(SUBSTITUTE(SUBSTITUTE(D72," ",""), "_", "")))) -> Changizi_Shimojo_2005_Table4 | L72: =J72 & "_" & SUBSTITUTE(SUBSTITUTE(SUBSTITUTE(D72,CHAR(160),"")," ",""),"_","") -> 10.1159%2F000085942_Table4 | M72: {=IFERROR(INDEX(AUTO_Public_TSV_FileList!$A$1:$A$1000,MATCH(TRUE(),EXACT(L72,IFERROR(_xlfn.TEXTBEFORE(AUTO_Public_TSV_FileList!$A$1:$A$1000,".tsv"),"")),0)),"notfound")} -> 10.1159%2F000085942_Table4.tsv | P72: FINISHED | R72: Changizi_Shimojo_2005_Table4_snapshot.xlsx | T72: pdf | U72: table | X72: Changizi | AA72: 38 rows / 11 animals. 3 rows print 'not shown here' -> NA with area_not_shown flagged. Table 4 prints 'TD' twice in the tree-shrew block; the second is almost certainly TI (Lyon et al. 1998) - kept verbatim, flagged. The opossum here is Kahn et al. 2000 (Monodelphis domestica), NOT the Didelphis of Table 1. | AH72: area-area connections per cortical area | AI72: Mammals | AJ72: secondary compilation | AK72: secondary | AL72: cortical connectivity (connections per area)
A73: Changizi, M. A., & Shimojo, S. (2005). Parcellation and area-area connectivity as a function of neocortex size. Brain Behavior and Evolution, 66(2), 88-98. https://doi.org/10.1159/000085942 | D73: Table 5 | E73: =RIGHT(A73,1) -> 2 | F73: =G73 & IF(H73<>"", "_" & H73, "_") & IF(I73<>"", "_" & I73, "_") & IF(B73<>"", "_" & B73, "") -> Changizi_Shimojo_2005 | G73: =SUBSTITUTE(SUBSTITUTE(_xlfn.TEXTBEFORE(A73,","), "-", ""), " ", "") -> Changizi | H73: =_xlfn.LET( _xlpm.authors,_xlfn.TEXTBEFORE(A73," ("&I73&")"), _xlpm.hasAmp,ISNUMBER(SEARCH("&",_xlpm.authors)), _xlpm.commasBeforeAmp,IF(_xlpm.hasAmp,LEN(_xlfn.TEXTBEFORE(_xlpm.authors,"&"))-LEN(SUBSTITUTE(_xlfn.TEXTBEFORE(_xlpm.authors,"&"),",","")),0), IF(NOT(_xlpm.hasAmp),"",IF(_xlpm.commasBeforeAmp>2,"etal",TRIM(_xlfn.TEXTBEFORE(_xlfn.TEXTAFTER(_xlpm.authors,"& "),",")))) ) -> Shimojo | I73: =_xlfn.TEXTBEFORE(_xlfn.TEXTAFTER(A73, "("), ")") -> 2005 | J73: =_xlfn.LET( _xlpm.doi,IF(C73<>"",C73,_xlfn.TEXTAFTER(A73,"https://doi.org/")), SUBSTITUTE( SUBSTITUTE( SUBSTITUTE( SUBSTITUTE( _xlpm.doi, "/","%2F"), ":","%3A"), "<","%3C"), ">","%3E") ) -> 10.1159%2F000085942 | K73: =TRIM(_xlfn.TEXTJOIN("_",FALSE(),F73,(SUBSTITUTE(SUBSTITUTE(D73," ",""), "_", "")))) -> Changizi_Shimojo_2005_Table5 | L73: =J73 & "_" & SUBSTITUTE(SUBSTITUTE(SUBSTITUTE(D73,CHAR(160),"")," ",""),"_","") -> 10.1159%2F000085942_Table5 | M73: {=IFERROR(INDEX(AUTO_Public_TSV_FileList!$A$1:$A$1000,MATCH(TRUE(),EXACT(L73,IFERROR(_xlfn.TEXTBEFORE(AUTO_Public_TSV_FileList!$A$1:$A$1000,".tsv"),"")),0)),"notfound")} -> 10.1159%2F000085942_Table5.tsv | P73: FINISHED | R73: Changizi_Shimojo_2005_Table5_snapshot.xlsx | T73: pdf | U73: table | X73: Changizi | AA73: 11 rows, derived from Table 4: 10^mean(log10 x) and the sample SD of log10 x reproduce Table 5's mean AND SD to 2 dp for all 9 recomputable animals. Rat SD = 0 is a true zero (n = 1). | AH73: average number of area connections per area | AI73: Mammals | AJ73: secondary compilation | AK73: secondary | AL73: cortical connectivity (mean connections per area)
A74: Chaplin, T. A., Yu, H. H., Soares, J. G., Gattass, R., & Rosa, M. G. (2013). A conserved pattern of differential expansion of cortical areas in simian primates. J Neurosci, 33(38), 15120-15125. https://doi.org/10.1523/JNEUROSCI.2909-13.2013 | D74: Results Text | E74: =RIGHT(A74,1) -> 3 | F74: =G74 & IF(H74<>"", "_" & H74, "_") & IF(I74<>"", "_" & I74, "_") & IF(B74<>"", "_" & B74, "") -> Chaplin_etal_2013 | G74: =SUBSTITUTE(SUBSTITUTE(_xlfn.TEXTBEFORE(A74,","), "-", ""), " ", "") -> Chaplin | H74: =_xlfn.LET( _xlpm.authors,_xlfn.TEXTBEFORE(A74," ("&I74&")"), _xlpm.hasAmp,ISNUMBER(SEARCH("&",_xlpm.authors)), _xlpm.commasBeforeAmp,IF(_xlpm.hasAmp,LEN(_xlfn.TEXTBEFORE(_xlpm.authors,"&"))-LEN(SUBSTITUTE(_xlfn.TEXTBEFORE(_xlpm.authors,"&"),",","")),0), IF(NOT(_xlpm.hasAmp),"",IF(_xlpm.commasBeforeAmp>2,"etal",TRIM(_xlfn.TEXTBEFORE(_xlfn.TEXTAFTER(_xlpm.authors,"& "),",")))) ) -> etal | I74: =_xlfn.TEXTBEFORE(_xlfn.TEXTAFTER(A74, "("), ")") -> 2013 | J74: =_xlfn.LET( _xlpm.doi,IF(C74<>"",C74,_xlfn.TEXTAFTER(A74,"https://doi.org/")), SUBSTITUTE( SUBSTITUTE( SUBSTITUTE( SUBSTITUTE( _xlpm.doi, "/","%2F"), ":","%3A"), "<","%3C"), ">","%3E") ) -> 10.1523%2FJNEUROSCI.2909-13.2013 | K74: =TRIM(_xlfn.TEXTJOIN("_",FALSE(),F74,(SUBSTITUTE(SUBSTITUTE(D74," ",""), "_", "")))) -> Chaplin_etal_2013_ResultsText | L74: =J74 & "_" & SUBSTITUTE(SUBSTITUTE(SUBSTITUTE(D74,CHAR(160),"")," ",""),"_","") -> 10.1523%2FJNEUROSCI.2909-13.2013_ResultsText | M74: {=IFERROR(INDEX(AUTO_Public_TSV_FileList!$A$1:$A$1000,MATCH(TRUE(),EXACT(L74,IFERROR(_xlfn.TEXTBEFORE(AUTO_Public_TSV_FileList!$A$1:$A$1000,".tsv"),"")),0)),"notfound")} -> notfound | N74: Results, first paragraph — cortical surface areas of the three monkey models | O74: Total cortical surface area of the reconstructed models: marmoset (Callithrix jacchus, 500 g female) 963 mm2; capuchin (Cebus apella, 3.3 kg male) 6796 mm2; macaque (Macaca mulatta, body mass of the studied individual not reported) 11,876 mm2. The paper has no numbered tables; these three values are printed only in the Results text. Human is the fourth species in the figures but no human surface value is printed — that model is the Van Essen / Hill SumsDB registration. | P74: VERIFIED CITED PAPER — RELEVANT ITEM IDENTIFIED | Q74: EndNote | T74: Journal article | U74: PDF text | V74: Chaplin-2013-A conserved pattern of differenti.pdf | W74: https://doi.org/10.1523/JNEUROSCI.2909-13.2013 | Z74: Total cortical surface area (mm2) | AA74: NEW ROW — this is the paper the roadmap means by 'Chaplin 2013 — MRI cortical surfaces: marmoset, capuchin, macaque', and the source of the three published_text values already carried in the restricted Kaskan comparison sheet (Callithrix jacchus 963, Cebus apella 6796, Macaca mulatta 11,876). The PDF is on the EndNote mount at PDF/3829176163/; copy it into a new Chaplin_etal_2013_b/ folder. The '_b' publication-name suffix follows the Young_etal_2013 / Young_etal_2013_b convention already in the registry. | AB74: Values, species, sexes and body masses read directly from the PDF Results text on 2026-08-31; confirmed the paper carries Figures 1-4 only and no data tables, and that the supplemental material is a video. Citation and DOI confirmed via CrossRef. | AC74: Surface areas of computational cortical models, not direct anatomical measurement, and one individual per species. Whole-cortex and both-hemisphere status must be established at build before wiring into __merging_cortical_areas (compare the Demirci et al. 2023 halving rule). Macaque body mass not reported. Cebus apella value conflicts with Mota et al. 2019 (7653) by ~12 per cent; Macaca mulatta conflicts with Turner et al. 2016 (15,230). | AE74: individual specimen | AF74: MRI using reference landmark registration | AG74: primates | AH74: cortical surface area | AI74: Primates | AJ74: primary | AK74: primary | AL74: cortical surface area | AM74: high | AN74: Add as a new row. Three species with printed values, and it unblocks the Chaplin owner decision recorded in _checks/registry_audit_20260831.md: the registered DOI 10.1002/cne.23215 is the marmoset V1 retinotopy paper, this one is the surfaces paper. Establish the hemisphere convention before wiring into __merging_cortical_areas.
A75: Chen, Z., & Wiens, J. J. (2020). The origins of acoustic communication in vertebrates. Nature Communications, 11(1), 369. https://doi.org/10.1038/s41467-020-14356-3 | D75: Supplementary Data 3 | E75: =RIGHT(A75,1) -> 3 | F75: =G75 & IF(H75<>"", "_" & H75, "_") & IF(I75<>"", "_" & I75, "_") & IF(B75<>"", "_" & B75, "") -> Chen_Wiens_2020 | G75: =SUBSTITUTE(SUBSTITUTE(_xlfn.TEXTBEFORE(A75,","), "-", ""), " ", "") -> Chen | H75: =_xlfn.LET( _xlpm.authors,_xlfn.TEXTBEFORE(A75," ("&I75&")"), _xlpm.hasAmp,ISNUMBER(SEARCH("&",_xlpm.authors)), _xlpm.commasBeforeAmp,IF(_xlpm.hasAmp,LEN(_xlfn.TEXTBEFORE(_xlpm.authors,"&"))-LEN(SUBSTITUTE(_xlfn.TEXTBEFORE(_xlpm.authors,"&"),",","")),0), IF(NOT(_xlpm.hasAmp),"",IF(_xlpm.commasBeforeAmp>2,"etal",TRIM(_xlfn.TEXTBEFORE(_xlfn.TEXTAFTER(_xlpm.authors,"& "),",")))) ) -> Wiens | I75: =_xlfn.TEXTBEFORE(_xlfn.TEXTAFTER(A75, "("), ")") -> 2020 | J75: =_xlfn.LET( _xlpm.doi,IF(C75<>"",C75,_xlfn.TEXTAFTER(A75,"https://doi.org/")), SUBSTITUTE( SUBSTITUTE( SUBSTITUTE( SUBSTITUTE( _xlpm.doi, "/","%2F"), ":","%3A"), "<","%3C"), ">","%3E") ) -> 10.1038%2Fs41467-020-14356-3 | K75: =TRIM(_xlfn.TEXTJOIN("_",FALSE(),F75,(SUBSTITUTE(SUBSTITUTE(D75," ",""), "_", "")))) -> Chen_Wiens_2020_SupplementaryData3 | L75: =J75 & "_" & SUBSTITUTE(SUBSTITUTE(SUBSTITUTE(D75,CHAR(160),"")," ",""),"_","") -> 10.1038%2Fs41467-020-14356-3_SupplementaryData3 | M75: {=IFERROR(INDEX(AUTO_Public_TSV_FileList!$A$1:$A$1000,MATCH(TRUE(),EXACT(L75,IFERROR(_xlfn.TEXTBEFORE(AUTO_Public_TSV_FileList!$A$1:$A$1000,".tsv"),"")),0)),"notfound")} -> 10.1038%2Fs41467-020-14356-3_SupplementaryData3.tsv | P75: FINISHED | Q75: added | R75: 41467_2020_14356_MOESM6_ESM.xlsx | S75: N | T75: xlsx | U75: table | V75: YES - download link | W75: https://static-content.springer.com/esm/art%3A10.1038%2Fs41467-020-14356-3/MediaObjects/41467_2020_14356_MOESM6_ESM.xlsx | Z75: dial activity (Supp 4) | AA75: maybe delete: not relevent in current dataset, unless for imputations? | AG75: vertebrates | AH75: acoustic communication | AI75: Tetrapod vertebrates | AJ75: secondary | AK75: secondary | AL75: behavioural (acoustic communication)
A76: Collins, C. E., Airey, D. C., Young, N. A., Leitch, D. B., & Kaas, J. H. (2010). Neuron densities vary across and within cortical areas in primates. Proc Natl Acad Sci U S A, 107(36), 15927-15932. https://doi.org/10.1073/pnas.1010356107 | D76: Dataset S1 | E76: =RIGHT(A76,1) -> 7 | F76: =G76 & IF(H76<>"", "_" & H76, "_") & IF(I76<>"", "_" & I76, "_") & IF(B76<>"", "_" & B76, "") -> Collins_etal_2010 | G76: =SUBSTITUTE(SUBSTITUTE(_xlfn.TEXTBEFORE(A76,","), "-", ""), " ", "") -> Collins | H76: =_xlfn.LET( _xlpm.authors,_xlfn.TEXTBEFORE(A76," ("&I76&")"), _xlpm.hasAmp,ISNUMBER(SEARCH("&",_xlpm.authors)), _xlpm.commasBeforeAmp,IF(_xlpm.hasAmp,LEN(_xlfn.TEXTBEFORE(_xlpm.authors,"&"))-LEN(SUBSTITUTE(_xlfn.TEXTBEFORE(_xlpm.authors,"&"),",","")),0), IF(NOT(_xlpm.hasAmp),"",IF(_xlpm.commasBeforeAmp>2,"etal",TRIM(_xlfn.TEXTBEFORE(_xlfn.TEXTAFTER(_xlpm.authors,"& "),",")))) ) -> etal | I76: =_xlfn.TEXTBEFORE(_xlfn.TEXTAFTER(A76, "("), ")") -> 2010 | J76: =_xlfn.LET( _xlpm.doi,IF(C76<>"",C76,_xlfn.TEXTAFTER(A76,"https://doi.org/")), SUBSTITUTE( SUBSTITUTE( SUBSTITUTE( SUBSTITUTE( _xlpm.doi, "/","%2F"), ":","%3A"), "<","%3C"), ">","%3E") ) -> 10.1073%2Fpnas.1010356107 | K76: =TRIM(_xlfn.TEXTJOIN("_",FALSE(),F76,(SUBSTITUTE(SUBSTITUTE(D76," ",""), "_", "")))) -> Collins_etal_2010_DatasetS1 | L76: =J76 & "_" & SUBSTITUTE(SUBSTITUTE(SUBSTITUTE(D76,CHAR(160),"")," ",""),"_","") -> 10.1073%2Fpnas.1010356107_DatasetS1 | M76: {=IFERROR(INDEX(AUTO_Public_TSV_FileList!$A$1:$A$1000,MATCH(TRUE(),EXACT(L76,IFERROR(_xlfn.TEXTBEFORE(AUTO_Public_TSV_FileList!$A$1:$A$1000,".tsv"),"")),0)),"notfound")} -> 10.1073%2Fpnas.1010356107_DatasetS1.tsv | P76: FINISHED | X76: Kaas | AH76: cortical area surface area, neuron density | AI76: Primates | AJ76: primary | AK76: primary | AL76: cortical surface area
A77: Collins, C. E., Turner, E. C., Sawyer, E. K., Reed, J. L., Young, N. A., Flaherty, D. K., & Kaas, J. H. (2016). Cortical cell and neuron density estimates in one chimpanzee hemisphere. Proc Natl Acad Sci U S A, 113(3), 740-745. https://doi.org/10.1073/pnas.1524208113 | D77: Table 1 | E77: =RIGHT(A77,1) -> 3 | F77: =G77 & IF(H77<>"", "_" & H77, "_") & IF(I77<>"", "_" & I77, "_") & IF(B77<>"", "_" & B77, "") -> Collins_etal_2016 | G77: =SUBSTITUTE(SUBSTITUTE(_xlfn.TEXTBEFORE(A77,","), "-", ""), " ", "") -> Collins | H77: =_xlfn.LET( _xlpm.authors,_xlfn.TEXTBEFORE(A77," ("&I77&")"), _xlpm.hasAmp,ISNUMBER(SEARCH("&",_xlpm.authors)), _xlpm.commasBeforeAmp,IF(_xlpm.hasAmp,LEN(_xlfn.TEXTBEFORE(_xlpm.authors,"&"))-LEN(SUBSTITUTE(_xlfn.TEXTBEFORE(_xlpm.authors,"&"),",","")),0), IF(NOT(_xlpm.hasAmp),"",IF(_xlpm.commasBeforeAmp>2,"etal",TRIM(_xlfn.TEXTBEFORE(_xlfn.TEXTAFTER(_xlpm.authors,"& "),",")))) ) -> etal | I77: =_xlfn.TEXTBEFORE(_xlfn.TEXTAFTER(A77, "("), ")") -> 2016 | J77: =_xlfn.LET( _xlpm.doi,IF(C77<>"",C77,_xlfn.TEXTAFTER(A77,"https://doi.org/")), SUBSTITUTE( SUBSTITUTE( SUBSTITUTE( SUBSTITUTE( _xlpm.doi, "/","%2F"), ":","%3A"), "<","%3C"), ">","%3E") ) -> 10.1073%2Fpnas.1524208113 | K77: =TRIM(_xlfn.TEXTJOIN("_",FALSE(),F77,(SUBSTITUTE(SUBSTITUTE(D77," ",""), "_", "")))) -> Collins_etal_2016_Table1 | L77: =J77 & "_" & SUBSTITUTE(SUBSTITUTE(SUBSTITUTE(D77,CHAR(160),"")," ",""),"_","") -> 10.1073%2Fpnas.1524208113_Table1 | M77: {=IFERROR(INDEX(AUTO_Public_TSV_FileList!$A$1:$A$1000,MATCH(TRUE(),EXACT(L77,IFERROR(_xlfn.TEXTBEFORE(AUTO_Public_TSV_FileList!$A$1:$A$1000,".tsv"),"")),0)),"notfound")} -> 10.1073%2Fpnas.1524208113_Table1.tsv | N77: Cortical cell and neuron density in one chimpanzee hemisphere (Table 1) | P77: FINISHED | U77: table | X77: Kaas | Y77: HH | AF77: isotropic fractionator | AH77: cortical neuron/cell density | AI77: Primates | AJ77: primary | AK77: primary | AL77: neuron/cell density & number
A78: de Jager, E., Prigge, L., Amod, N., Oettle, A., & Beaudet, A. (2022). Exploring the relationship between soft and hard tissues: The example of vertebral arteries and transverse foramina. J Anat, 241(2), 447-452. https://doi.org/10.1111/joa.13681 | D78: Table 1 | E78: =RIGHT(A78,1) -> 1 | F78: =G78 & IF(H78<>"", "_" & H78, "_") & IF(I78<>"", "_" & I78, "_") & IF(B78<>"", "_" & B78, "") -> deJager_etal_2022 | G78: =SUBSTITUTE(SUBSTITUTE(_xlfn.TEXTBEFORE(A78,","), "-", ""), " ", "") -> deJager | H78: =_xlfn.LET( _xlpm.authors,_xlfn.TEXTBEFORE(A78," ("&I78&")"), _xlpm.hasAmp,ISNUMBER(SEARCH("&",_xlpm.authors)), _xlpm.commasBeforeAmp,IF(_xlpm.hasAmp,LEN(_xlfn.TEXTBEFORE(_xlpm.authors,"&"))-LEN(SUBSTITUTE(_xlfn.TEXTBEFORE(_xlpm.authors,"&"),",","")),0), IF(NOT(_xlpm.hasAmp),"",IF(_xlpm.commasBeforeAmp>2,"etal",TRIM(_xlfn.TEXTBEFORE(_xlfn.TEXTAFTER(_xlpm.authors,"& "),",")))) ) -> etal | I78: =_xlfn.TEXTBEFORE(_xlfn.TEXTAFTER(A78, "("), ")") -> 2022 | J78: =_xlfn.LET( _xlpm.doi,IF(C78<>"",C78,_xlfn.TEXTAFTER(A78,"https://doi.org/")), SUBSTITUTE( SUBSTITUTE( SUBSTITUTE( SUBSTITUTE( _xlpm.doi, "/","%2F"), ":","%3A"), "<","%3C"), ">","%3E") ) -> 10.1111%2Fjoa.13681 | K78: =TRIM(_xlfn.TEXTJOIN("_",FALSE(),F78,(SUBSTITUTE(SUBSTITUTE(D78," ",""), "_", "")))) -> deJager_etal_2022_Table1 | L78: =J78 & "_" & SUBSTITUTE(SUBSTITUTE(SUBSTITUTE(D78,CHAR(160),"")," ",""),"_","") -> 10.1111%2Fjoa.13681_Table1 | M78: {=IFERROR(INDEX(AUTO_Public_TSV_FileList!$A$1:$A$1000,MATCH(TRUE(),EXACT(L78,IFERROR(_xlfn.TEXTBEFORE(AUTO_Public_TSV_FileList!$A$1:$A$1000,".tsv"),"")),0)),"notfound")} -> 10.1111%2Fjoa.13681_Table1.tsv
A79: de Sousa, A. A., Sherwood, C. C., Hof, P. R., & Zilles, K. (2013). Lamination of the lateral geniculate nucleus of catarrhine primates. Brain Behav Evol, 81(2), 93-108. https://doi.org/10.1159/000346495 | D79: Table 1 | E79: =RIGHT(A79,1) -> 5 | F79: =G79 & IF(H79<>"", "_" & H79, "_") & IF(I79<>"", "_" & I79, "_") & IF(B79<>"", "_" & B79, "") -> deSousa_etal_2013 | G79: =SUBSTITUTE(SUBSTITUTE(_xlfn.TEXTBEFORE(A79,","), "-", ""), " ", "") -> deSousa | H79: =_xlfn.LET( _xlpm.authors,_xlfn.TEXTBEFORE(A79," ("&I79&")"), _xlpm.hasAmp,ISNUMBER(SEARCH("&",_xlpm.authors)), _xlpm.commasBeforeAmp,IF(_xlpm.hasAmp,LEN(_xlfn.TEXTBEFORE(_xlpm.authors,"&"))-LEN(SUBSTITUTE(_xlfn.TEXTBEFORE(_xlpm.authors,"&"),",","")),0), IF(NOT(_xlpm.hasAmp),"",IF(_xlpm.commasBeforeAmp>2,"etal",TRIM(_xlfn.TEXTBEFORE(_xlfn.TEXTAFTER(_xlpm.authors,"& "),",")))) ) -> etal | I79: =_xlfn.TEXTBEFORE(_xlfn.TEXTAFTER(A79, "("), ")") -> 2013 | J79: =_xlfn.LET( _xlpm.doi,IF(C79<>"",C79,_xlfn.TEXTAFTER(A79,"https://doi.org/")), SUBSTITUTE( SUBSTITUTE( SUBSTITUTE( SUBSTITUTE( _xlpm.doi, "/","%2F"), ":","%3A"), "<","%3C"), ">","%3E") ) -> 10.1159%2F000346495 | K79: =TRIM(_xlfn.TEXTJOIN("_",FALSE(),F79,(SUBSTITUTE(SUBSTITUTE(D79," ",""), "_", "")))) -> deSousa_etal_2013_Table1 | L79: =J79 & "_" & SUBSTITUTE(SUBSTITUTE(SUBSTITUTE(D79,CHAR(160),"")," ",""),"_","") -> 10.1159%2F000346495_Table1 | M79: {=IFERROR(INDEX(AUTO_Public_TSV_FileList!$A$1:$A$1000,MATCH(TRUE(),EXACT(L79,IFERROR(_xlfn.TEXTBEFORE(AUTO_Public_TSV_FileList!$A$1:$A$1000,".tsv"),"")),0)),"notfound")} -> 10.1159%2F000346495_Table1.tsv | N79: Table 1. LGN parvocellular lamination, species mean brain weights and LGN volumes | P79: Data readable | R79: deSousa_etal_2013_Table1_snapshot.csv | S79: Y | T79: pdf | U79: table | X79: Stephan, Zilles | Y79: Stephan, Zilles, AFIP, Sherwood, Hof | AE79: histological sections | AF79: volumetry | AG79: catarrhine primates | AH79: LGN volume + parvocellular lamination + brain weight | AI79: Primates (+ Insectivora) | AJ79: primary | AK79: primary | AL79: volume
A80: de Sousa, A. A., Sherwood, C. C., Mohlberg, H., Amunts, K., Schleicher, A., MacLeod, C. E., Hof, P. R., Frahm, H., & Zilles, K. (2010). Hominoid visual brain structure volumes and the position of the lunate sulcus. J Hum Evol, 58(4), 281-292. https://doi.org/10.1016/j.jhevol.2009.11.011 | D80: Sup Table 2 | E80: =RIGHT(A80,1) -> 1 | F80: =G80 & IF(H80<>"", "_" & H80, "_") & IF(I80<>"", "_" & I80, "_") & IF(B80<>"", "_" & B80, "") -> deSousa_etal_2010 | G80: =SUBSTITUTE(SUBSTITUTE(_xlfn.TEXTBEFORE(A80,","), "-", ""), " ", "") -> deSousa | H80: =_xlfn.LET( _xlpm.authors,_xlfn.TEXTBEFORE(A80," ("&I80&")"), _xlpm.hasAmp,ISNUMBER(SEARCH("&",_xlpm.authors)), _xlpm.commasBeforeAmp,IF(_xlpm.hasAmp,LEN(_xlfn.TEXTBEFORE(_xlpm.authors,"&"))-LEN(SUBSTITUTE(_xlfn.TEXTBEFORE(_xlpm.authors,"&"),",","")),0), IF(NOT(_xlpm.hasAmp),"",IF(_xlpm.commasBeforeAmp>2,"etal",TRIM(_xlfn.TEXTBEFORE(_xlfn.TEXTAFTER(_xlpm.authors,"& "),",")))) ) -> etal | I80: =_xlfn.TEXTBEFORE(_xlfn.TEXTAFTER(A80, "("), ")") -> 2010 | J80: =_xlfn.LET( _xlpm.doi,IF(C80<>"",C80,_xlfn.TEXTAFTER(A80,"https://doi.org/")), SUBSTITUTE( SUBSTITUTE( SUBSTITUTE( SUBSTITUTE( _xlpm.doi, "/","%2F"), ":","%3A"), "<","%3C"), ">","%3E") ) -> 10.1016%2Fj.jhevol.2009.11.011 | K80: =TRIM(_xlfn.TEXTJOIN("_",FALSE(),F80,(SUBSTITUTE(SUBSTITUTE(D80," ",""), "_", "")))) -> deSousa_etal_2010_SupTable2 | L80: =J80 & "_" & SUBSTITUTE(SUBSTITUTE(SUBSTITUTE(D80,CHAR(160),"")," ",""),"_","") -> 10.1016%2Fj.jhevol.2009.11.011_SupTable2 | M80: {=IFERROR(INDEX(AUTO_Public_TSV_FileList!$A$1:$A$1000,MATCH(TRUE(),EXACT(L80,IFERROR(_xlfn.TEXTBEFORE(AUTO_Public_TSV_FileList!$A$1:$A$1000,".tsv"),"")),0)),"notfound")} -> 10.1016%2Fj.jhevol.2009.11.011_SupTable2.tsv | N80: Supplementary Table 2. Primate species mean volumes | O80: VALUE ERROR — neocortex (kept in snapshot, corrected in data) | P80: FINISHED | R80: deSousa_etal_2010_SupTable2_snapshot.xlsx | S80: Y | U80: doc (online supplement, mmc2.doc) | W80: https://doi.org/10.1016/j.jhevol.2009.11.011 | X80: Stephan, Zilles | Y80: Stephan, Zilles, AFIP, Sherwood, Hof | AA80: Online supplementary Table 2 (file 1-s2.0-S0047248410000023-mmc2.doc). Snapshot reproduces the published table verbatim incl. the error; cleaned CSV corrects it. See deSousa_etal_2010.ReadMe.md. | AB80: value-error: Neocortex (Neo. vol.) for 17 strepsirrhine/tarsier spp. mis-copied from Stephan 1981/1988 in published Supp. Table 2 (13/17 exceed brain vol., impossible) — kept in snapshot, corrected to Stephan values in dataset. || species-name-error: 7 binomials misspelt in published table — kept in snapshot, corrected in dataset (see correction column). | AC80: units labelled 'g' in source but values are cm3 | AE80: histological sections | AF80: volumetry | AG80: value error (transcription) + species-name errors | AH80: brain, neocortex, V1 (area striata), LGN mean volumes | AI80: Primates (+ Insectivora) | AJ80: primary | AK80: primary | AL80: volume
A81: de Sousa, A. A., Sherwood, C. C., Mohlberg, H., Amunts, K., Schleicher, A., MacLeod, C. E., Hof, P. R., Frahm, H., & Zilles, K. (2010). Hominoid visual brain structure volumes and the position of the lunate sulcus. J Hum Evol, 58(4), 281-292. https://doi.org/10.1016/j.jhevol.2009.11.011 | D81: Table 1 | E81: =RIGHT(A81,1) -> 1 | F81: =G81 & IF(H81<>"", "_" & H81, "_") & IF(I81<>"", "_" & I81, "_") & IF(B81<>"", "_" & B81, "") -> deSousa_etal_2010 | G81: =SUBSTITUTE(SUBSTITUTE(_xlfn.TEXTBEFORE(A81,","), "-", ""), " ", "") -> deSousa | H81: =_xlfn.LET( _xlpm.authors,_xlfn.TEXTBEFORE(A81," ("&I81&")"), _xlpm.hasAmp,ISNUMBER(SEARCH("&",_xlpm.authors)), _xlpm.commasBeforeAmp,IF(_xlpm.hasAmp,LEN(_xlfn.TEXTBEFORE(_xlpm.authors,"&"))-LEN(SUBSTITUTE(_xlfn.TEXTBEFORE(_xlpm.authors,"&"),",","")),0), IF(NOT(_xlpm.hasAmp),"",IF(_xlpm.commasBeforeAmp>2,"etal",TRIM(_xlfn.TEXTBEFORE(_xlfn.TEXTAFTER(_xlpm.authors,"& "),",")))) ) -> etal | I81: =_xlfn.TEXTBEFORE(_xlfn.TEXTAFTER(A81, "("), ")") -> 2010 | J81: =_xlfn.LET( _xlpm.doi,IF(C81<>"",C81,_xlfn.TEXTAFTER(A81,"https://doi.org/")), SUBSTITUTE( SUBSTITUTE( SUBSTITUTE( SUBSTITUTE( _xlpm.doi, "/","%2F"), ":","%3A"), "<","%3C"), ">","%3E") ) -> 10.1016%2Fj.jhevol.2009.11.011 | K81: =TRIM(_xlfn.TEXTJOIN("_",FALSE(),F81,(SUBSTITUTE(SUBSTITUTE(D81," ",""), "_", "")))) -> deSousa_etal_2010_Table1 | L81: =J81 & "_" & SUBSTITUTE(SUBSTITUTE(SUBSTITUTE(D81,CHAR(160),"")," ",""),"_","") -> 10.1016%2Fj.jhevol.2009.11.011_Table1 | M81: {=IFERROR(INDEX(AUTO_Public_TSV_FileList!$A$1:$A$1000,MATCH(TRUE(),EXACT(L81,IFERROR(_xlfn.TEXTBEFORE(AUTO_Public_TSV_FileList!$A$1:$A$1000,".tsv"),"")),0)),"notfound")} -> 10.1016%2Fj.jhevol.2009.11.011_Table1.tsv | N81: Hominoid visual brain structure volumes (Table 1) | U81: table | X81: Stephan, Zilles | Y81: Stephan, Zilles, AFIP, Sherwood, Hof | AE81: histological sections & MRI | AF81: volumetry | AH81: visual brain structure volumes | AI81: Primates (+ Insectivora) | AJ81: primary | AK81: primary | AL81: volume
A82: de Sousa, A. A., Sherwood, C. C., Schleicher, A., Amunts, K., MacLeod, C. E., Hof, P. R., & Zilles, K. (2009). Comparative cytoarchitectural analyses of striate and extrastriate areas in hominoids. Cereb Cortex, 20(4), 966-981. https://doi.org/10.1093/cercor/bhp158 | D82: Table 1 | E82: =RIGHT(A82,1) -> 8 | F82: =G82 & IF(H82<>"", "_" & H82, "_") & IF(I82<>"", "_" & I82, "_") & IF(B82<>"", "_" & B82, "") -> deSousa_etal_2009 | G82: =SUBSTITUTE(SUBSTITUTE(_xlfn.TEXTBEFORE(A82,","), "-", ""), " ", "") -> deSousa | H82: =_xlfn.LET( _xlpm.authors,_xlfn.TEXTBEFORE(A82," ("&I82&")"), _xlpm.hasAmp,ISNUMBER(SEARCH("&",_xlpm.authors)), _xlpm.commasBeforeAmp,IF(_xlpm.hasAmp,LEN(_xlfn.TEXTBEFORE(_xlpm.authors,"&"))-LEN(SUBSTITUTE(_xlfn.TEXTBEFORE(_xlpm.authors,"&"),",","")),0), IF(NOT(_xlpm.hasAmp),"",IF(_xlpm.commasBeforeAmp>2,"etal",TRIM(_xlfn.TEXTBEFORE(_xlfn.TEXTAFTER(_xlpm.authors,"& "),",")))) ) -> etal | I82: =_xlfn.TEXTBEFORE(_xlfn.TEXTAFTER(A82, "("), ")") -> 2009 | J82: =_xlfn.LET( _xlpm.doi,IF(C82<>"",C82,_xlfn.TEXTAFTER(A82,"https://doi.org/")), SUBSTITUTE( SUBSTITUTE( SUBSTITUTE( SUBSTITUTE( _xlpm.doi, "/","%2F"), ":","%3A"), "<","%3C"), ">","%3E") ) -> 10.1093%2Fcercor%2Fbhp158 | K82: =TRIM(_xlfn.TEXTJOIN("_",FALSE(),F82,(SUBSTITUTE(SUBSTITUTE(D82," ",""), "_", "")))) -> deSousa_etal_2009_Table1 | L82: =J82 & "_" & SUBSTITUTE(SUBSTITUTE(SUBSTITUTE(D82,CHAR(160),"")," ",""),"_","") -> 10.1093%2Fcercor%2Fbhp158_Table1 | M82: {=IFERROR(INDEX(AUTO_Public_TSV_FileList!$A$1:$A$1000,MATCH(TRUE(),EXACT(L82,IFERROR(_xlfn.TEXTBEFORE(AUTO_Public_TSV_FileList!$A$1:$A$1000,".tsv"),"")),0)),"notfound")} -> 10.1093%2Fcercor%2Fbhp158_Table1.tsv | N82: Table 1 Samples used in analyses of V1, V2, and VP | O82: SECONDARY item: the sample-description table of a cytoarchitectural (GLI) study. Built for provenance; not merged. | P82: FINISHED | R82: deSousa_etal_2009_Table1_snapshot.xlsx | S82: Y | T82: pdf | U82: table | W82: https://doi.org/10.1093/cercor/bhp158 | X82: Stephan, Zilles | Y82: Zilles (C&O Vogt Institute), Stephan | AA82: Data role = SECONDARY. Every macroanatomical column is re-used data: left V1 / left LGN / neocortex / brain mass = deSousa_etal_2010_Table1 (the same 9 specimens; audited 31 match, 1 mismatch, 4 one-sided within print precision); optic nerve cross-sectional area + eye half surface area = Stephan & Frahm 1981 species means (footnote f); human neocortex = MacLeod unpublished combined-sex mean n = 8 (footnote b); ptd brain+body mass = Herndon et al. 1999 (footnote d); Homo body mass = Zilles 1972 (a); Pan paniscus body mass = Jungers & Susman 1984 (c); EQ = derived (Martin 1981 / Ruff et al. 1997). The paper's own primary measurements (GLI values, relative laminar widths) are published only in Figures 5-7 and are not tabulated, and Tables 2-4 are derived statistics, so nothing here is ingested into a merge. Why the item is still worth having: it prints left V1 and left LGN in whole mm3 where 2010 Table 1 prints 1-d.p. cm3, and it confirms Macaca fascicularis ma22 left LGN = 46 mm3, which 2010 printed as 0 and the project had reconstructed as 0.046 cm3 from Supp. Table 2. All nine specimens resolve to the collection catalog (CAT-070, 080, 082, 095, 111, 131, 133, 134, 150) with printed sex and age matching. See deSousa_etal_2009_Table1.ReadMe.md. | AB82: value-provenance: neocortex for ppz (Zahlia) printed as 279 cm3 is the value deSousa_etal_2010_Table1 gives for a DIFFERENT bonobo (YN86-137); Zahlia's own neocortex is 214.4 cm3. Kept as printed in the snapshot and the data, flagged, and not merged (plausible value belonging to a real sibling specimen, so it is not corrected by guesswork). || laterality: left V1 + left LGN are LEFT hemisphere printed UNDOUBLED - registered in __merging_volumes/laterality_known.csv as doubling = none, required_suffix = _left. || rounding vs deSousa_etal_2010_Table1: brain mass 58 g vs 57.6 g (mf2) and 360 g vs 359.5 g (ptb); neocortex 254 vs 254.3, 269 vs 268.5, 263 vs 262.8, 198 vs 198.3 cm3 - print rounding, not disagreement. || derived-not-transcribed: Tables 2-4 (RMA regressions, Euclidean distances, PCA loadings) deliberately not built. | AE82: histological sections | AF82: volumetry (re-used); cytoarchitecture / GLI is the paper's own method but is figure-only | AG82: sample description table: specimen metadata + re-used size variables | AH82: specimen sex + age; body mass; brain mass; neocortex, left V1 (area striata) and left LGN volumes; optic nerve cross-sectional area; eye half surface area | AI82: Primates (catarrhines) | AJ82: secondary | AK82: secondary | AL82: volume, mass, area
A83: de Sousa, A. A., Todorov, O. S., & Proulx, M. J. (2022). A natural history of vertebrate vision loss: Insight from mammalian vision for human visual function. Neurosci Biobehav Rev, 134, 104550. https://doi.org/10.1016/j.neubiorev.2022.104550 | D83: acuityblind.csv | E83: =RIGHT(A83,1) -> 0 | F83: =G83 & IF(H83<>"", "_" & H83, "_") & IF(I83<>"", "_" & I83, "_") & IF(B83<>"", "_" & B83, "") -> deSousa_etal_2022 | G83: =SUBSTITUTE(SUBSTITUTE(_xlfn.TEXTBEFORE(A83,","), "-", ""), " ", "") -> deSousa | H83: =_xlfn.LET( _xlpm.authors,_xlfn.TEXTBEFORE(A83," ("&I83&")"), _xlpm.hasAmp,ISNUMBER(SEARCH("&",_xlpm.authors)), _xlpm.commasBeforeAmp,IF(_xlpm.hasAmp,LEN(_xlfn.TEXTBEFORE(_xlpm.authors,"&"))-LEN(SUBSTITUTE(_xlfn.TEXTBEFORE(_xlpm.authors,"&"),",","")),0), IF(NOT(_xlpm.hasAmp),"",IF(_xlpm.commasBeforeAmp>2,"etal",TRIM(_xlfn.TEXTBEFORE(_xlfn.TEXTAFTER(_xlpm.authors,"& "),",")))) ) -> etal | I83: =_xlfn.TEXTBEFORE(_xlfn.TEXTAFTER(A83, "("), ")") -> 2022 | J83: =_xlfn.LET( _xlpm.doi,IF(C83<>"",C83,_xlfn.TEXTAFTER(A83,"https://doi.org/")), SUBSTITUTE( SUBSTITUTE( SUBSTITUTE( SUBSTITUTE( _xlpm.doi, "/","%2F"), ":","%3A"), "<","%3C"), ">","%3E") ) -> 10.1016%2Fj.neubiorev.2022.104550 | K83: =TRIM(_xlfn.TEXTJOIN("_",FALSE(),F83,(SUBSTITUTE(SUBSTITUTE(D83," ",""), "_", "")))) -> deSousa_etal_2022_acuityblind.csv | L83: =J83 & "_" & SUBSTITUTE(SUBSTITUTE(SUBSTITUTE(D83,CHAR(160),"")," ",""),"_","") -> 10.1016%2Fj.neubiorev.2022.104550_acuityblind.csv | M83: {=IFERROR(INDEX(AUTO_Public_TSV_FileList!$A$1:$A$1000,MATCH(TRUE(),EXACT(L83,IFERROR(_xlfn.TEXTBEFORE(AUTO_Public_TSV_FileList!$A$1:$A$1000,".tsv"),"")),0)),"notfound")} -> notfound | N83: acuityblind.csv
A84: Deaner, R. O., van Schaik, C. P., & Johnson, V. E. (2006). Do some taxa have better domain-general cognition than others? A meta-analysis. Evol Psychol, 4, 149–196. https://doi.org/10.1177/147470490600400114 | D84: Table 1 | E84: =RIGHT(A84,1) -> 4 | F84: =G84 & IF(H84<>"", "_" & H84, "_") & IF(I84<>"", "_" & I84, "_") & IF(B84<>"", "_" & B84, "") -> Deaner_etal_2006 | G84: =SUBSTITUTE(SUBSTITUTE(_xlfn.TEXTBEFORE(A84,","), "-", ""), " ", "") -> Deaner | H84: =_xlfn.LET( _xlpm.authors,_xlfn.TEXTBEFORE(A84," ("&I84&")"), _xlpm.hasAmp,ISNUMBER(SEARCH("&",_xlpm.authors)), _xlpm.commasBeforeAmp,IF(_xlpm.hasAmp,LEN(_xlfn.TEXTBEFORE(_xlpm.authors,"&"))-LEN(SUBSTITUTE(_xlfn.TEXTBEFORE(_xlpm.authors,"&"),",","")),0), IF(NOT(_xlpm.hasAmp),"",IF(_xlpm.commasBeforeAmp>2,"etal",TRIM(_xlfn.TEXTBEFORE(_xlfn.TEXTAFTER(_xlpm.authors,"& "),",")))) ) -> etal | I84: =_xlfn.TEXTBEFORE(_xlfn.TEXTAFTER(A84, "("), ")") -> 2006 | J84: =_xlfn.LET( _xlpm.doi,IF(C84<>"",C84,_xlfn.TEXTAFTER(A84,"https://doi.org/")), SUBSTITUTE( SUBSTITUTE( SUBSTITUTE( SUBSTITUTE( _xlpm.doi, "/","%2F"), ":","%3A"), "<","%3C"), ">","%3E") ) -> 10.1177%2F147470490600400114 | K84: =TRIM(_xlfn.TEXTJOIN("_",FALSE(),F84,(SUBSTITUTE(SUBSTITUTE(D84," ",""), "_", "")))) -> Deaner_etal_2006_Table1 | L84: =J84 & "_" & SUBSTITUTE(SUBSTITUTE(SUBSTITUTE(D84,CHAR(160),"")," ",""),"_","") -> 10.1177%2F147470490600400114_Table1 | M84: {=IFERROR(INDEX(AUTO_Public_TSV_FileList!$A$1:$A$1000,MATCH(TRUE(),EXACT(L84,IFERROR(_xlfn.TEXTBEFORE(AUTO_Public_TSV_FileList!$A$1:$A$1000,".tsv"),"")),0)),"notfound")} -> notfound | N84: Full genus-by-procedure ranking dataset across nine cognitive paradigms; lower rank indicates better performance. | O84: Core comparative cognition table; largely overlaps Johnson et al. (2002) Table 1 but includes detailed procedural interpretation. | T84: published article | U84: PDF table | V84: deaner_etal_2006.pdf | X84: comparative intelligence | Y84: intelligence and cognition | Z84: Domain-general cognition; task rank | AA84: Core comparative cognition table; largely overlaps Johnson et al. (2002) Table 1 but includes detailed procedural interpretation. | AB84: Source table and interpretation checked against attached PDF | AC84: Verify taxon names and whether values are raw, derived, or model summaries before merge | AE84: genus/taxonomic group/task/model | AF84: See article table and methods | AG84: comparative cognition | AH84: Domain-general cognition; task rank | AI84: Primates | AJ84: published literature | AK84: primary | AL84: rank | AM84: The full genus-by-procedure cognitive ranking dataset: the same 30 procedures and nine paradigms represented in Johnson et al. (2002), with extensive methodological interpretation in the surrounding text. | AN84: Yes—high priority, canonical version. Ingest this rather than averaging it with Johnson Table 1; use Johnson as provenance/cross-check.
A85: DeCasien, A. R., & Higham, J. P. (2019). Primate mosaic brain evolution reflects selection on sensory and cognitive specialization. Nat Ecol Evol, 3(10), 1483-1493. https://doi.org/10.1038/s41559-019-0969-0 | D85: Supplementary Data 1-Activity Period | E85: =RIGHT(A85,1) -> 0 | F85: =G85 & IF(H85<>"", "_" & H85, "_") & IF(I85<>"", "_" & I85, "_") & IF(B85<>"", "_" & B85, "") -> DeCasien_Higham_2019 | G85: =SUBSTITUTE(SUBSTITUTE(_xlfn.TEXTBEFORE(A85,","), "-", ""), " ", "") -> DeCasien | H85: =_xlfn.LET( _xlpm.authors,_xlfn.TEXTBEFORE(A85," ("&I85&")"), _xlpm.hasAmp,ISNUMBER(SEARCH("&",_xlpm.authors)), _xlpm.commasBeforeAmp,IF(_xlpm.hasAmp,LEN(_xlfn.TEXTBEFORE(_xlpm.authors,"&"))-LEN(SUBSTITUTE(_xlfn.TEXTBEFORE(_xlpm.authors,"&"),",","")),0), IF(NOT(_xlpm.hasAmp),"",IF(_xlpm.commasBeforeAmp>2,"etal",TRIM(_xlfn.TEXTBEFORE(_xlfn.TEXTAFTER(_xlpm.authors,"& "),",")))) ) -> Higham | I85: =_xlfn.TEXTBEFORE(_xlfn.TEXTAFTER(A85, "("), ")") -> 2019 | J85: =_xlfn.LET( _xlpm.doi,IF(C85<>"",C85,_xlfn.TEXTAFTER(A85,"https://doi.org/")), SUBSTITUTE( SUBSTITUTE( SUBSTITUTE( SUBSTITUTE( _xlpm.doi, "/","%2F"), ":","%3A"), "<","%3C"), ">","%3E") ) -> 10.1038%2Fs41559-019-0969-0 | K85: =TRIM(_xlfn.TEXTJOIN("_",FALSE(),F85,(SUBSTITUTE(SUBSTITUTE(D85," ",""), "_", "")))) -> DeCasien_Higham_2019_SupplementaryData1-ActivityPeriod | L85: =J85 & "_" & SUBSTITUTE(SUBSTITUTE(SUBSTITUTE(D85,CHAR(160),"")," ",""),"_","") -> 10.1038%2Fs41559-019-0969-0_SupplementaryData1-ActivityPeriod | M85: {=IFERROR(INDEX(AUTO_Public_TSV_FileList!$A$1:$A$1000,MATCH(TRUE(),EXACT(L85,IFERROR(_xlfn.TEXTBEFORE(AUTO_Public_TSV_FileList!$A$1:$A$1000,".tsv"),"")),0)),"notfound")} -> notfound | N85: Supplementary Data 1 Brain Region Data (mm3) | T85: xlsx | U85: table Sheet 1 | V85: YES - download link | W85: https://www.nature.com/articles/s41559-019-0969-0#Sec13 | AE85: histological sections | AG85: primates | AH85: Activity Period | AI85: Primates | AJ85: secondary | AK85: secondary | AL85: ecology (activity period)
