Workbook

Sheet publishedTableS5
A1: Table S5. Numbers of neurons in the whole brain and the major brain divisions
A2: Species | B2: Whole brain, | C2: Olfactory bulbs, × 106 | D2: Cortex, | E2: Subcortical forebrain, × 106 | F2: Cerebellum, | G2: Brain stem,
B3: × 106 | D3: × 106 | F3: × 106 | G3: × 106
A4: Heterocephalus glaber | B4: 33.62 ± 3.66 | C4: 3.01 ± 0.33 | D4: 5.31 ± 0.31 | E4: 2.86 ± 0.50 | F4: 20.52 ± 3.01 | G4: 1.91 ± 0.28
A5: Cryptomys hottentotus | B5: 96.24 ± 9.65 | C5: 7.99 ± 0.46 | D5: 11.73 ± 0.22 | E5: 4.55 ± 0.69 | F5: 68.81 ± 9.02 | G5: 3.17 ± 0.36
A6: Fukomys darlingi | B6: 113.35 ± 3.79 | C6: 7.60 ± 1.25 | D6: 12.49 ± 0.53 | E6: 5.19 ± 0.81 | F6: 84.91± 3.95 | G6: 3.14 ± 0.15
A7: Cryptomys natalensis | B7: 149.98 ± 8.50 | C7: 11.85 ± 0.29 | D7: 17.46 ± 1.39 | E7: 6.82 ± 0.81 | F7: 109.75 ± 8.75 | G7: 4.11 ± 0.14
A8: Fukomys anselli | B8: 102.82 ± 12.28 | C8: 8.88 ± 0.64 | D8: 9.73 ± 2.23 | E8: 4.86 ± 0.90 | F8: 75.44 ± 8.90 | G8: 3.90 ± 1.16
A9: Cryptomys pretoriae | B9: 169.16 ± 16.23 | C9: 12.07 ± 1.41 | D9: 20.56 ± 0.90 | E9: 9.92 ± 0.62 | F9: 120.58 ± 16.69 | G9: 6.03 ± 0.35
A10: Fukomys damarensis | B10: 178.3 ± 19.08 | C10: 12.55 ± 1.82 | D10: 21.27 ± 0.59 | E10: 9.58 ± 1.69 | F10: 129.96 ± 18.15 | G10: 4.94 ± 1.10
A11: Heliophobius argent. | B11: 147.94 ± 6.80 | C11: 10.30 ± 2.15 | D11: 25.44 ± 2.23 | E11: 11.92 ± 1.13 | F11: 94.82 ± 1.97 | G11: 5.46 ± 0.84
A12: Georychus capensis | B12: 169.67 ± 11.42 | C12: 12.46 ± 1.42 | D12: 25.60 ± 2.09 | E12: 9.06 ± 1.13 | F12: 116.74 ± 10.31 | G12: 5.81 ± 0.34
A13: Fukomys mechowii | B13: 174.24 ± 14.60 | C13: 14.11 ± 2.13 | D13: 23.32 ± 0.94 | E13: 9.42 ± 0.88 | F13: 122.64 ± 14.34 | G13: 4.75 ± 0.98
A14: Bathyergus suillus | B14: 361.29 ± 24.4 | C14: 23.81 ± 2.96 | D14: 43.48 ± 5.11 | E14: 16.42 ± 0.75 | F14: 268.89 ± 17.47 | G14: 8.67 ± 0.60
A15: Species ordered by increasing brain size. All values are given as mean ± SD.

Sheet reformattedTableS5
A1: Species | B1: Whole brain, × 106 | C1: Whole brain, × 106 SD | D1: Olfactory bulbs, × 106 | E1: Olfactory bulbs, × 106 SD | F1: Cortex, × 106 | G1: Cortex, × 106 SD | H1: Subcortical forebrain, × 106 | I1: Subcortical forebrain, × 106 SD | J1: Cerebellum, × 106 | K1: Cerebellum, × 106 SD | L1: Brain stem, × 106 | M1: Brain stem, × 106 SD
A2: Heterocephalus glaber | B2: 33.62 | C2: 3.66 | D2: 3.01 | E2: 0.33 | F2: 5.31 | G2: 0.31 | H2: 2.86 | I2: 0.5 | J2: 20.52 | K2: 3.01 | L2: 1.91 | M2: 0.28
A3: Cryptomys hottentotus | B3: 96.24 | C3: 9.65 | D3: 7.99 | E3: 0.46 | F3: 11.73 | G3: 0.22 | H3: 4.55 | I3: 0.69 | J3: 68.81 | K3: 9.02 | L3: 3.17 | M3: 0.36
A4: Fukomys darlingi | B4: 113.35 | C4: 3.79 | D4: 7.6 | E4: 1.25 | F4: 12.49 | G4: 0.53 | H4: 5.19 | I4: 0.81 | J4: 84.91 | K4: 3.95 | L4: 3.14 | M4: 0.15
A5: Cryptomys natalensis | B5: 149.98 | C5: 8.5 | D5: 11.85 | E5: 0.29 | F5: 17.46 | G5: 1.39 | H5: 6.82 | I5: 0.81 | J5: 109.75 | K5: 8.75 | L5: 4.11 | M5: 0.14
A6: Fukomys anselli | B6: 102.82 | C6: 12.28 | D6: 8.88 | E6: 0.64 | F6: 9.73 | G6: 2.23 | H6: 4.86 | I6: 0.9 | J6: 75.44 | K6: 8.9 | L6: 3.9 | M6: 1.16
A7: Cryptomys pretoriae | B7: 169.16 | C7: 16.23 | D7: 12.07 | E7: 1.41 | F7: 20.56 | G7: 0.9 | H7: 9.92 | I7: 0.62 | J7: 120.58 | K7: 16.69 | L7: 6.03 | M7: 0.35
A8: Fukomys damarensis | B8: 178.3 | C8: 19.08 | D8: 12.55 | E8: 1.82 | F8: 21.27 | G8: 0.59 | H8: 9.58 | I8: 1.69 | J8: 129.96 | K8: 18.15 | L8: 4.94 | M8: 1.1
A9: Heliophobius argent. | B9: 147.94 | C9: 6.8 | D9: 10.3 | E9: 2.15 | F9: 25.44 | G9: 2.23 | H9: 11.92 | I9: 1.13 | J9: 94.82 | K9: 1.97 | L9: 5.46 | M9: 0.84
A10: Georychus capensis | B10: 169.67 | C10: 11.42 | D10: 12.46 | E10: 1.42 | F10: 25.6 | G10: 2.09 | H10: 9.06 | I10: 1.13 | J10: 116.74 | K10: 10.31 | L10: 5.81 | M10: 0.34
A11: Fukomys mechowii | B11: 174.24 | C11: 14.6 | D11: 14.11 | E11: 2.13 | F11: 23.32 | G11: 0.94 | H11: 9.42 | I11: 0.88 | J11: 122.64 | K11: 14.34 | L11: 4.75 | M11: 0.98
A12: Bathyergus suillus | B12: 361.29 | C12: 24.4 | D12: 23.81 | E12: 2.96 | F12: 43.48 | G12: 5.11 | H12: 16.42 | I12: 0.75 | J12: 268.89 | K12: 17.47 | L12: 8.67 | M12: 0.6

Sheet TableS5
A1: Species | B1: Kverkova2018_Order | C1: Kverkova2018_Species | D1: whole_brain_Neurons | E1: whole_brain_Neurons_SD_ | F1: Olfactory_bulb_N,_n | G1: Olfactory_bulb_N,_n_SD_ | H1: Cerebral_Cortex_N,_n | I1: Cerebral_Cortex_N,_n_SD_ | J1: Subcortical forebrain | K1: Subcortical forebrain SD | L1: Cerebellum_N,_n | M1: Cerebellum_N,_n_SD_ | N1: Brain stem | O1: Brain stem SD
A2: Species | B2: Order | C2: =reformattedTableS5!A1 -> Species | D2: Whole brain | E2: Whole brain SD | F2: Olfactory bulbs | G2: Olfactory bulbs SD | H2: Cortex | I2: Cortex SD | J2: Subcortical forebrain | K2: Subcortical forebrain SD | L2: Cerebellum | M2: Cerebellum SD | N2: Brain stem | O2: Brain stem SD
A3: Heterocephalus glaber | B3: Rodentia | C3: =reformattedTableS5!A2 -> Heterocephalus glaber | D3: =reformattedTableS5!B2*10^6 -> 33620000 | E3: =reformattedTableS5!C2*10^6 -> 3660000 | F3: =reformattedTableS5!D2*10^6 -> 3010000 | G3: =reformattedTableS5!E2*10^6 -> 330000 | H3: =reformattedTableS5!F2*10^6 -> 5310000 | I3: =reformattedTableS5!G2*10^6 -> 310000 | J3: =reformattedTableS5!H2*10^6 -> 2860000 | K3: =reformattedTableS5!I2*10^6 -> 500000 | ... O3: =reformattedTableS5!M2*10^6 -> 280000
A4: Cryptomys hottentotus | B4: Rodentia | C4: =reformattedTableS5!A3 -> Cryptomys hottentotus | D4: =reformattedTableS5!B3*10^6 -> 96240000 | E4: =reformattedTableS5!C3*10^6 -> 9650000 | F4: =reformattedTableS5!D3*10^6 -> 7990000 | G4: =reformattedTableS5!E3*10^6 -> 460000 | H4: =reformattedTableS5!F3*10^6 -> 11730000 | I4: =reformattedTableS5!G3*10^6 -> 220000 | J4: =reformattedTableS5!H3*10^6 -> 4550000 | K4: =reformattedTableS5!I3*10^6 -> 690000 | ... O4: =reformattedTableS5!M3*10^6 -> 360000
A5: Fukomys darlingi | B5: Rodentia | C5: =reformattedTableS5!A4 -> Fukomys darlingi | D5: =reformattedTableS5!B4*10^6 -> 113350000 | E5: =reformattedTableS5!C4*10^6 -> 3790000 | F5: =reformattedTableS5!D4*10^6 -> 7600000 | G5: =reformattedTableS5!E4*10^6 -> 1250000 | H5: =reformattedTableS5!F4*10^6 -> 12490000 | I5: =reformattedTableS5!G4*10^6 -> 530000 | J5: =reformattedTableS5!H4*10^6 -> 5190000 | K5: =reformattedTableS5!I4*10^6 -> 810000 | ... O5: =reformattedTableS5!M4*10^6 -> 150000
A6: Cryptomys natalensis | B6: Rodentia | C6: =reformattedTableS5!A5 -> Cryptomys natalensis | D6: =reformattedTableS5!B5*10^6 -> 149980000 | E6: =reformattedTableS5!C5*10^6 -> 8500000 | F6: =reformattedTableS5!D5*10^6 -> 11850000 | G6: =reformattedTableS5!E5*10^6 -> 290000 | H6: =reformattedTableS5!F5*10^6 -> 17460000 | I6: =reformattedTableS5!G5*10^6 -> 1390000 | J6: =reformattedTableS5!H5*10^6 -> 6820000 | K6: =reformattedTableS5!I5*10^6 -> 810000 | ... O6: =reformattedTableS5!M5*10^6 -> 140000
A7: Fukomys anselli | B7: Rodentia | C7: =reformattedTableS5!A6 -> Fukomys anselli | D7: =reformattedTableS5!B6*10^6 -> 102820000 | E7: =reformattedTableS5!C6*10^6 -> 12280000 | F7: =reformattedTableS5!D6*10^6 -> 8880000 | G7: =reformattedTableS5!E6*10^6 -> 640000 | H7: =reformattedTableS5!F6*10^6 -> 9730000 | I7: =reformattedTableS5!G6*10^6 -> 2230000 | J7: =reformattedTableS5!H6*10^6 -> 4860000 | K7: =reformattedTableS5!I6*10^6 -> 900000 | ... O7: =reformattedTableS5!M6*10^6 -> 1160000
A8: Cryptomys pretoriae | B8: Rodentia | C8: =reformattedTableS5!A7 -> Cryptomys pretoriae | D8: =reformattedTableS5!B7*10^6 -> 169160000 | E8: =reformattedTableS5!C7*10^6 -> 16230000 | F8: =reformattedTableS5!D7*10^6 -> 12070000 | G8: =reformattedTableS5!E7*10^6 -> 1410000 | H8: =reformattedTableS5!F7*10^6 -> 20560000 | I8: =reformattedTableS5!G7*10^6 -> 900000 | J8: =reformattedTableS5!H7*10^6 -> 9920000 | K8: =reformattedTableS5!I7*10^6 -> 620000 | ... O8: =reformattedTableS5!M7*10^6 -> 350000
A9: Fukomys damarensis | B9: Rodentia | C9: =reformattedTableS5!A8 -> Fukomys damarensis | D9: =reformattedTableS5!B8*10^6 -> 178300000 | E9: =reformattedTableS5!C8*10^6 -> 19080000 | F9: =reformattedTableS5!D8*10^6 -> 12550000 | G9: =reformattedTableS5!E8*10^6 -> 1820000 | H9: =reformattedTableS5!F8*10^6 -> 21270000 | I9: =reformattedTableS5!G8*10^6 -> 590000 | J9: =reformattedTableS5!H8*10^6 -> 9580000 | K9: =reformattedTableS5!I8*10^6 -> 1690000 | ... O9: =reformattedTableS5!M8*10^6 -> 1100000
A10: Heliophobius argenteocinereus | B10: Rodentia | C10: =reformattedTableS5!A9 -> Heliophobius argent. | D10: =reformattedTableS5!B9*10^6 -> 147940000 | E10: =reformattedTableS5!C9*10^6 -> 6800000 | F10: =reformattedTableS5!D9*10^6 -> 10300000 | G10: =reformattedTableS5!E9*10^6 -> 2150000 | H10: =reformattedTableS5!F9*10^6 -> 25440000 | I10: =reformattedTableS5!G9*10^6 -> 2230000 | J10: =reformattedTableS5!H9*10^6 -> 11920000 | K10: =reformattedTableS5!I9*10^6 -> 1130000 | ... O10: =reformattedTableS5!M9*10^6 -> 840000
A11: Georychus capensis | B11: Rodentia | C11: =reformattedTableS5!A10 -> Georychus capensis | D11: =reformattedTableS5!B10*10^6 -> 169670000 | E11: =reformattedTableS5!C10*10^6 -> 11420000 | F11: =reformattedTableS5!D10*10^6 -> 12460000 | G11: =reformattedTableS5!E10*10^6 -> 1420000 | H11: =reformattedTableS5!F10*10^6 -> 25600000 | I11: =reformattedTableS5!G10*10^6 -> 2090000 | J11: =reformattedTableS5!H10*10^6 -> 9060000 | K11: =reformattedTableS5!I10*10^6 -> 1130000 | ... O11: =reformattedTableS5!M10*10^6 -> 340000
A12: Fukomys mechowii | B12: Rodentia | C12: =reformattedTableS5!A11 -> Fukomys mechowii | D12: =reformattedTableS5!B11*10^6 -> 174240000 | E12: =reformattedTableS5!C11*10^6 -> 14600000 | F12: =reformattedTableS5!D11*10^6 -> 14110000 | G12: =reformattedTableS5!E11*10^6 -> 2130000 | H12: =reformattedTableS5!F11*10^6 -> 23320000 | I12: =reformattedTableS5!G11*10^6 -> 940000 | J12: =reformattedTableS5!H11*10^6 -> 9420000 | K12: =reformattedTableS5!I11*10^6 -> 880000 | ... O12: =reformattedTableS5!M11*10^6 -> 980000
A13: Bathyergus suillus | B13: Rodentia | C13: =reformattedTableS5!A12 -> Bathyergus suillus | D13: =reformattedTableS5!B12*10^6 -> 361290000 | E13: =reformattedTableS5!C12*10^6 -> 24400000 | F13: =reformattedTableS5!D12*10^6 -> 23810000 | G13: =reformattedTableS5!E12*10^6 -> 2960000 | H13: =reformattedTableS5!F12*10^6 -> 43480000 | I13: =reformattedTableS5!G12*10^6 -> 5110000 | J13: =reformattedTableS5!H12*10^6 -> 16420000 | K13: =reformattedTableS5!I12*10^6 -> 750000 | ... O13: =reformattedTableS5!M12*10^6 -> 600000
